category,domain,canonical_id,label,score,detector_hash
bottle,dark,bottle/broken_large/000,1,0.50390625,5368ac52541f26ba477615354f5e08c9d153fa7b3faf938e8ef4afffb2d8f0b6
bottle,dark,bottle/broken_large/001,1,0.5220888257026672,5368ac52541f26ba477615354f5e08c9d153fa7b3faf938e8ef4afffb2d8f0b6
bottle,dark,bottle/broken_large/002,1,0.5441073179244995,5368ac52541f26ba477615354f5e08c9d153fa7b3faf938e8ef4afffb2d8f0b6
bottle,dark,bottle/broken_large/003,1,0.6033912897109985,5368ac52541f26ba477615354f5e08c9d153fa7b3faf938e8ef4afffb2d8f0b6
bottle,dark,bottle/broken_large/004,1,0.46321335434913635,5368ac52541f26ba477615354f5e08c9d153fa7b3faf938e8ef4afffb2d8f0b6
bottle,dark,bottle/broken_large/005,1,0.5189691185951233,5368ac52541f26ba477615354f5e08c9d153fa7b3faf938e8ef4afffb2d8f0b6
bottle,dark,bottle/broken_large/006,1,0.5521332025527954,5368ac52541f26ba477615354f5e08c9d153fa7b3faf938e8ef4afffb2d8f0b6
bottle,dark,bottle/broken_large/007,1,0.5229092240333557,5368ac52541f26ba477615354f5e08c9d153fa7b3faf938e8ef4afffb2d8f0b6
bottle,dark,bottle/broken_large/008,1,0.5317206382751465,5368ac52541f26ba477615354f5e08c9d153fa7b3faf938e8ef4afffb2d8f0b6
bottle,dark,bottle/broken_large/009,1,0.5291360020637512,5368ac52541f26ba477615354f5e08c9d153fa7b3faf938e8ef4afffb2d8f0b6
bottle,dark,bottle/broken_large/010,1,0.5883674025535583,5368ac52541f26ba477615354f5e08c9d153fa7b3faf938e8ef4afffb2d8f0b6
bottle,dark,bottle/broken_large/011,1,0.5321196913719177,5368ac52541f26ba477615354f5e08c9d153fa7b3faf938e8ef4afffb2d8f0b6
bottle,dark,bottle/broken_large/012,1,0.5379379391670227,5368ac52541f26ba477615354f5e08c9d153fa7b3faf938e8ef4afffb2d8f0b6
bottle,dark,bottle/broken_large/013,1,0.544484555721283,5368ac52541f26ba477615354f5e08c9d153fa7b3faf938e8ef4afffb2d8f0b6
bottle,dark,bottle/broken_large/014,1,0.5414241552352905,5368ac52541f26ba477615354f5e08c9d153fa7b3faf938e8ef4afffb2d8f0b6
bottle,dark,bottle/broken_large/015,1,0.5230796933174133,5368ac52541f26ba477615354f5e08c9d153fa7b3faf938e8ef4afffb2d8f0b6
bottle,dark,bottle/broken_large/016,1,0.5662837624549866,5368ac52541f26ba477615354f5e08c9d153fa7b3faf938e8ef4afffb2d8f0b6
bottle,dark,bottle/broken_large/017,1,0.4831082224845886,5368ac52541f26ba477615354f5e08c9d153fa7b3faf938e8ef4afffb2d8f0b6
bottle,dark,bottle/broken_large/018,1,0.5950824618339539,5368ac52541f26ba477615354f5e08c9d153fa7b3faf938e8ef4afffb2d8f0b6
bottle,dark,bottle/broken_large/019,1,0.5292535424232483,5368ac52541f26ba477615354f5e08c9d153fa7b3faf938e8ef4afffb2d8f0b6
bottle,dark,bottle/broken_small/000,1,0.552064836025238,5368ac52541f26ba477615354f5e08c9d153fa7b3faf938e8ef4afffb2d8f0b6
bottle,dark,bottle/broken_small/001,1,0.4941278100013733,5368ac52541f26ba477615354f5e08c9d153fa7b3faf938e8ef4afffb2d8f0b6
bottle,dark,bottle/broken_small/002,1,0.4986036419868469,5368ac52541f26ba477615354f5e08c9d153fa7b3faf938e8ef4afffb2d8f0b6
bottle,dark,bottle/broken_small/003,1,0.4720447063446045,5368ac52541f26ba477615354f5e08c9d153fa7b3faf938e8ef4afffb2d8f0b6
bottle,dark,bottle/broken_small/004,1,0.5276291966438293,5368ac52541f26ba477615354f5e08c9d153fa7b3faf938e8ef4afffb2d8f0b6
bottle,dark,bottle/broken_small/005,1,0.5250244140625,5368ac52541f26ba477615354f5e08c9d153fa7b3faf938e8ef4afffb2d8f0b6
bottle,dark,bottle/broken_small/006,1,0.5383685231208801,5368ac52541f26ba477615354f5e08c9d153fa7b3faf938e8ef4afffb2d8f0b6
bottle,dark,bottle/broken_small/007,1,0.4245888292789459,5368ac52541f26ba477615354f5e08c9d153fa7b3faf938e8ef4afffb2d8f0b6
bottle,dark,bottle/broken_small/008,1,0.4477384388446808,5368ac52541f26ba477615354f5e08c9d153fa7b3faf938e8ef4afffb2d8f0b6
bottle,dark,bottle/broken_small/009,1,0.46437788009643555,5368ac52541f26ba477615354f5e08c9d153fa7b3faf938e8ef4afffb2d8f0b6
bottle,dark,bottle/broken_small/010,1,0.5573611259460449,5368ac52541f26ba477615354f5e08c9d153fa7b3faf938e8ef4afffb2d8f0b6
bottle,dark,bottle/broken_small/011,1,0.4582500457763672,5368ac52541f26ba477615354f5e08c9d153fa7b3faf938e8ef4afffb2d8f0b6
bottle,dark,bottle/broken_small/012,1,0.49681851267814636,5368ac52541f26ba477615354f5e08c9d153fa7b3faf938e8ef4afffb2d8f0b6
bottle,dark,bottle/broken_small/013,1,0.5911576747894287,5368ac52541f26ba477615354f5e08c9d153fa7b3faf938e8ef4afffb2d8f0b6
bottle,dark,bottle/broken_small/014,1,0.5179510116577148,5368ac52541f26ba477615354f5e08c9d153fa7b3faf938e8ef4afffb2d8f0b6
bottle,dark,bottle/broken_small/015,1,0.5352479815483093,5368ac52541f26ba477615354f5e08c9d153fa7b3faf938e8ef4afffb2d8f0b6
bottle,dark,bottle/broken_small/016,1,0.5082921385765076,5368ac52541f26ba477615354f5e08c9d153fa7b3faf938e8ef4afffb2d8f0b6
bottle,dark,bottle/broken_small/017,1,0.5487228035926819,5368ac52541f26ba477615354f5e08c9d153fa7b3faf938e8ef4afffb2d8f0b6
bottle,dark,bottle/broken_small/018,1,0.4809056520462036,5368ac52541f26ba477615354f5e08c9d153fa7b3faf938e8ef4afffb2d8f0b6
bottle,dark,bottle/broken_small/019,1,0.47550827264785767,5368ac52541f26ba477615354f5e08c9d153fa7b3faf938e8ef4afffb2d8f0b6
bottle,dark,bottle/broken_small/020,1,0.5729146003723145,5368ac52541f26ba477615354f5e08c9d153fa7b3faf938e8ef4afffb2d8f0b6
bottle,dark,bottle/broken_small/021,1,0.49983999133110046,5368ac52541f26ba477615354f5e08c9d153fa7b3faf938e8ef4afffb2d8f0b6
bottle,dark,bottle/contamination/000,1,0.5701162815093994,5368ac52541f26ba477615354f5e08c9d153fa7b3faf938e8ef4afffb2d8f0b6
bottle,dark,bottle/contamination/001,1,0.5214363932609558,5368ac52541f26ba477615354f5e08c9d153fa7b3faf938e8ef4afffb2d8f0b6
bottle,dark,bottle/contamination/002,1,0.487870991230011,5368ac52541f26ba477615354f5e08c9d153fa7b3faf938e8ef4afffb2d8f0b6
bottle,dark,bottle/contamination/003,1,0.5140013098716736,5368ac52541f26ba477615354f5e08c9d153fa7b3faf938e8ef4afffb2d8f0b6
bottle,dark,bottle/contamination/004,1,0.44372114539146423,5368ac52541f26ba477615354f5e08c9d153fa7b3faf938e8ef4afffb2d8f0b6
bottle,dark,bottle/contamination/005,1,0.48933374881744385,5368ac52541f26ba477615354f5e08c9d153fa7b3faf938e8ef4afffb2d8f0b6
bottle,dark,bottle/contamination/006,1,0.4715559184551239,5368ac52541f26ba477615354f5e08c9d153fa7b3faf938e8ef4afffb2d8f0b6
bottle,dark,bottle/contamination/007,1,0.4969933331012726,5368ac52541f26ba477615354f5e08c9d153fa7b3faf938e8ef4afffb2d8f0b6
bottle,dark,bottle/contamination/008,1,0.5871608257293701,5368ac52541f26ba477615354f5e08c9d153fa7b3faf938e8ef4afffb2d8f0b6
bottle,dark,bottle/contamination/009,1,0.5286203622817993,5368ac52541f26ba477615354f5e08c9d153fa7b3faf938e8ef4afffb2d8f0b6
bottle,dark,bottle/contamination/010,1,0.5237941145896912,5368ac52541f26ba477615354f5e08c9d153fa7b3faf938e8ef4afffb2d8f0b6
bottle,dark,bottle/contamination/011,1,0.4729905426502228,5368ac52541f26ba477615354f5e08c9d153fa7b3faf938e8ef4afffb2d8f0b6
bottle,dark,bottle/contamination/012,1,0.5426899790763855,5368ac52541f26ba477615354f5e08c9d153fa7b3faf938e8ef4afffb2d8f0b6
bottle,dark,bottle/contamination/013,1,0.5386384129524231,5368ac52541f26ba477615354f5e08c9d153fa7b3faf938e8ef4afffb2d8f0b6
bottle,dark,bottle/contamination/014,1,0.49507981538772583,5368ac52541f26ba477615354f5e08c9d153fa7b3faf938e8ef4afffb2d8f0b6
bottle,dark,bottle/contamination/015,1,0.49632152915000916,5368ac52541f26ba477615354f5e08c9d153fa7b3faf938e8ef4afffb2d8f0b6
bottle,dark,bottle/contamination/016,1,0.4988262951374054,5368ac52541f26ba477615354f5e08c9d153fa7b3faf938e8ef4afffb2d8f0b6
bottle,dark,bottle/contamination/017,1,0.4942231774330139,5368ac52541f26ba477615354f5e08c9d153fa7b3faf938e8ef4afffb2d8f0b6
bottle,dark,bottle/contamination/018,1,0.4955819845199585,5368ac52541f26ba477615354f5e08c9d153fa7b3faf938e8ef4afffb2d8f0b6
bottle,dark,bottle/contamination/019,1,0.4919281303882599,5368ac52541f26ba477615354f5e08c9d153fa7b3faf938e8ef4afffb2d8f0b6
bottle,dark,bottle/contamination/020,1,0.5754978656768799,5368ac52541f26ba477615354f5e08c9d153fa7b3faf938e8ef4afffb2d8f0b6
bottle,dark,bottle/good/000,0,0.5749223828315735,5368ac52541f26ba477615354f5e08c9d153fa7b3faf938e8ef4afffb2d8f0b6
bottle,dark,bottle/good/001,0,0.4989699423313141,5368ac52541f26ba477615354f5e08c9d153fa7b3faf938e8ef4afffb2d8f0b6
bottle,dark,bottle/good/002,0,0.4685198962688446,5368ac52541f26ba477615354f5e08c9d153fa7b3faf938e8ef4afffb2d8f0b6
bottle,dark,bottle/good/003,0,0.4876193106174469,5368ac52541f26ba477615354f5e08c9d153fa7b3faf938e8ef4afffb2d8f0b6
bottle,dark,bottle/good/004,0,0.5086031556129456,5368ac52541f26ba477615354f5e08c9d153fa7b3faf938e8ef4afffb2d8f0b6
bottle,dark,bottle/good/005,0,0.5106961727142334,5368ac52541f26ba477615354f5e08c9d153fa7b3faf938e8ef4afffb2d8f0b6
bottle,dark,bottle/good/006,0,0.5739076733589172,5368ac52541f26ba477615354f5e08c9d153fa7b3faf938e8ef4afffb2d8f0b6
bottle,dark,bottle/good/007,0,0.5376174449920654,5368ac52541f26ba477615354f5e08c9d153fa7b3faf938e8ef4afffb2d8f0b6
bottle,dark,bottle/good/008,0,0.5349400043487549,5368ac52541f26ba477615354f5e08c9d153fa7b3faf938e8ef4afffb2d8f0b6
bottle,dark,bottle/good/009,0,0.49710920453071594,5368ac52541f26ba477615354f5e08c9d153fa7b3faf938e8ef4afffb2d8f0b6
bottle,dark,bottle/good/010,0,0.5459357500076294,5368ac52541f26ba477615354f5e08c9d153fa7b3faf938e8ef4afffb2d8f0b6
bottle,dark,bottle/good/011,0,0.48986101150512695,5368ac52541f26ba477615354f5e08c9d153fa7b3faf938e8ef4afffb2d8f0b6
bottle,dark,bottle/good/012,0,0.5696146488189697,5368ac52541f26ba477615354f5e08c9d153fa7b3faf938e8ef4afffb2d8f0b6
bottle,dark,bottle/good/013,0,0.4643392860889435,5368ac52541f26ba477615354f5e08c9d153fa7b3faf938e8ef4afffb2d8f0b6
bottle,dark,bottle/good/014,0,0.4837871789932251,5368ac52541f26ba477615354f5e08c9d153fa7b3faf938e8ef4afffb2d8f0b6
bottle,dark,bottle/good/015,0,0.522494912147522,5368ac52541f26ba477615354f5e08c9d153fa7b3faf938e8ef4afffb2d8f0b6
bottle,dark,bottle/good/016,0,0.4525178074836731,5368ac52541f26ba477615354f5e08c9d153fa7b3faf938e8ef4afffb2d8f0b6
bottle,dark,bottle/good/017,0,0.5450503826141357,5368ac52541f26ba477615354f5e08c9d153fa7b3faf938e8ef4afffb2d8f0b6
bottle,dark,bottle/good/018,0,0.5332125425338745,5368ac52541f26ba477615354f5e08c9d153fa7b3faf938e8ef4afffb2d8f0b6
bottle,dark,bottle/good/019,0,0.46952056884765625,5368ac52541f26ba477615354f5e08c9d153fa7b3faf938e8ef4afffb2d8f0b6
bottle,mirnetv2,bottle/broken_large/000,1,0.40912705659866333,5368ac52541f26ba477615354f5e08c9d153fa7b3faf938e8ef4afffb2d8f0b6
bottle,mirnetv2,bottle/broken_large/001,1,0.4152282178401947,5368ac52541f26ba477615354f5e08c9d153fa7b3faf938e8ef4afffb2d8f0b6
bottle,mirnetv2,bottle/broken_large/002,1,0.43532615900039673,5368ac52541f26ba477615354f5e08c9d153fa7b3faf938e8ef4afffb2d8f0b6
bottle,mirnetv2,bottle/broken_large/003,1,0.5407639741897583,5368ac52541f26ba477615354f5e08c9d153fa7b3faf938e8ef4afffb2d8f0b6
bottle,mirnetv2,bottle/broken_large/004,1,0.394039124250412,5368ac52541f26ba477615354f5e08c9d153fa7b3faf938e8ef4afffb2d8f0b6
bottle,mirnetv2,bottle/broken_large/005,1,0.39467573165893555,5368ac52541f26ba477615354f5e08c9d153fa7b3faf938e8ef4afffb2d8f0b6
bottle,mirnetv2,bottle/broken_large/006,1,0.42309778928756714,5368ac52541f26ba477615354f5e08c9d153fa7b3faf938e8ef4afffb2d8f0b6
bottle,mirnetv2,bottle/broken_large/007,1,0.4177965223789215,5368ac52541f26ba477615354f5e08c9d153fa7b3faf938e8ef4afffb2d8f0b6
bottle,mirnetv2,bottle/broken_large/008,1,0.42547693848609924,5368ac52541f26ba477615354f5e08c9d153fa7b3faf938e8ef4afffb2d8f0b6
bottle,mirnetv2,bottle/broken_large/009,1,0.4156818389892578,5368ac52541f26ba477615354f5e08c9d153fa7b3faf938e8ef4afffb2d8f0b6
bottle,mirnetv2,bottle/broken_large/010,1,0.513081967830658,5368ac52541f26ba477615354f5e08c9d153fa7b3faf938e8ef4afffb2d8f0b6
bottle,mirnetv2,bottle/broken_large/011,1,0.41098541021347046,5368ac52541f26ba477615354f5e08c9d153fa7b3faf938e8ef4afffb2d8f0b6
bottle,mirnetv2,bottle/broken_large/012,1,0.39897623658180237,5368ac52541f26ba477615354f5e08c9d153fa7b3faf938e8ef4afffb2d8f0b6
bottle,mirnetv2,bottle/broken_large/013,1,0.4093676805496216,5368ac52541f26ba477615354f5e08c9d153fa7b3faf938e8ef4afffb2d8f0b6
bottle,mirnetv2,bottle/broken_large/014,1,0.3895525634288788,5368ac52541f26ba477615354f5e08c9d153fa7b3faf938e8ef4afffb2d8f0b6
bottle,mirnetv2,bottle/broken_large/015,1,0.38799330592155457,5368ac52541f26ba477615354f5e08c9d153fa7b3faf938e8ef4afffb2d8f0b6
bottle,mirnetv2,bottle/broken_large/016,1,0.4587300419807434,5368ac52541f26ba477615354f5e08c9d153fa7b3faf938e8ef4afffb2d8f0b6
bottle,mirnetv2,bottle/broken_large/017,1,0.4468647241592407,5368ac52541f26ba477615354f5e08c9d153fa7b3faf938e8ef4afffb2d8f0b6
bottle,mirnetv2,bottle/broken_large/018,1,0.4787832200527191,5368ac52541f26ba477615354f5e08c9d153fa7b3faf938e8ef4afffb2d8f0b6
bottle,mirnetv2,bottle/broken_large/019,1,0.36505573987960815,5368ac52541f26ba477615354f5e08c9d153fa7b3faf938e8ef4afffb2d8f0b6
bottle,mirnetv2,bottle/broken_small/000,1,0.4379640817642212,5368ac52541f26ba477615354f5e08c9d153fa7b3faf938e8ef4afffb2d8f0b6
bottle,mirnetv2,bottle/broken_small/001,1,0.36707672476768494,5368ac52541f26ba477615354f5e08c9d153fa7b3faf938e8ef4afffb2d8f0b6
bottle,mirnetv2,bottle/broken_small/002,1,0.3601890504360199,5368ac52541f26ba477615354f5e08c9d153fa7b3faf938e8ef4afffb2d8f0b6
bottle,mirnetv2,bottle/broken_small/003,1,0.38972997665405273,5368ac52541f26ba477615354f5e08c9d153fa7b3faf938e8ef4afffb2d8f0b6
bottle,mirnetv2,bottle/broken_small/004,1,0.40820929408073425,5368ac52541f26ba477615354f5e08c9d153fa7b3faf938e8ef4afffb2d8f0b6
bottle,mirnetv2,bottle/broken_small/005,1,0.39592307806015015,5368ac52541f26ba477615354f5e08c9d153fa7b3faf938e8ef4afffb2d8f0b6
bottle,mirnetv2,bottle/broken_small/006,1,0.5278518199920654,5368ac52541f26ba477615354f5e08c9d153fa7b3faf938e8ef4afffb2d8f0b6
bottle,mirnetv2,bottle/broken_small/007,1,0.35009077191352844,5368ac52541f26ba477615354f5e08c9d153fa7b3faf938e8ef4afffb2d8f0b6
bottle,mirnetv2,bottle/broken_small/008,1,0.3699585199356079,5368ac52541f26ba477615354f5e08c9d153fa7b3faf938e8ef4afffb2d8f0b6
bottle,mirnetv2,bottle/broken_small/009,1,0.3779863119125366,5368ac52541f26ba477615354f5e08c9d153fa7b3faf938e8ef4afffb2d8f0b6
bottle,mirnetv2,bottle/broken_small/010,1,0.4284992516040802,5368ac52541f26ba477615354f5e08c9d153fa7b3faf938e8ef4afffb2d8f0b6
bottle,mirnetv2,bottle/broken_small/011,1,0.3767642080783844,5368ac52541f26ba477615354f5e08c9d153fa7b3faf938e8ef4afffb2d8f0b6
bottle,mirnetv2,bottle/broken_small/012,1,0.5033687353134155,5368ac52541f26ba477615354f5e08c9d153fa7b3faf938e8ef4afffb2d8f0b6
bottle,mirnetv2,bottle/broken_small/013,1,0.501049816608429,5368ac52541f26ba477615354f5e08c9d153fa7b3faf938e8ef4afffb2d8f0b6
bottle,mirnetv2,bottle/broken_small/014,1,0.3978064954280853,5368ac52541f26ba477615354f5e08c9d153fa7b3faf938e8ef4afffb2d8f0b6
bottle,mirnetv2,bottle/broken_small/015,1,0.4019225537776947,5368ac52541f26ba477615354f5e08c9d153fa7b3faf938e8ef4afffb2d8f0b6
bottle,mirnetv2,bottle/broken_small/016,1,0.3736197054386139,5368ac52541f26ba477615354f5e08c9d153fa7b3faf938e8ef4afffb2d8f0b6
bottle,mirnetv2,bottle/broken_small/017,1,0.428335040807724,5368ac52541f26ba477615354f5e08c9d153fa7b3faf938e8ef4afffb2d8f0b6
bottle,mirnetv2,bottle/broken_small/018,1,0.4502555727958679,5368ac52541f26ba477615354f5e08c9d153fa7b3faf938e8ef4afffb2d8f0b6
bottle,mirnetv2,bottle/broken_small/019,1,0.42433199286460876,5368ac52541f26ba477615354f5e08c9d153fa7b3faf938e8ef4afffb2d8f0b6
bottle,mirnetv2,bottle/broken_small/020,1,0.44121253490448,5368ac52541f26ba477615354f5e08c9d153fa7b3faf938e8ef4afffb2d8f0b6
bottle,mirnetv2,bottle/broken_small/021,1,0.3652195334434509,5368ac52541f26ba477615354f5e08c9d153fa7b3faf938e8ef4afffb2d8f0b6
bottle,mirnetv2,bottle/contamination/000,1,0.47667181491851807,5368ac52541f26ba477615354f5e08c9d153fa7b3faf938e8ef4afffb2d8f0b6
bottle,mirnetv2,bottle/contamination/001,1,0.38206982612609863,5368ac52541f26ba477615354f5e08c9d153fa7b3faf938e8ef4afffb2d8f0b6
bottle,mirnetv2,bottle/contamination/002,1,0.44317740201950073,5368ac52541f26ba477615354f5e08c9d153fa7b3faf938e8ef4afffb2d8f0b6
bottle,mirnetv2,bottle/contamination/003,1,0.41074657440185547,5368ac52541f26ba477615354f5e08c9d153fa7b3faf938e8ef4afffb2d8f0b6
bottle,mirnetv2,bottle/contamination/004,1,0.393800288438797,5368ac52541f26ba477615354f5e08c9d153fa7b3faf938e8ef4afffb2d8f0b6
bottle,mirnetv2,bottle/contamination/005,1,0.35613444447517395,5368ac52541f26ba477615354f5e08c9d153fa7b3faf938e8ef4afffb2d8f0b6
bottle,mirnetv2,bottle/contamination/006,1,0.34879210591316223,5368ac52541f26ba477615354f5e08c9d153fa7b3faf938e8ef4afffb2d8f0b6
bottle,mirnetv2,bottle/contamination/007,1,0.3153984844684601,5368ac52541f26ba477615354f5e08c9d153fa7b3faf938e8ef4afffb2d8f0b6
bottle,mirnetv2,bottle/contamination/008,1,0.42480048537254333,5368ac52541f26ba477615354f5e08c9d153fa7b3faf938e8ef4afffb2d8f0b6
bottle,mirnetv2,bottle/contamination/009,1,0.39241692423820496,5368ac52541f26ba477615354f5e08c9d153fa7b3faf938e8ef4afffb2d8f0b6
bottle,mirnetv2,bottle/contamination/010,1,0.38546815514564514,5368ac52541f26ba477615354f5e08c9d153fa7b3faf938e8ef4afffb2d8f0b6
bottle,mirnetv2,bottle/contamination/011,1,0.4507354199886322,5368ac52541f26ba477615354f5e08c9d153fa7b3faf938e8ef4afffb2d8f0b6
bottle,mirnetv2,bottle/contamination/012,1,0.4211714565753937,5368ac52541f26ba477615354f5e08c9d153fa7b3faf938e8ef4afffb2d8f0b6
bottle,mirnetv2,bottle/contamination/013,1,0.41805973649024963,5368ac52541f26ba477615354f5e08c9d153fa7b3faf938e8ef4afffb2d8f0b6
bottle,mirnetv2,bottle/contamination/014,1,0.3690012991428375,5368ac52541f26ba477615354f5e08c9d153fa7b3faf938e8ef4afffb2d8f0b6
bottle,mirnetv2,bottle/contamination/015,1,0.4193595051765442,5368ac52541f26ba477615354f5e08c9d153fa7b3faf938e8ef4afffb2d8f0b6
bottle,mirnetv2,bottle/contamination/016,1,0.4200158715248108,5368ac52541f26ba477615354f5e08c9d153fa7b3faf938e8ef4afffb2d8f0b6
bottle,mirnetv2,bottle/contamination/017,1,0.4458421468734741,5368ac52541f26ba477615354f5e08c9d153fa7b3faf938e8ef4afffb2d8f0b6
bottle,mirnetv2,bottle/contamination/018,1,0.41858264803886414,5368ac52541f26ba477615354f5e08c9d153fa7b3faf938e8ef4afffb2d8f0b6
bottle,mirnetv2,bottle/contamination/019,1,0.3562237322330475,5368ac52541f26ba477615354f5e08c9d153fa7b3faf938e8ef4afffb2d8f0b6
bottle,mirnetv2,bottle/contamination/020,1,0.3760712742805481,5368ac52541f26ba477615354f5e08c9d153fa7b3faf938e8ef4afffb2d8f0b6
bottle,mirnetv2,bottle/good/000,0,0.46844354271888733,5368ac52541f26ba477615354f5e08c9d153fa7b3faf938e8ef4afffb2d8f0b6
bottle,mirnetv2,bottle/good/001,0,0.35788121819496155,5368ac52541f26ba477615354f5e08c9d153fa7b3faf938e8ef4afffb2d8f0b6
bottle,mirnetv2,bottle/good/002,0,0.37965819239616394,5368ac52541f26ba477615354f5e08c9d153fa7b3faf938e8ef4afffb2d8f0b6
bottle,mirnetv2,bottle/good/003,0,0.37879955768585205,5368ac52541f26ba477615354f5e08c9d153fa7b3faf938e8ef4afffb2d8f0b6
bottle,mirnetv2,bottle/good/004,0,0.36028221249580383,5368ac52541f26ba477615354f5e08c9d153fa7b3faf938e8ef4afffb2d8f0b6
bottle,mirnetv2,bottle/good/005,0,0.4049007296562195,5368ac52541f26ba477615354f5e08c9d153fa7b3faf938e8ef4afffb2d8f0b6
bottle,mirnetv2,bottle/good/006,0,0.4433680772781372,5368ac52541f26ba477615354f5e08c9d153fa7b3faf938e8ef4afffb2d8f0b6
bottle,mirnetv2,bottle/good/007,0,0.372233510017395,5368ac52541f26ba477615354f5e08c9d153fa7b3faf938e8ef4afffb2d8f0b6
bottle,mirnetv2,bottle/good/008,0,0.35758471488952637,5368ac52541f26ba477615354f5e08c9d153fa7b3faf938e8ef4afffb2d8f0b6
bottle,mirnetv2,bottle/good/009,0,0.37787118554115295,5368ac52541f26ba477615354f5e08c9d153fa7b3faf938e8ef4afffb2d8f0b6
bottle,mirnetv2,bottle/good/010,0,0.4033448100090027,5368ac52541f26ba477615354f5e08c9d153fa7b3faf938e8ef4afffb2d8f0b6
bottle,mirnetv2,bottle/good/011,0,0.35771235823631287,5368ac52541f26ba477615354f5e08c9d153fa7b3faf938e8ef4afffb2d8f0b6
bottle,mirnetv2,bottle/good/012,0,0.41884326934814453,5368ac52541f26ba477615354f5e08c9d153fa7b3faf938e8ef4afffb2d8f0b6
bottle,mirnetv2,bottle/good/013,0,0.40120571851730347,5368ac52541f26ba477615354f5e08c9d153fa7b3faf938e8ef4afffb2d8f0b6
bottle,mirnetv2,bottle/good/014,0,0.3539026379585266,5368ac52541f26ba477615354f5e08c9d153fa7b3faf938e8ef4afffb2d8f0b6
bottle,mirnetv2,bottle/good/015,0,0.3585786521434784,5368ac52541f26ba477615354f5e08c9d153fa7b3faf938e8ef4afffb2d8f0b6
bottle,mirnetv2,bottle/good/016,0,0.3552457392215729,5368ac52541f26ba477615354f5e08c9d153fa7b3faf938e8ef4afffb2d8f0b6
bottle,mirnetv2,bottle/good/017,0,0.4434940218925476,5368ac52541f26ba477615354f5e08c9d153fa7b3faf938e8ef4afffb2d8f0b6
bottle,mirnetv2,bottle/good/018,0,0.37108689546585083,5368ac52541f26ba477615354f5e08c9d153fa7b3faf938e8ef4afffb2d8f0b6
bottle,mirnetv2,bottle/good/019,0,0.4085993766784668,5368ac52541f26ba477615354f5e08c9d153fa7b3faf938e8ef4afffb2d8f0b6
bottle,icra,bottle/broken_large/000,1,0.3833421468734741,5368ac52541f26ba477615354f5e08c9d153fa7b3faf938e8ef4afffb2d8f0b6
bottle,icra,bottle/broken_large/001,1,0.34119608998298645,5368ac52541f26ba477615354f5e08c9d153fa7b3faf938e8ef4afffb2d8f0b6
bottle,icra,bottle/broken_large/002,1,0.40118303894996643,5368ac52541f26ba477615354f5e08c9d153fa7b3faf938e8ef4afffb2d8f0b6
bottle,icra,bottle/broken_large/003,1,0.5106413960456848,5368ac52541f26ba477615354f5e08c9d153fa7b3faf938e8ef4afffb2d8f0b6
bottle,icra,bottle/broken_large/004,1,0.37124696373939514,5368ac52541f26ba477615354f5e08c9d153fa7b3faf938e8ef4afffb2d8f0b6
bottle,icra,bottle/broken_large/005,1,0.3359489142894745,5368ac52541f26ba477615354f5e08c9d153fa7b3faf938e8ef4afffb2d8f0b6
bottle,icra,bottle/broken_large/006,1,0.35763925313949585,5368ac52541f26ba477615354f5e08c9d153fa7b3faf938e8ef4afffb2d8f0b6
bottle,icra,bottle/broken_large/007,1,0.34618377685546875,5368ac52541f26ba477615354f5e08c9d153fa7b3faf938e8ef4afffb2d8f0b6
bottle,icra,bottle/broken_large/008,1,0.3851880431175232,5368ac52541f26ba477615354f5e08c9d153fa7b3faf938e8ef4afffb2d8f0b6
bottle,icra,bottle/broken_large/009,1,0.3665861189365387,5368ac52541f26ba477615354f5e08c9d153fa7b3faf938e8ef4afffb2d8f0b6
bottle,icra,bottle/broken_large/010,1,0.41870373487472534,5368ac52541f26ba477615354f5e08c9d153fa7b3faf938e8ef4afffb2d8f0b6
bottle,icra,bottle/broken_large/011,1,0.33706098794937134,5368ac52541f26ba477615354f5e08c9d153fa7b3faf938e8ef4afffb2d8f0b6
bottle,icra,bottle/broken_large/012,1,0.31844550371170044,5368ac52541f26ba477615354f5e08c9d153fa7b3faf938e8ef4afffb2d8f0b6
bottle,icra,bottle/broken_large/013,1,0.38002800941467285,5368ac52541f26ba477615354f5e08c9d153fa7b3faf938e8ef4afffb2d8f0b6
bottle,icra,bottle/broken_large/014,1,0.3421532213687897,5368ac52541f26ba477615354f5e08c9d153fa7b3faf938e8ef4afffb2d8f0b6
bottle,icra,bottle/broken_large/015,1,0.3420363664627075,5368ac52541f26ba477615354f5e08c9d153fa7b3faf938e8ef4afffb2d8f0b6
bottle,icra,bottle/broken_large/016,1,0.444783478975296,5368ac52541f26ba477615354f5e08c9d153fa7b3faf938e8ef4afffb2d8f0b6
bottle,icra,bottle/broken_large/017,1,0.40318095684051514,5368ac52541f26ba477615354f5e08c9d153fa7b3faf938e8ef4afffb2d8f0b6
bottle,icra,bottle/broken_large/018,1,0.40633365511894226,5368ac52541f26ba477615354f5e08c9d153fa7b3faf938e8ef4afffb2d8f0b6
bottle,icra,bottle/broken_large/019,1,0.3019353449344635,5368ac52541f26ba477615354f5e08c9d153fa7b3faf938e8ef4afffb2d8f0b6
bottle,icra,bottle/broken_small/000,1,0.42864763736724854,5368ac52541f26ba477615354f5e08c9d153fa7b3faf938e8ef4afffb2d8f0b6
bottle,icra,bottle/broken_small/001,1,0.29854440689086914,5368ac52541f26ba477615354f5e08c9d153fa7b3faf938e8ef4afffb2d8f0b6
bottle,icra,bottle/broken_small/002,1,0.29521167278289795,5368ac52541f26ba477615354f5e08c9d153fa7b3faf938e8ef4afffb2d8f0b6
bottle,icra,bottle/broken_small/003,1,0.3580853343009949,5368ac52541f26ba477615354f5e08c9d153fa7b3faf938e8ef4afffb2d8f0b6
bottle,icra,bottle/broken_small/004,1,0.34134623408317566,5368ac52541f26ba477615354f5e08c9d153fa7b3faf938e8ef4afffb2d8f0b6
bottle,icra,bottle/broken_small/005,1,0.35055527091026306,5368ac52541f26ba477615354f5e08c9d153fa7b3faf938e8ef4afffb2d8f0b6
bottle,icra,bottle/broken_small/006,1,0.3554699718952179,5368ac52541f26ba477615354f5e08c9d153fa7b3faf938e8ef4afffb2d8f0b6
bottle,icra,bottle/broken_small/007,1,0.33483824133872986,5368ac52541f26ba477615354f5e08c9d153fa7b3faf938e8ef4afffb2d8f0b6
bottle,icra,bottle/broken_small/008,1,0.33694082498550415,5368ac52541f26ba477615354f5e08c9d153fa7b3faf938e8ef4afffb2d8f0b6
bottle,icra,bottle/broken_small/009,1,0.3571687638759613,5368ac52541f26ba477615354f5e08c9d153fa7b3faf938e8ef4afffb2d8f0b6
bottle,icra,bottle/broken_small/010,1,0.4080422520637512,5368ac52541f26ba477615354f5e08c9d153fa7b3faf938e8ef4afffb2d8f0b6
bottle,icra,bottle/broken_small/011,1,0.334033727645874,5368ac52541f26ba477615354f5e08c9d153fa7b3faf938e8ef4afffb2d8f0b6
bottle,icra,bottle/broken_small/012,1,0.40104126930236816,5368ac52541f26ba477615354f5e08c9d153fa7b3faf938e8ef4afffb2d8f0b6
bottle,icra,bottle/broken_small/013,1,0.39028453826904297,5368ac52541f26ba477615354f5e08c9d153fa7b3faf938e8ef4afffb2d8f0b6
bottle,icra,bottle/broken_small/014,1,0.3123168349266052,5368ac52541f26ba477615354f5e08c9d153fa7b3faf938e8ef4afffb2d8f0b6
bottle,icra,bottle/broken_small/015,1,0.3315352499485016,5368ac52541f26ba477615354f5e08c9d153fa7b3faf938e8ef4afffb2d8f0b6
bottle,icra,bottle/broken_small/016,1,0.31588301062583923,5368ac52541f26ba477615354f5e08c9d153fa7b3faf938e8ef4afffb2d8f0b6
bottle,icra,bottle/broken_small/017,1,0.439451664686203,5368ac52541f26ba477615354f5e08c9d153fa7b3faf938e8ef4afffb2d8f0b6
bottle,icra,bottle/broken_small/018,1,0.40621620416641235,5368ac52541f26ba477615354f5e08c9d153fa7b3faf938e8ef4afffb2d8f0b6
bottle,icra,bottle/broken_small/019,1,0.3775462806224823,5368ac52541f26ba477615354f5e08c9d153fa7b3faf938e8ef4afffb2d8f0b6
bottle,icra,bottle/broken_small/020,1,0.39584487676620483,5368ac52541f26ba477615354f5e08c9d153fa7b3faf938e8ef4afffb2d8f0b6
bottle,icra,bottle/broken_small/021,1,0.2890840768814087,5368ac52541f26ba477615354f5e08c9d153fa7b3faf938e8ef4afffb2d8f0b6
bottle,icra,bottle/contamination/000,1,0.39462810754776,5368ac52541f26ba477615354f5e08c9d153fa7b3faf938e8ef4afffb2d8f0b6
bottle,icra,bottle/contamination/001,1,0.37929561734199524,5368ac52541f26ba477615354f5e08c9d153fa7b3faf938e8ef4afffb2d8f0b6
bottle,icra,bottle/contamination/002,1,0.36936867237091064,5368ac52541f26ba477615354f5e08c9d153fa7b3faf938e8ef4afffb2d8f0b6
bottle,icra,bottle/contamination/003,1,0.3480408489704132,5368ac52541f26ba477615354f5e08c9d153fa7b3faf938e8ef4afffb2d8f0b6
bottle,icra,bottle/contamination/004,1,0.34453463554382324,5368ac52541f26ba477615354f5e08c9d153fa7b3faf938e8ef4afffb2d8f0b6
bottle,icra,bottle/contamination/005,1,0.32182592153549194,5368ac52541f26ba477615354f5e08c9d153fa7b3faf938e8ef4afffb2d8f0b6
bottle,icra,bottle/contamination/006,1,0.24209535121917725,5368ac52541f26ba477615354f5e08c9d153fa7b3faf938e8ef4afffb2d8f0b6
bottle,icra,bottle/contamination/007,1,0.36301201581954956,5368ac52541f26ba477615354f5e08c9d153fa7b3faf938e8ef4afffb2d8f0b6
bottle,icra,bottle/contamination/008,1,0.4278503358364105,5368ac52541f26ba477615354f5e08c9d153fa7b3faf938e8ef4afffb2d8f0b6
bottle,icra,bottle/contamination/009,1,0.3678375482559204,5368ac52541f26ba477615354f5e08c9d153fa7b3faf938e8ef4afffb2d8f0b6
bottle,icra,bottle/contamination/010,1,0.370129257440567,5368ac52541f26ba477615354f5e08c9d153fa7b3faf938e8ef4afffb2d8f0b6
bottle,icra,bottle/contamination/011,1,0.3623618185520172,5368ac52541f26ba477615354f5e08c9d153fa7b3faf938e8ef4afffb2d8f0b6
bottle,icra,bottle/contamination/012,1,0.393361359834671,5368ac52541f26ba477615354f5e08c9d153fa7b3faf938e8ef4afffb2d8f0b6
bottle,icra,bottle/contamination/013,1,0.3668709397315979,5368ac52541f26ba477615354f5e08c9d153fa7b3faf938e8ef4afffb2d8f0b6
bottle,icra,bottle/contamination/014,1,0.27936938405036926,5368ac52541f26ba477615354f5e08c9d153fa7b3faf938e8ef4afffb2d8f0b6
bottle,icra,bottle/contamination/015,1,0.38462454080581665,5368ac52541f26ba477615354f5e08c9d153fa7b3faf938e8ef4afffb2d8f0b6
bottle,icra,bottle/contamination/016,1,0.39024361968040466,5368ac52541f26ba477615354f5e08c9d153fa7b3faf938e8ef4afffb2d8f0b6
bottle,icra,bottle/contamination/017,1,0.3880349397659302,5368ac52541f26ba477615354f5e08c9d153fa7b3faf938e8ef4afffb2d8f0b6
bottle,icra,bottle/contamination/018,1,0.34307682514190674,5368ac52541f26ba477615354f5e08c9d153fa7b3faf938e8ef4afffb2d8f0b6
bottle,icra,bottle/contamination/019,1,0.3330581784248352,5368ac52541f26ba477615354f5e08c9d153fa7b3faf938e8ef4afffb2d8f0b6
bottle,icra,bottle/contamination/020,1,0.3420109450817108,5368ac52541f26ba477615354f5e08c9d153fa7b3faf938e8ef4afffb2d8f0b6
bottle,icra,bottle/good/000,0,0.4603424370288849,5368ac52541f26ba477615354f5e08c9d153fa7b3faf938e8ef4afffb2d8f0b6
bottle,icra,bottle/good/001,0,0.3241375982761383,5368ac52541f26ba477615354f5e08c9d153fa7b3faf938e8ef4afffb2d8f0b6
bottle,icra,bottle/good/002,0,0.28452613949775696,5368ac52541f26ba477615354f5e08c9d153fa7b3faf938e8ef4afffb2d8f0b6
bottle,icra,bottle/good/003,0,0.2930271327495575,5368ac52541f26ba477615354f5e08c9d153fa7b3faf938e8ef4afffb2d8f0b6
bottle,icra,bottle/good/004,0,0.34587979316711426,5368ac52541f26ba477615354f5e08c9d153fa7b3faf938e8ef4afffb2d8f0b6
bottle,icra,bottle/good/005,0,0.31131476163864136,5368ac52541f26ba477615354f5e08c9d153fa7b3faf938e8ef4afffb2d8f0b6
bottle,icra,bottle/good/006,0,0.4183085262775421,5368ac52541f26ba477615354f5e08c9d153fa7b3faf938e8ef4afffb2d8f0b6
bottle,icra,bottle/good/007,0,0.3654423654079437,5368ac52541f26ba477615354f5e08c9d153fa7b3faf938e8ef4afffb2d8f0b6
bottle,icra,bottle/good/008,0,0.3129635155200958,5368ac52541f26ba477615354f5e08c9d153fa7b3faf938e8ef4afffb2d8f0b6
bottle,icra,bottle/good/009,0,0.354149729013443,5368ac52541f26ba477615354f5e08c9d153fa7b3faf938e8ef4afffb2d8f0b6
bottle,icra,bottle/good/010,0,0.35098451375961304,5368ac52541f26ba477615354f5e08c9d153fa7b3faf938e8ef4afffb2d8f0b6
bottle,icra,bottle/good/011,0,0.3117505609989166,5368ac52541f26ba477615354f5e08c9d153fa7b3faf938e8ef4afffb2d8f0b6
bottle,icra,bottle/good/012,0,0.3957589268684387,5368ac52541f26ba477615354f5e08c9d153fa7b3faf938e8ef4afffb2d8f0b6
bottle,icra,bottle/good/013,0,0.3239380419254303,5368ac52541f26ba477615354f5e08c9d153fa7b3faf938e8ef4afffb2d8f0b6
bottle,icra,bottle/good/014,0,0.3191937208175659,5368ac52541f26ba477615354f5e08c9d153fa7b3faf938e8ef4afffb2d8f0b6
bottle,icra,bottle/good/015,0,0.3675978183746338,5368ac52541f26ba477615354f5e08c9d153fa7b3faf938e8ef4afffb2d8f0b6
bottle,icra,bottle/good/016,0,0.3182888925075531,5368ac52541f26ba477615354f5e08c9d153fa7b3faf938e8ef4afffb2d8f0b6
bottle,icra,bottle/good/017,0,0.35255420207977295,5368ac52541f26ba477615354f5e08c9d153fa7b3faf938e8ef4afffb2d8f0b6
bottle,icra,bottle/good/018,0,0.3618374764919281,5368ac52541f26ba477615354f5e08c9d153fa7b3faf938e8ef4afffb2d8f0b6
bottle,icra,bottle/good/019,0,0.29296764731407166,5368ac52541f26ba477615354f5e08c9d153fa7b3faf938e8ef4afffb2d8f0b6
cable,dark,cable/bent_wire/000,1,0.6066644787788391,d287de038ae0503acef12bd2890a0cb0aa187840100a094eea6ed814fa1cb8d7
cable,dark,cable/bent_wire/001,1,0.6538214683532715,d287de038ae0503acef12bd2890a0cb0aa187840100a094eea6ed814fa1cb8d7
cable,dark,cable/bent_wire/002,1,0.6542969346046448,d287de038ae0503acef12bd2890a0cb0aa187840100a094eea6ed814fa1cb8d7
cable,dark,cable/bent_wire/003,1,0.5294409394264221,d287de038ae0503acef12bd2890a0cb0aa187840100a094eea6ed814fa1cb8d7
cable,dark,cable/bent_wire/004,1,0.5642490983009338,d287de038ae0503acef12bd2890a0cb0aa187840100a094eea6ed814fa1cb8d7
cable,dark,cable/bent_wire/005,1,0.6004475951194763,d287de038ae0503acef12bd2890a0cb0aa187840100a094eea6ed814fa1cb8d7
cable,dark,cable/bent_wire/006,1,0.7366896867752075,d287de038ae0503acef12bd2890a0cb0aa187840100a094eea6ed814fa1cb8d7
cable,dark,cable/bent_wire/007,1,0.6450368762016296,d287de038ae0503acef12bd2890a0cb0aa187840100a094eea6ed814fa1cb8d7
cable,dark,cable/bent_wire/008,1,0.6710194945335388,d287de038ae0503acef12bd2890a0cb0aa187840100a094eea6ed814fa1cb8d7
cable,dark,cable/bent_wire/009,1,0.6076832413673401,d287de038ae0503acef12bd2890a0cb0aa187840100a094eea6ed814fa1cb8d7
cable,dark,cable/bent_wire/010,1,0.6237415671348572,d287de038ae0503acef12bd2890a0cb0aa187840100a094eea6ed814fa1cb8d7
cable,dark,cable/bent_wire/011,1,0.6656724214553833,d287de038ae0503acef12bd2890a0cb0aa187840100a094eea6ed814fa1cb8d7
cable,dark,cable/bent_wire/012,1,0.7628940939903259,d287de038ae0503acef12bd2890a0cb0aa187840100a094eea6ed814fa1cb8d7
cable,dark,cable/cable_swap/000,1,0.6014595031738281,d287de038ae0503acef12bd2890a0cb0aa187840100a094eea6ed814fa1cb8d7
cable,dark,cable/cable_swap/001,1,0.7465570569038391,d287de038ae0503acef12bd2890a0cb0aa187840100a094eea6ed814fa1cb8d7
cable,dark,cable/cable_swap/002,1,0.6566554307937622,d287de038ae0503acef12bd2890a0cb0aa187840100a094eea6ed814fa1cb8d7
cable,dark,cable/cable_swap/003,1,0.6340700387954712,d287de038ae0503acef12bd2890a0cb0aa187840100a094eea6ed814fa1cb8d7
cable,dark,cable/cable_swap/004,1,0.5904117822647095,d287de038ae0503acef12bd2890a0cb0aa187840100a094eea6ed814fa1cb8d7
cable,dark,cable/cable_swap/005,1,0.6767508387565613,d287de038ae0503acef12bd2890a0cb0aa187840100a094eea6ed814fa1cb8d7
cable,dark,cable/cable_swap/006,1,0.707539439201355,d287de038ae0503acef12bd2890a0cb0aa187840100a094eea6ed814fa1cb8d7
cable,dark,cable/cable_swap/007,1,0.6301059126853943,d287de038ae0503acef12bd2890a0cb0aa187840100a094eea6ed814fa1cb8d7
cable,dark,cable/cable_swap/008,1,0.6940401196479797,d287de038ae0503acef12bd2890a0cb0aa187840100a094eea6ed814fa1cb8d7
cable,dark,cable/cable_swap/009,1,0.6104393005371094,d287de038ae0503acef12bd2890a0cb0aa187840100a094eea6ed814fa1cb8d7
cable,dark,cable/cable_swap/010,1,0.5503447651863098,d287de038ae0503acef12bd2890a0cb0aa187840100a094eea6ed814fa1cb8d7
cable,dark,cable/cable_swap/011,1,0.674087405204773,d287de038ae0503acef12bd2890a0cb0aa187840100a094eea6ed814fa1cb8d7
cable,dark,cable/combined/000,1,0.755769670009613,d287de038ae0503acef12bd2890a0cb0aa187840100a094eea6ed814fa1cb8d7
cable,dark,cable/combined/001,1,0.713287889957428,d287de038ae0503acef12bd2890a0cb0aa187840100a094eea6ed814fa1cb8d7
cable,dark,cable/combined/002,1,0.5497613549232483,d287de038ae0503acef12bd2890a0cb0aa187840100a094eea6ed814fa1cb8d7
cable,dark,cable/combined/003,1,0.6142831444740295,d287de038ae0503acef12bd2890a0cb0aa187840100a094eea6ed814fa1cb8d7
cable,dark,cable/combined/004,1,0.5650458335876465,d287de038ae0503acef12bd2890a0cb0aa187840100a094eea6ed814fa1cb8d7
cable,dark,cable/combined/005,1,0.7074667811393738,d287de038ae0503acef12bd2890a0cb0aa187840100a094eea6ed814fa1cb8d7
cable,dark,cable/combined/006,1,0.6162282228469849,d287de038ae0503acef12bd2890a0cb0aa187840100a094eea6ed814fa1cb8d7
cable,dark,cable/combined/007,1,0.6187118887901306,d287de038ae0503acef12bd2890a0cb0aa187840100a094eea6ed814fa1cb8d7
cable,dark,cable/combined/008,1,0.8156065344810486,d287de038ae0503acef12bd2890a0cb0aa187840100a094eea6ed814fa1cb8d7
cable,dark,cable/combined/009,1,0.708566427230835,d287de038ae0503acef12bd2890a0cb0aa187840100a094eea6ed814fa1cb8d7
cable,dark,cable/combined/010,1,0.7593462467193604,d287de038ae0503acef12bd2890a0cb0aa187840100a094eea6ed814fa1cb8d7
cable,dark,cable/cut_inner_insulation/000,1,0.5529227256774902,d287de038ae0503acef12bd2890a0cb0aa187840100a094eea6ed814fa1cb8d7
cable,dark,cable/cut_inner_insulation/001,1,0.6612339615821838,d287de038ae0503acef12bd2890a0cb0aa187840100a094eea6ed814fa1cb8d7
cable,dark,cable/cut_inner_insulation/002,1,0.5952009558677673,d287de038ae0503acef12bd2890a0cb0aa187840100a094eea6ed814fa1cb8d7
cable,dark,cable/cut_inner_insulation/003,1,0.6014688611030579,d287de038ae0503acef12bd2890a0cb0aa187840100a094eea6ed814fa1cb8d7
cable,dark,cable/cut_inner_insulation/004,1,0.7648313045501709,d287de038ae0503acef12bd2890a0cb0aa187840100a094eea6ed814fa1cb8d7
cable,dark,cable/cut_inner_insulation/005,1,0.6273514628410339,d287de038ae0503acef12bd2890a0cb0aa187840100a094eea6ed814fa1cb8d7
cable,dark,cable/cut_inner_insulation/006,1,0.5689706206321716,d287de038ae0503acef12bd2890a0cb0aa187840100a094eea6ed814fa1cb8d7
cable,dark,cable/cut_inner_insulation/007,1,0.6101815104484558,d287de038ae0503acef12bd2890a0cb0aa187840100a094eea6ed814fa1cb8d7
cable,dark,cable/cut_inner_insulation/008,1,0.568705141544342,d287de038ae0503acef12bd2890a0cb0aa187840100a094eea6ed814fa1cb8d7
cable,dark,cable/cut_inner_insulation/009,1,0.6267805099487305,d287de038ae0503acef12bd2890a0cb0aa187840100a094eea6ed814fa1cb8d7
cable,dark,cable/cut_inner_insulation/010,1,0.5055119395256042,d287de038ae0503acef12bd2890a0cb0aa187840100a094eea6ed814fa1cb8d7
cable,dark,cable/cut_inner_insulation/011,1,0.5926405191421509,d287de038ae0503acef12bd2890a0cb0aa187840100a094eea6ed814fa1cb8d7
cable,dark,cable/cut_inner_insulation/012,1,0.6639275550842285,d287de038ae0503acef12bd2890a0cb0aa187840100a094eea6ed814fa1cb8d7
cable,dark,cable/cut_inner_insulation/013,1,0.6162208914756775,d287de038ae0503acef12bd2890a0cb0aa187840100a094eea6ed814fa1cb8d7
cable,dark,cable/cut_outer_insulation/000,1,0.6366668939590454,d287de038ae0503acef12bd2890a0cb0aa187840100a094eea6ed814fa1cb8d7
cable,dark,cable/cut_outer_insulation/001,1,0.5649872422218323,d287de038ae0503acef12bd2890a0cb0aa187840100a094eea6ed814fa1cb8d7
cable,dark,cable/cut_outer_insulation/002,1,0.5574969053268433,d287de038ae0503acef12bd2890a0cb0aa187840100a094eea6ed814fa1cb8d7
cable,dark,cable/cut_outer_insulation/003,1,0.5481147766113281,d287de038ae0503acef12bd2890a0cb0aa187840100a094eea6ed814fa1cb8d7
cable,dark,cable/cut_outer_insulation/004,1,0.5513173937797546,d287de038ae0503acef12bd2890a0cb0aa187840100a094eea6ed814fa1cb8d7
cable,dark,cable/cut_outer_insulation/005,1,0.5971010327339172,d287de038ae0503acef12bd2890a0cb0aa187840100a094eea6ed814fa1cb8d7
cable,dark,cable/cut_outer_insulation/006,1,0.5978636145591736,d287de038ae0503acef12bd2890a0cb0aa187840100a094eea6ed814fa1cb8d7
cable,dark,cable/cut_outer_insulation/007,1,0.5504170656204224,d287de038ae0503acef12bd2890a0cb0aa187840100a094eea6ed814fa1cb8d7
cable,dark,cable/cut_outer_insulation/008,1,0.5610476136207581,d287de038ae0503acef12bd2890a0cb0aa187840100a094eea6ed814fa1cb8d7
cable,dark,cable/cut_outer_insulation/009,1,0.5613195300102234,d287de038ae0503acef12bd2890a0cb0aa187840100a094eea6ed814fa1cb8d7
cable,dark,cable/good/000,0,0.632373034954071,d287de038ae0503acef12bd2890a0cb0aa187840100a094eea6ed814fa1cb8d7
cable,dark,cable/good/001,0,0.6337628364562988,d287de038ae0503acef12bd2890a0cb0aa187840100a094eea6ed814fa1cb8d7
cable,dark,cable/good/002,0,0.7556304335594177,d287de038ae0503acef12bd2890a0cb0aa187840100a094eea6ed814fa1cb8d7
cable,dark,cable/good/003,0,0.7337208390235901,d287de038ae0503acef12bd2890a0cb0aa187840100a094eea6ed814fa1cb8d7
cable,dark,cable/good/004,0,0.5817916393280029,d287de038ae0503acef12bd2890a0cb0aa187840100a094eea6ed814fa1cb8d7
cable,dark,cable/good/005,0,0.604631781578064,d287de038ae0503acef12bd2890a0cb0aa187840100a094eea6ed814fa1cb8d7
cable,dark,cable/good/006,0,0.7032482624053955,d287de038ae0503acef12bd2890a0cb0aa187840100a094eea6ed814fa1cb8d7
cable,dark,cable/good/007,0,0.6962613463401794,d287de038ae0503acef12bd2890a0cb0aa187840100a094eea6ed814fa1cb8d7
cable,dark,cable/good/008,0,0.6410363912582397,d287de038ae0503acef12bd2890a0cb0aa187840100a094eea6ed814fa1cb8d7
cable,dark,cable/good/009,0,0.7693492770195007,d287de038ae0503acef12bd2890a0cb0aa187840100a094eea6ed814fa1cb8d7
cable,dark,cable/good/010,0,0.6687971949577332,d287de038ae0503acef12bd2890a0cb0aa187840100a094eea6ed814fa1cb8d7
cable,dark,cable/good/011,0,0.710605800151825,d287de038ae0503acef12bd2890a0cb0aa187840100a094eea6ed814fa1cb8d7
cable,dark,cable/good/012,0,0.618502676486969,d287de038ae0503acef12bd2890a0cb0aa187840100a094eea6ed814fa1cb8d7
cable,dark,cable/good/013,0,0.7231667637825012,d287de038ae0503acef12bd2890a0cb0aa187840100a094eea6ed814fa1cb8d7
cable,dark,cable/good/014,0,0.6272903084754944,d287de038ae0503acef12bd2890a0cb0aa187840100a094eea6ed814fa1cb8d7
cable,dark,cable/good/015,0,0.6967969536781311,d287de038ae0503acef12bd2890a0cb0aa187840100a094eea6ed814fa1cb8d7
cable,dark,cable/good/016,0,0.5271323323249817,d287de038ae0503acef12bd2890a0cb0aa187840100a094eea6ed814fa1cb8d7
cable,dark,cable/good/017,0,0.5950683951377869,d287de038ae0503acef12bd2890a0cb0aa187840100a094eea6ed814fa1cb8d7
cable,dark,cable/good/018,0,0.6161946058273315,d287de038ae0503acef12bd2890a0cb0aa187840100a094eea6ed814fa1cb8d7
cable,dark,cable/good/019,0,0.5796470046043396,d287de038ae0503acef12bd2890a0cb0aa187840100a094eea6ed814fa1cb8d7
cable,dark,cable/good/020,0,0.7107453942298889,d287de038ae0503acef12bd2890a0cb0aa187840100a094eea6ed814fa1cb8d7
cable,dark,cable/good/021,0,0.7199901342391968,d287de038ae0503acef12bd2890a0cb0aa187840100a094eea6ed814fa1cb8d7
cable,dark,cable/good/022,0,0.5330810546875,d287de038ae0503acef12bd2890a0cb0aa187840100a094eea6ed814fa1cb8d7
cable,dark,cable/good/023,0,0.6108636856079102,d287de038ae0503acef12bd2890a0cb0aa187840100a094eea6ed814fa1cb8d7
cable,dark,cable/good/024,0,0.663501501083374,d287de038ae0503acef12bd2890a0cb0aa187840100a094eea6ed814fa1cb8d7
cable,dark,cable/good/025,0,0.6600281596183777,d287de038ae0503acef12bd2890a0cb0aa187840100a094eea6ed814fa1cb8d7
cable,dark,cable/good/026,0,0.6593720316886902,d287de038ae0503acef12bd2890a0cb0aa187840100a094eea6ed814fa1cb8d7
cable,dark,cable/good/027,0,0.6237097978591919,d287de038ae0503acef12bd2890a0cb0aa187840100a094eea6ed814fa1cb8d7
cable,dark,cable/good/028,0,0.5935047268867493,d287de038ae0503acef12bd2890a0cb0aa187840100a094eea6ed814fa1cb8d7
cable,dark,cable/good/029,0,0.5529962778091431,d287de038ae0503acef12bd2890a0cb0aa187840100a094eea6ed814fa1cb8d7
cable,dark,cable/good/030,0,0.613696277141571,d287de038ae0503acef12bd2890a0cb0aa187840100a094eea6ed814fa1cb8d7
cable,dark,cable/good/031,0,0.54549241065979,d287de038ae0503acef12bd2890a0cb0aa187840100a094eea6ed814fa1cb8d7
cable,dark,cable/good/032,0,0.7318270802497864,d287de038ae0503acef12bd2890a0cb0aa187840100a094eea6ed814fa1cb8d7
cable,dark,cable/good/033,0,0.5993598103523254,d287de038ae0503acef12bd2890a0cb0aa187840100a094eea6ed814fa1cb8d7
cable,dark,cable/good/034,0,0.5594114661216736,d287de038ae0503acef12bd2890a0cb0aa187840100a094eea6ed814fa1cb8d7
cable,dark,cable/good/035,0,0.739226758480072,d287de038ae0503acef12bd2890a0cb0aa187840100a094eea6ed814fa1cb8d7
cable,dark,cable/good/036,0,0.568225622177124,d287de038ae0503acef12bd2890a0cb0aa187840100a094eea6ed814fa1cb8d7
cable,dark,cable/good/037,0,0.6231240034103394,d287de038ae0503acef12bd2890a0cb0aa187840100a094eea6ed814fa1cb8d7
cable,dark,cable/good/038,0,0.699871838092804,d287de038ae0503acef12bd2890a0cb0aa187840100a094eea6ed814fa1cb8d7
cable,dark,cable/good/039,0,0.6851477026939392,d287de038ae0503acef12bd2890a0cb0aa187840100a094eea6ed814fa1cb8d7
cable,dark,cable/good/040,0,0.6811739802360535,d287de038ae0503acef12bd2890a0cb0aa187840100a094eea6ed814fa1cb8d7
cable,dark,cable/good/041,0,0.5355603694915771,d287de038ae0503acef12bd2890a0cb0aa187840100a094eea6ed814fa1cb8d7
cable,dark,cable/good/042,0,0.5823172330856323,d287de038ae0503acef12bd2890a0cb0aa187840100a094eea6ed814fa1cb8d7
cable,dark,cable/good/043,0,0.5862013101577759,d287de038ae0503acef12bd2890a0cb0aa187840100a094eea6ed814fa1cb8d7
cable,dark,cable/good/044,0,0.7850127816200256,d287de038ae0503acef12bd2890a0cb0aa187840100a094eea6ed814fa1cb8d7
cable,dark,cable/good/045,0,0.607255220413208,d287de038ae0503acef12bd2890a0cb0aa187840100a094eea6ed814fa1cb8d7
cable,dark,cable/good/046,0,0.7185381054878235,d287de038ae0503acef12bd2890a0cb0aa187840100a094eea6ed814fa1cb8d7
cable,dark,cable/good/047,0,0.7015290856361389,d287de038ae0503acef12bd2890a0cb0aa187840100a094eea6ed814fa1cb8d7
cable,dark,cable/good/048,0,0.6596539616584778,d287de038ae0503acef12bd2890a0cb0aa187840100a094eea6ed814fa1cb8d7
cable,dark,cable/good/049,0,0.5744202733039856,d287de038ae0503acef12bd2890a0cb0aa187840100a094eea6ed814fa1cb8d7
cable,dark,cable/good/050,0,0.6579965949058533,d287de038ae0503acef12bd2890a0cb0aa187840100a094eea6ed814fa1cb8d7
cable,dark,cable/good/051,0,0.678449273109436,d287de038ae0503acef12bd2890a0cb0aa187840100a094eea6ed814fa1cb8d7
cable,dark,cable/good/052,0,0.68173748254776,d287de038ae0503acef12bd2890a0cb0aa187840100a094eea6ed814fa1cb8d7
cable,dark,cable/good/053,0,0.7310308814048767,d287de038ae0503acef12bd2890a0cb0aa187840100a094eea6ed814fa1cb8d7
cable,dark,cable/good/054,0,0.8047192692756653,d287de038ae0503acef12bd2890a0cb0aa187840100a094eea6ed814fa1cb8d7
cable,dark,cable/good/055,0,0.6636425852775574,d287de038ae0503acef12bd2890a0cb0aa187840100a094eea6ed814fa1cb8d7
cable,dark,cable/good/056,0,0.6013808250427246,d287de038ae0503acef12bd2890a0cb0aa187840100a094eea6ed814fa1cb8d7
cable,dark,cable/good/057,0,0.7678719758987427,d287de038ae0503acef12bd2890a0cb0aa187840100a094eea6ed814fa1cb8d7
cable,dark,cable/missing_cable/000,1,0.6293006539344788,d287de038ae0503acef12bd2890a0cb0aa187840100a094eea6ed814fa1cb8d7
cable,dark,cable/missing_cable/001,1,0.585701048374176,d287de038ae0503acef12bd2890a0cb0aa187840100a094eea6ed814fa1cb8d7
cable,dark,cable/missing_cable/002,1,0.6625478863716125,d287de038ae0503acef12bd2890a0cb0aa187840100a094eea6ed814fa1cb8d7
cable,dark,cable/missing_cable/003,1,0.5926430821418762,d287de038ae0503acef12bd2890a0cb0aa187840100a094eea6ed814fa1cb8d7
cable,dark,cable/missing_cable/004,1,0.5765706896781921,d287de038ae0503acef12bd2890a0cb0aa187840100a094eea6ed814fa1cb8d7
cable,dark,cable/missing_cable/005,1,0.6456310749053955,d287de038ae0503acef12bd2890a0cb0aa187840100a094eea6ed814fa1cb8d7
cable,dark,cable/missing_cable/006,1,0.6444434523582458,d287de038ae0503acef12bd2890a0cb0aa187840100a094eea6ed814fa1cb8d7
cable,dark,cable/missing_cable/007,1,0.6072738170623779,d287de038ae0503acef12bd2890a0cb0aa187840100a094eea6ed814fa1cb8d7
cable,dark,cable/missing_cable/008,1,0.7018013596534729,d287de038ae0503acef12bd2890a0cb0aa187840100a094eea6ed814fa1cb8d7
cable,dark,cable/missing_cable/009,1,0.7065037488937378,d287de038ae0503acef12bd2890a0cb0aa187840100a094eea6ed814fa1cb8d7
cable,dark,cable/missing_cable/010,1,0.55720454454422,d287de038ae0503acef12bd2890a0cb0aa187840100a094eea6ed814fa1cb8d7
cable,dark,cable/missing_cable/011,1,0.624144971370697,d287de038ae0503acef12bd2890a0cb0aa187840100a094eea6ed814fa1cb8d7
cable,dark,cable/missing_wire/000,1,0.5288088321685791,d287de038ae0503acef12bd2890a0cb0aa187840100a094eea6ed814fa1cb8d7
cable,dark,cable/missing_wire/001,1,0.5547799468040466,d287de038ae0503acef12bd2890a0cb0aa187840100a094eea6ed814fa1cb8d7
cable,dark,cable/missing_wire/002,1,0.6833758354187012,d287de038ae0503acef12bd2890a0cb0aa187840100a094eea6ed814fa1cb8d7
cable,dark,cable/missing_wire/003,1,0.8236350417137146,d287de038ae0503acef12bd2890a0cb0aa187840100a094eea6ed814fa1cb8d7
cable,dark,cable/missing_wire/004,1,0.5789333581924438,d287de038ae0503acef12bd2890a0cb0aa187840100a094eea6ed814fa1cb8d7
cable,dark,cable/missing_wire/005,1,0.7514752149581909,d287de038ae0503acef12bd2890a0cb0aa187840100a094eea6ed814fa1cb8d7
cable,dark,cable/missing_wire/006,1,0.7031280398368835,d287de038ae0503acef12bd2890a0cb0aa187840100a094eea6ed814fa1cb8d7
cable,dark,cable/missing_wire/007,1,0.5996493101119995,d287de038ae0503acef12bd2890a0cb0aa187840100a094eea6ed814fa1cb8d7
cable,dark,cable/missing_wire/008,1,0.6848329305648804,d287de038ae0503acef12bd2890a0cb0aa187840100a094eea6ed814fa1cb8d7
cable,dark,cable/missing_wire/009,1,0.6297880411148071,d287de038ae0503acef12bd2890a0cb0aa187840100a094eea6ed814fa1cb8d7
cable,dark,cable/poke_insulation/000,1,0.6777116060256958,d287de038ae0503acef12bd2890a0cb0aa187840100a094eea6ed814fa1cb8d7
cable,dark,cable/poke_insulation/001,1,0.6962396502494812,d287de038ae0503acef12bd2890a0cb0aa187840100a094eea6ed814fa1cb8d7
cable,dark,cable/poke_insulation/002,1,0.7235490679740906,d287de038ae0503acef12bd2890a0cb0aa187840100a094eea6ed814fa1cb8d7
cable,dark,cable/poke_insulation/003,1,0.6257872581481934,d287de038ae0503acef12bd2890a0cb0aa187840100a094eea6ed814fa1cb8d7
cable,dark,cable/poke_insulation/004,1,0.6830774545669556,d287de038ae0503acef12bd2890a0cb0aa187840100a094eea6ed814fa1cb8d7
cable,dark,cable/poke_insulation/005,1,0.5313351154327393,d287de038ae0503acef12bd2890a0cb0aa187840100a094eea6ed814fa1cb8d7
cable,dark,cable/poke_insulation/006,1,0.6670129895210266,d287de038ae0503acef12bd2890a0cb0aa187840100a094eea6ed814fa1cb8d7
cable,dark,cable/poke_insulation/007,1,0.6476808786392212,d287de038ae0503acef12bd2890a0cb0aa187840100a094eea6ed814fa1cb8d7
cable,dark,cable/poke_insulation/008,1,0.7376639246940613,d287de038ae0503acef12bd2890a0cb0aa187840100a094eea6ed814fa1cb8d7
cable,dark,cable/poke_insulation/009,1,0.7586665153503418,d287de038ae0503acef12bd2890a0cb0aa187840100a094eea6ed814fa1cb8d7
cable,mirnetv2,cable/bent_wire/000,1,0.5539855360984802,d287de038ae0503acef12bd2890a0cb0aa187840100a094eea6ed814fa1cb8d7
cable,mirnetv2,cable/bent_wire/001,1,0.5658096671104431,d287de038ae0503acef12bd2890a0cb0aa187840100a094eea6ed814fa1cb8d7
cable,mirnetv2,cable/bent_wire/002,1,0.4970245659351349,d287de038ae0503acef12bd2890a0cb0aa187840100a094eea6ed814fa1cb8d7
cable,mirnetv2,cable/bent_wire/003,1,0.4047032296657562,d287de038ae0503acef12bd2890a0cb0aa187840100a094eea6ed814fa1cb8d7
cable,mirnetv2,cable/bent_wire/004,1,0.4948614835739136,d287de038ae0503acef12bd2890a0cb0aa187840100a094eea6ed814fa1cb8d7
cable,mirnetv2,cable/bent_wire/005,1,0.4078158140182495,d287de038ae0503acef12bd2890a0cb0aa187840100a094eea6ed814fa1cb8d7
cable,mirnetv2,cable/bent_wire/006,1,0.5915291905403137,d287de038ae0503acef12bd2890a0cb0aa187840100a094eea6ed814fa1cb8d7
cable,mirnetv2,cable/bent_wire/007,1,0.5401308536529541,d287de038ae0503acef12bd2890a0cb0aa187840100a094eea6ed814fa1cb8d7
cable,mirnetv2,cable/bent_wire/008,1,0.5016288161277771,d287de038ae0503acef12bd2890a0cb0aa187840100a094eea6ed814fa1cb8d7
cable,mirnetv2,cable/bent_wire/009,1,0.5515201687812805,d287de038ae0503acef12bd2890a0cb0aa187840100a094eea6ed814fa1cb8d7
cable,mirnetv2,cable/bent_wire/010,1,0.41388651728630066,d287de038ae0503acef12bd2890a0cb0aa187840100a094eea6ed814fa1cb8d7
cable,mirnetv2,cable/bent_wire/011,1,0.4723898470401764,d287de038ae0503acef12bd2890a0cb0aa187840100a094eea6ed814fa1cb8d7
cable,mirnetv2,cable/bent_wire/012,1,0.6305495500564575,d287de038ae0503acef12bd2890a0cb0aa187840100a094eea6ed814fa1cb8d7
cable,mirnetv2,cable/cable_swap/000,1,0.382075697183609,d287de038ae0503acef12bd2890a0cb0aa187840100a094eea6ed814fa1cb8d7
cable,mirnetv2,cable/cable_swap/001,1,0.6038513779640198,d287de038ae0503acef12bd2890a0cb0aa187840100a094eea6ed814fa1cb8d7
cable,mirnetv2,cable/cable_swap/002,1,0.5595916509628296,d287de038ae0503acef12bd2890a0cb0aa187840100a094eea6ed814fa1cb8d7
cable,mirnetv2,cable/cable_swap/003,1,0.5806487798690796,d287de038ae0503acef12bd2890a0cb0aa187840100a094eea6ed814fa1cb8d7
cable,mirnetv2,cable/cable_swap/004,1,0.5184387564659119,d287de038ae0503acef12bd2890a0cb0aa187840100a094eea6ed814fa1cb8d7
cable,mirnetv2,cable/cable_swap/005,1,0.5081754922866821,d287de038ae0503acef12bd2890a0cb0aa187840100a094eea6ed814fa1cb8d7
cable,mirnetv2,cable/cable_swap/006,1,0.5329809784889221,d287de038ae0503acef12bd2890a0cb0aa187840100a094eea6ed814fa1cb8d7
cable,mirnetv2,cable/cable_swap/007,1,0.5110648274421692,d287de038ae0503acef12bd2890a0cb0aa187840100a094eea6ed814fa1cb8d7
cable,mirnetv2,cable/cable_swap/008,1,0.5006510019302368,d287de038ae0503acef12bd2890a0cb0aa187840100a094eea6ed814fa1cb8d7
cable,mirnetv2,cable/cable_swap/009,1,0.4632558524608612,d287de038ae0503acef12bd2890a0cb0aa187840100a094eea6ed814fa1cb8d7
cable,mirnetv2,cable/cable_swap/010,1,0.507686197757721,d287de038ae0503acef12bd2890a0cb0aa187840100a094eea6ed814fa1cb8d7
cable,mirnetv2,cable/cable_swap/011,1,0.4157865047454834,d287de038ae0503acef12bd2890a0cb0aa187840100a094eea6ed814fa1cb8d7
cable,mirnetv2,cable/combined/000,1,0.6761234402656555,d287de038ae0503acef12bd2890a0cb0aa187840100a094eea6ed814fa1cb8d7
cable,mirnetv2,cable/combined/001,1,0.5158894658088684,d287de038ae0503acef12bd2890a0cb0aa187840100a094eea6ed814fa1cb8d7
cable,mirnetv2,cable/combined/002,1,0.4477543830871582,d287de038ae0503acef12bd2890a0cb0aa187840100a094eea6ed814fa1cb8d7
cable,mirnetv2,cable/combined/003,1,0.4996189773082733,d287de038ae0503acef12bd2890a0cb0aa187840100a094eea6ed814fa1cb8d7
cable,mirnetv2,cable/combined/004,1,0.4830785095691681,d287de038ae0503acef12bd2890a0cb0aa187840100a094eea6ed814fa1cb8d7
cable,mirnetv2,cable/combined/005,1,0.5760147571563721,d287de038ae0503acef12bd2890a0cb0aa187840100a094eea6ed814fa1cb8d7
cable,mirnetv2,cable/combined/006,1,0.5525653958320618,d287de038ae0503acef12bd2890a0cb0aa187840100a094eea6ed814fa1cb8d7
cable,mirnetv2,cable/combined/007,1,0.603325605392456,d287de038ae0503acef12bd2890a0cb0aa187840100a094eea6ed814fa1cb8d7
cable,mirnetv2,cable/combined/008,1,0.5885156393051147,d287de038ae0503acef12bd2890a0cb0aa187840100a094eea6ed814fa1cb8d7
cable,mirnetv2,cable/combined/009,1,0.44232308864593506,d287de038ae0503acef12bd2890a0cb0aa187840100a094eea6ed814fa1cb8d7
cable,mirnetv2,cable/combined/010,1,0.5591297149658203,d287de038ae0503acef12bd2890a0cb0aa187840100a094eea6ed814fa1cb8d7
cable,mirnetv2,cable/cut_inner_insulation/000,1,0.3936827778816223,d287de038ae0503acef12bd2890a0cb0aa187840100a094eea6ed814fa1cb8d7
cable,mirnetv2,cable/cut_inner_insulation/001,1,0.5907864570617676,d287de038ae0503acef12bd2890a0cb0aa187840100a094eea6ed814fa1cb8d7
cable,mirnetv2,cable/cut_inner_insulation/002,1,0.5593204498291016,d287de038ae0503acef12bd2890a0cb0aa187840100a094eea6ed814fa1cb8d7
cable,mirnetv2,cable/cut_inner_insulation/003,1,0.5283498167991638,d287de038ae0503acef12bd2890a0cb0aa187840100a094eea6ed814fa1cb8d7
cable,mirnetv2,cable/cut_inner_insulation/004,1,0.6786628365516663,d287de038ae0503acef12bd2890a0cb0aa187840100a094eea6ed814fa1cb8d7
cable,mirnetv2,cable/cut_inner_insulation/005,1,0.5378803014755249,d287de038ae0503acef12bd2890a0cb0aa187840100a094eea6ed814fa1cb8d7
cable,mirnetv2,cable/cut_inner_insulation/006,1,0.39096376299858093,d287de038ae0503acef12bd2890a0cb0aa187840100a094eea6ed814fa1cb8d7
cable,mirnetv2,cable/cut_inner_insulation/007,1,0.422641396522522,d287de038ae0503acef12bd2890a0cb0aa187840100a094eea6ed814fa1cb8d7
cable,mirnetv2,cable/cut_inner_insulation/008,1,0.4269481301307678,d287de038ae0503acef12bd2890a0cb0aa187840100a094eea6ed814fa1cb8d7
cable,mirnetv2,cable/cut_inner_insulation/009,1,0.49825650453567505,d287de038ae0503acef12bd2890a0cb0aa187840100a094eea6ed814fa1cb8d7
cable,mirnetv2,cable/cut_inner_insulation/010,1,0.40191560983657837,d287de038ae0503acef12bd2890a0cb0aa187840100a094eea6ed814fa1cb8d7
cable,mirnetv2,cable/cut_inner_insulation/011,1,0.4868886172771454,d287de038ae0503acef12bd2890a0cb0aa187840100a094eea6ed814fa1cb8d7
cable,mirnetv2,cable/cut_inner_insulation/012,1,0.45514944195747375,d287de038ae0503acef12bd2890a0cb0aa187840100a094eea6ed814fa1cb8d7
cable,mirnetv2,cable/cut_inner_insulation/013,1,0.5285996198654175,d287de038ae0503acef12bd2890a0cb0aa187840100a094eea6ed814fa1cb8d7
cable,mirnetv2,cable/cut_outer_insulation/000,1,0.46816298365592957,d287de038ae0503acef12bd2890a0cb0aa187840100a094eea6ed814fa1cb8d7
cable,mirnetv2,cable/cut_outer_insulation/001,1,0.3994928002357483,d287de038ae0503acef12bd2890a0cb0aa187840100a094eea6ed814fa1cb8d7
cable,mirnetv2,cable/cut_outer_insulation/002,1,0.3837544620037079,d287de038ae0503acef12bd2890a0cb0aa187840100a094eea6ed814fa1cb8d7
cable,mirnetv2,cable/cut_outer_insulation/003,1,0.45544955134391785,d287de038ae0503acef12bd2890a0cb0aa187840100a094eea6ed814fa1cb8d7
cable,mirnetv2,cable/cut_outer_insulation/004,1,0.419982373714447,d287de038ae0503acef12bd2890a0cb0aa187840100a094eea6ed814fa1cb8d7
cable,mirnetv2,cable/cut_outer_insulation/005,1,0.40705329179763794,d287de038ae0503acef12bd2890a0cb0aa187840100a094eea6ed814fa1cb8d7
cable,mirnetv2,cable/cut_outer_insulation/006,1,0.42891305685043335,d287de038ae0503acef12bd2890a0cb0aa187840100a094eea6ed814fa1cb8d7
cable,mirnetv2,cable/cut_outer_insulation/007,1,0.41002508997917175,d287de038ae0503acef12bd2890a0cb0aa187840100a094eea6ed814fa1cb8d7
cable,mirnetv2,cable/cut_outer_insulation/008,1,0.4591919481754303,d287de038ae0503acef12bd2890a0cb0aa187840100a094eea6ed814fa1cb8d7
cable,mirnetv2,cable/cut_outer_insulation/009,1,0.5050522685050964,d287de038ae0503acef12bd2890a0cb0aa187840100a094eea6ed814fa1cb8d7
cable,mirnetv2,cable/good/000,0,0.558927595615387,d287de038ae0503acef12bd2890a0cb0aa187840100a094eea6ed814fa1cb8d7
cable,mirnetv2,cable/good/001,0,0.4622984230518341,d287de038ae0503acef12bd2890a0cb0aa187840100a094eea6ed814fa1cb8d7
cable,mirnetv2,cable/good/002,0,0.5793768763542175,d287de038ae0503acef12bd2890a0cb0aa187840100a094eea6ed814fa1cb8d7
cable,mirnetv2,cable/good/003,0,0.6453340649604797,d287de038ae0503acef12bd2890a0cb0aa187840100a094eea6ed814fa1cb8d7
cable,mirnetv2,cable/good/004,0,0.4231814742088318,d287de038ae0503acef12bd2890a0cb0aa187840100a094eea6ed814fa1cb8d7
cable,mirnetv2,cable/good/005,0,0.4999673366546631,d287de038ae0503acef12bd2890a0cb0aa187840100a094eea6ed814fa1cb8d7
cable,mirnetv2,cable/good/006,0,0.6036378145217896,d287de038ae0503acef12bd2890a0cb0aa187840100a094eea6ed814fa1cb8d7
cable,mirnetv2,cable/good/007,0,0.6350381970405579,d287de038ae0503acef12bd2890a0cb0aa187840100a094eea6ed814fa1cb8d7
cable,mirnetv2,cable/good/008,0,0.49317294359207153,d287de038ae0503acef12bd2890a0cb0aa187840100a094eea6ed814fa1cb8d7
cable,mirnetv2,cable/good/009,0,0.670963704586029,d287de038ae0503acef12bd2890a0cb0aa187840100a094eea6ed814fa1cb8d7
cable,mirnetv2,cable/good/010,0,0.5105026960372925,d287de038ae0503acef12bd2890a0cb0aa187840100a094eea6ed814fa1cb8d7
cable,mirnetv2,cable/good/011,0,0.4872114658355713,d287de038ae0503acef12bd2890a0cb0aa187840100a094eea6ed814fa1cb8d7
cable,mirnetv2,cable/good/012,0,0.5293015837669373,d287de038ae0503acef12bd2890a0cb0aa187840100a094eea6ed814fa1cb8d7
cable,mirnetv2,cable/good/013,0,0.4843581020832062,d287de038ae0503acef12bd2890a0cb0aa187840100a094eea6ed814fa1cb8d7
cable,mirnetv2,cable/good/014,0,0.5206324458122253,d287de038ae0503acef12bd2890a0cb0aa187840100a094eea6ed814fa1cb8d7
cable,mirnetv2,cable/good/015,0,0.4819740355014801,d287de038ae0503acef12bd2890a0cb0aa187840100a094eea6ed814fa1cb8d7
cable,mirnetv2,cable/good/016,0,0.44522687792778015,d287de038ae0503acef12bd2890a0cb0aa187840100a094eea6ed814fa1cb8d7
cable,mirnetv2,cable/good/017,0,0.4531826078891754,d287de038ae0503acef12bd2890a0cb0aa187840100a094eea6ed814fa1cb8d7
cable,mirnetv2,cable/good/018,0,0.43554767966270447,d287de038ae0503acef12bd2890a0cb0aa187840100a094eea6ed814fa1cb8d7
cable,mirnetv2,cable/good/019,0,0.4704030752182007,d287de038ae0503acef12bd2890a0cb0aa187840100a094eea6ed814fa1cb8d7
cable,mirnetv2,cable/good/020,0,0.4751306176185608,d287de038ae0503acef12bd2890a0cb0aa187840100a094eea6ed814fa1cb8d7
cable,mirnetv2,cable/good/021,0,0.6353664994239807,d287de038ae0503acef12bd2890a0cb0aa187840100a094eea6ed814fa1cb8d7
cable,mirnetv2,cable/good/022,0,0.42357149720191956,d287de038ae0503acef12bd2890a0cb0aa187840100a094eea6ed814fa1cb8d7
cable,mirnetv2,cable/good/023,0,0.4411296546459198,d287de038ae0503acef12bd2890a0cb0aa187840100a094eea6ed814fa1cb8d7
cable,mirnetv2,cable/good/024,0,0.5424946546554565,d287de038ae0503acef12bd2890a0cb0aa187840100a094eea6ed814fa1cb8d7
cable,mirnetv2,cable/good/025,0,0.5762073397636414,d287de038ae0503acef12bd2890a0cb0aa187840100a094eea6ed814fa1cb8d7
cable,mirnetv2,cable/good/026,0,0.5672033429145813,d287de038ae0503acef12bd2890a0cb0aa187840100a094eea6ed814fa1cb8d7
cable,mirnetv2,cable/good/027,0,0.40037718415260315,d287de038ae0503acef12bd2890a0cb0aa187840100a094eea6ed814fa1cb8d7
cable,mirnetv2,cable/good/028,0,0.4491345286369324,d287de038ae0503acef12bd2890a0cb0aa187840100a094eea6ed814fa1cb8d7
cable,mirnetv2,cable/good/029,0,0.3942817151546478,d287de038ae0503acef12bd2890a0cb0aa187840100a094eea6ed814fa1cb8d7
cable,mirnetv2,cable/good/030,0,0.5299354195594788,d287de038ae0503acef12bd2890a0cb0aa187840100a094eea6ed814fa1cb8d7
cable,mirnetv2,cable/good/031,0,0.42299142479896545,d287de038ae0503acef12bd2890a0cb0aa187840100a094eea6ed814fa1cb8d7
cable,mirnetv2,cable/good/032,0,0.6137996315956116,d287de038ae0503acef12bd2890a0cb0aa187840100a094eea6ed814fa1cb8d7
cable,mirnetv2,cable/good/033,0,0.49257415533065796,d287de038ae0503acef12bd2890a0cb0aa187840100a094eea6ed814fa1cb8d7
cable,mirnetv2,cable/good/034,0,0.3988211154937744,d287de038ae0503acef12bd2890a0cb0aa187840100a094eea6ed814fa1cb8d7
cable,mirnetv2,cable/good/035,0,0.589449942111969,d287de038ae0503acef12bd2890a0cb0aa187840100a094eea6ed814fa1cb8d7
cable,mirnetv2,cable/good/036,0,0.3921661078929901,d287de038ae0503acef12bd2890a0cb0aa187840100a094eea6ed814fa1cb8d7
cable,mirnetv2,cable/good/037,0,0.5111717581748962,d287de038ae0503acef12bd2890a0cb0aa187840100a094eea6ed814fa1cb8d7
cable,mirnetv2,cable/good/038,0,0.5370240807533264,d287de038ae0503acef12bd2890a0cb0aa187840100a094eea6ed814fa1cb8d7
cable,mirnetv2,cable/good/039,0,0.581866443157196,d287de038ae0503acef12bd2890a0cb0aa187840100a094eea6ed814fa1cb8d7
cable,mirnetv2,cable/good/040,0,0.5322873592376709,d287de038ae0503acef12bd2890a0cb0aa187840100a094eea6ed814fa1cb8d7
cable,mirnetv2,cable/good/041,0,0.47339391708374023,d287de038ae0503acef12bd2890a0cb0aa187840100a094eea6ed814fa1cb8d7
cable,mirnetv2,cable/good/042,0,0.4847676753997803,d287de038ae0503acef12bd2890a0cb0aa187840100a094eea6ed814fa1cb8d7
cable,mirnetv2,cable/good/043,0,0.5045749545097351,d287de038ae0503acef12bd2890a0cb0aa187840100a094eea6ed814fa1cb8d7
cable,mirnetv2,cable/good/044,0,0.6929577589035034,d287de038ae0503acef12bd2890a0cb0aa187840100a094eea6ed814fa1cb8d7
cable,mirnetv2,cable/good/045,0,0.4555572271347046,d287de038ae0503acef12bd2890a0cb0aa187840100a094eea6ed814fa1cb8d7
cable,mirnetv2,cable/good/046,0,0.655006468296051,d287de038ae0503acef12bd2890a0cb0aa187840100a094eea6ed814fa1cb8d7
cable,mirnetv2,cable/good/047,0,0.5106337070465088,d287de038ae0503acef12bd2890a0cb0aa187840100a094eea6ed814fa1cb8d7
cable,mirnetv2,cable/good/048,0,0.4014063775539398,d287de038ae0503acef12bd2890a0cb0aa187840100a094eea6ed814fa1cb8d7
cable,mirnetv2,cable/good/049,0,0.36390402913093567,d287de038ae0503acef12bd2890a0cb0aa187840100a094eea6ed814fa1cb8d7
cable,mirnetv2,cable/good/050,0,0.5052323341369629,d287de038ae0503acef12bd2890a0cb0aa187840100a094eea6ed814fa1cb8d7
cable,mirnetv2,cable/good/051,0,0.5116463899612427,d287de038ae0503acef12bd2890a0cb0aa187840100a094eea6ed814fa1cb8d7
cable,mirnetv2,cable/good/052,0,0.6460798382759094,d287de038ae0503acef12bd2890a0cb0aa187840100a094eea6ed814fa1cb8d7
cable,mirnetv2,cable/good/053,0,0.43602317571640015,d287de038ae0503acef12bd2890a0cb0aa187840100a094eea6ed814fa1cb8d7
cable,mirnetv2,cable/good/054,0,0.6082955002784729,d287de038ae0503acef12bd2890a0cb0aa187840100a094eea6ed814fa1cb8d7
cable,mirnetv2,cable/good/055,0,0.6045453548431396,d287de038ae0503acef12bd2890a0cb0aa187840100a094eea6ed814fa1cb8d7
cable,mirnetv2,cable/good/056,0,0.42090046405792236,d287de038ae0503acef12bd2890a0cb0aa187840100a094eea6ed814fa1cb8d7
cable,mirnetv2,cable/good/057,0,0.58631831407547,d287de038ae0503acef12bd2890a0cb0aa187840100a094eea6ed814fa1cb8d7
cable,mirnetv2,cable/missing_cable/000,1,0.3987463116645813,d287de038ae0503acef12bd2890a0cb0aa187840100a094eea6ed814fa1cb8d7
cable,mirnetv2,cable/missing_cable/001,1,0.49879777431488037,d287de038ae0503acef12bd2890a0cb0aa187840100a094eea6ed814fa1cb8d7
cable,mirnetv2,cable/missing_cable/002,1,0.4980359971523285,d287de038ae0503acef12bd2890a0cb0aa187840100a094eea6ed814fa1cb8d7
cable,mirnetv2,cable/missing_cable/003,1,0.5495912432670593,d287de038ae0503acef12bd2890a0cb0aa187840100a094eea6ed814fa1cb8d7
cable,mirnetv2,cable/missing_cable/004,1,0.4702194333076477,d287de038ae0503acef12bd2890a0cb0aa187840100a094eea6ed814fa1cb8d7
cable,mirnetv2,cable/missing_cable/005,1,0.4336158037185669,d287de038ae0503acef12bd2890a0cb0aa187840100a094eea6ed814fa1cb8d7
cable,mirnetv2,cable/missing_cable/006,1,0.5075682401657104,d287de038ae0503acef12bd2890a0cb0aa187840100a094eea6ed814fa1cb8d7
cable,mirnetv2,cable/missing_cable/007,1,0.3973718583583832,d287de038ae0503acef12bd2890a0cb0aa187840100a094eea6ed814fa1cb8d7
cable,mirnetv2,cable/missing_cable/008,1,0.45355117321014404,d287de038ae0503acef12bd2890a0cb0aa187840100a094eea6ed814fa1cb8d7
cable,mirnetv2,cable/missing_cable/009,1,0.44034552574157715,d287de038ae0503acef12bd2890a0cb0aa187840100a094eea6ed814fa1cb8d7
cable,mirnetv2,cable/missing_cable/010,1,0.377918541431427,d287de038ae0503acef12bd2890a0cb0aa187840100a094eea6ed814fa1cb8d7
cable,mirnetv2,cable/missing_cable/011,1,0.5142631530761719,d287de038ae0503acef12bd2890a0cb0aa187840100a094eea6ed814fa1cb8d7
cable,mirnetv2,cable/missing_wire/000,1,0.43250155448913574,d287de038ae0503acef12bd2890a0cb0aa187840100a094eea6ed814fa1cb8d7
cable,mirnetv2,cable/missing_wire/001,1,0.4268512725830078,d287de038ae0503acef12bd2890a0cb0aa187840100a094eea6ed814fa1cb8d7
cable,mirnetv2,cable/missing_wire/002,1,0.6135977506637573,d287de038ae0503acef12bd2890a0cb0aa187840100a094eea6ed814fa1cb8d7
cable,mirnetv2,cable/missing_wire/003,1,0.6959653496742249,d287de038ae0503acef12bd2890a0cb0aa187840100a094eea6ed814fa1cb8d7
cable,mirnetv2,cable/missing_wire/004,1,0.5261829495429993,d287de038ae0503acef12bd2890a0cb0aa187840100a094eea6ed814fa1cb8d7
cable,mirnetv2,cable/missing_wire/005,1,0.5343886613845825,d287de038ae0503acef12bd2890a0cb0aa187840100a094eea6ed814fa1cb8d7
cable,mirnetv2,cable/missing_wire/006,1,0.5425207614898682,d287de038ae0503acef12bd2890a0cb0aa187840100a094eea6ed814fa1cb8d7
cable,mirnetv2,cable/missing_wire/007,1,0.4118683636188507,d287de038ae0503acef12bd2890a0cb0aa187840100a094eea6ed814fa1cb8d7
cable,mirnetv2,cable/missing_wire/008,1,0.559711754322052,d287de038ae0503acef12bd2890a0cb0aa187840100a094eea6ed814fa1cb8d7
cable,mirnetv2,cable/missing_wire/009,1,0.5391241312026978,d287de038ae0503acef12bd2890a0cb0aa187840100a094eea6ed814fa1cb8d7
cable,mirnetv2,cable/poke_insulation/000,1,0.6142979264259338,d287de038ae0503acef12bd2890a0cb0aa187840100a094eea6ed814fa1cb8d7
cable,mirnetv2,cable/poke_insulation/001,1,0.4761117398738861,d287de038ae0503acef12bd2890a0cb0aa187840100a094eea6ed814fa1cb8d7
cable,mirnetv2,cable/poke_insulation/002,1,0.6384361982345581,d287de038ae0503acef12bd2890a0cb0aa187840100a094eea6ed814fa1cb8d7
cable,mirnetv2,cable/poke_insulation/003,1,0.5187655091285706,d287de038ae0503acef12bd2890a0cb0aa187840100a094eea6ed814fa1cb8d7
cable,mirnetv2,cable/poke_insulation/004,1,0.42249348759651184,d287de038ae0503acef12bd2890a0cb0aa187840100a094eea6ed814fa1cb8d7
cable,mirnetv2,cable/poke_insulation/005,1,0.3651973009109497,d287de038ae0503acef12bd2890a0cb0aa187840100a094eea6ed814fa1cb8d7
cable,mirnetv2,cable/poke_insulation/006,1,0.44382616877555847,d287de038ae0503acef12bd2890a0cb0aa187840100a094eea6ed814fa1cb8d7
cable,mirnetv2,cable/poke_insulation/007,1,0.4102853238582611,d287de038ae0503acef12bd2890a0cb0aa187840100a094eea6ed814fa1cb8d7
cable,mirnetv2,cable/poke_insulation/008,1,0.618416965007782,d287de038ae0503acef12bd2890a0cb0aa187840100a094eea6ed814fa1cb8d7
cable,mirnetv2,cable/poke_insulation/009,1,0.6083794236183167,d287de038ae0503acef12bd2890a0cb0aa187840100a094eea6ed814fa1cb8d7
cable,icra,cable/bent_wire/000,1,0.29347991943359375,d287de038ae0503acef12bd2890a0cb0aa187840100a094eea6ed814fa1cb8d7
cable,icra,cable/bent_wire/001,1,0.3416859209537506,d287de038ae0503acef12bd2890a0cb0aa187840100a094eea6ed814fa1cb8d7
cable,icra,cable/bent_wire/002,1,0.2842932641506195,d287de038ae0503acef12bd2890a0cb0aa187840100a094eea6ed814fa1cb8d7
cable,icra,cable/bent_wire/003,1,0.2306799441576004,d287de038ae0503acef12bd2890a0cb0aa187840100a094eea6ed814fa1cb8d7
cable,icra,cable/bent_wire/004,1,0.24658511579036713,d287de038ae0503acef12bd2890a0cb0aa187840100a094eea6ed814fa1cb8d7
cable,icra,cable/bent_wire/005,1,0.23562833666801453,d287de038ae0503acef12bd2890a0cb0aa187840100a094eea6ed814fa1cb8d7
cable,icra,cable/bent_wire/006,1,0.3413381576538086,d287de038ae0503acef12bd2890a0cb0aa187840100a094eea6ed814fa1cb8d7
cable,icra,cable/bent_wire/007,1,0.27157700061798096,d287de038ae0503acef12bd2890a0cb0aa187840100a094eea6ed814fa1cb8d7
cable,icra,cable/bent_wire/008,1,0.2840120494365692,d287de038ae0503acef12bd2890a0cb0aa187840100a094eea6ed814fa1cb8d7
cable,icra,cable/bent_wire/009,1,0.31425437331199646,d287de038ae0503acef12bd2890a0cb0aa187840100a094eea6ed814fa1cb8d7
cable,icra,cable/bent_wire/010,1,0.24463677406311035,d287de038ae0503acef12bd2890a0cb0aa187840100a094eea6ed814fa1cb8d7
cable,icra,cable/bent_wire/011,1,0.2727925479412079,d287de038ae0503acef12bd2890a0cb0aa187840100a094eea6ed814fa1cb8d7
cable,icra,cable/bent_wire/012,1,0.37065795063972473,d287de038ae0503acef12bd2890a0cb0aa187840100a094eea6ed814fa1cb8d7
cable,icra,cable/cable_swap/000,1,0.23769624531269073,d287de038ae0503acef12bd2890a0cb0aa187840100a094eea6ed814fa1cb8d7
cable,icra,cable/cable_swap/001,1,0.3368350863456726,d287de038ae0503acef12bd2890a0cb0aa187840100a094eea6ed814fa1cb8d7
cable,icra,cable/cable_swap/002,1,0.3106831908226013,d287de038ae0503acef12bd2890a0cb0aa187840100a094eea6ed814fa1cb8d7
cable,icra,cable/cable_swap/003,1,0.3252244293689728,d287de038ae0503acef12bd2890a0cb0aa187840100a094eea6ed814fa1cb8d7
cable,icra,cable/cable_swap/004,1,0.280971884727478,d287de038ae0503acef12bd2890a0cb0aa187840100a094eea6ed814fa1cb8d7
cable,icra,cable/cable_swap/005,1,0.30992987751960754,d287de038ae0503acef12bd2890a0cb0aa187840100a094eea6ed814fa1cb8d7
cable,icra,cable/cable_swap/006,1,0.3101983666419983,d287de038ae0503acef12bd2890a0cb0aa187840100a094eea6ed814fa1cb8d7
cable,icra,cable/cable_swap/007,1,0.26472756266593933,d287de038ae0503acef12bd2890a0cb0aa187840100a094eea6ed814fa1cb8d7
cable,icra,cable/cable_swap/008,1,0.3129565119743347,d287de038ae0503acef12bd2890a0cb0aa187840100a094eea6ed814fa1cb8d7
cable,icra,cable/cable_swap/009,1,0.2652257978916168,d287de038ae0503acef12bd2890a0cb0aa187840100a094eea6ed814fa1cb8d7
cable,icra,cable/cable_swap/010,1,0.24623702466487885,d287de038ae0503acef12bd2890a0cb0aa187840100a094eea6ed814fa1cb8d7
cable,icra,cable/cable_swap/011,1,0.2524649500846863,d287de038ae0503acef12bd2890a0cb0aa187840100a094eea6ed814fa1cb8d7
cable,icra,cable/combined/000,1,0.35130923986434937,d287de038ae0503acef12bd2890a0cb0aa187840100a094eea6ed814fa1cb8d7
cable,icra,cable/combined/001,1,0.32928505539894104,d287de038ae0503acef12bd2890a0cb0aa187840100a094eea6ed814fa1cb8d7
cable,icra,cable/combined/002,1,0.24806982278823853,d287de038ae0503acef12bd2890a0cb0aa187840100a094eea6ed814fa1cb8d7
cable,icra,cable/combined/003,1,0.25132766366004944,d287de038ae0503acef12bd2890a0cb0aa187840100a094eea6ed814fa1cb8d7
cable,icra,cable/combined/004,1,0.24978381395339966,d287de038ae0503acef12bd2890a0cb0aa187840100a094eea6ed814fa1cb8d7
cable,icra,cable/combined/005,1,0.31019991636276245,d287de038ae0503acef12bd2890a0cb0aa187840100a094eea6ed814fa1cb8d7
cable,icra,cable/combined/006,1,0.3174762725830078,d287de038ae0503acef12bd2890a0cb0aa187840100a094eea6ed814fa1cb8d7
cable,icra,cable/combined/007,1,0.31909269094467163,d287de038ae0503acef12bd2890a0cb0aa187840100a094eea6ed814fa1cb8d7
cable,icra,cable/combined/008,1,0.4084181785583496,d287de038ae0503acef12bd2890a0cb0aa187840100a094eea6ed814fa1cb8d7
cable,icra,cable/combined/009,1,0.2766300439834595,d287de038ae0503acef12bd2890a0cb0aa187840100a094eea6ed814fa1cb8d7
cable,icra,cable/combined/010,1,0.3379817306995392,d287de038ae0503acef12bd2890a0cb0aa187840100a094eea6ed814fa1cb8d7
cable,icra,cable/cut_inner_insulation/000,1,0.22177954018115997,d287de038ae0503acef12bd2890a0cb0aa187840100a094eea6ed814fa1cb8d7
cable,icra,cable/cut_inner_insulation/001,1,0.317666620016098,d287de038ae0503acef12bd2890a0cb0aa187840100a094eea6ed814fa1cb8d7
cable,icra,cable/cut_inner_insulation/002,1,0.2988522946834564,d287de038ae0503acef12bd2890a0cb0aa187840100a094eea6ed814fa1cb8d7
cable,icra,cable/cut_inner_insulation/003,1,0.30015358328819275,d287de038ae0503acef12bd2890a0cb0aa187840100a094eea6ed814fa1cb8d7
cable,icra,cable/cut_inner_insulation/004,1,0.396417498588562,d287de038ae0503acef12bd2890a0cb0aa187840100a094eea6ed814fa1cb8d7
cable,icra,cable/cut_inner_insulation/005,1,0.2819676399230957,d287de038ae0503acef12bd2890a0cb0aa187840100a094eea6ed814fa1cb8d7
cable,icra,cable/cut_inner_insulation/006,1,0.22635899484157562,d287de038ae0503acef12bd2890a0cb0aa187840100a094eea6ed814fa1cb8d7
cable,icra,cable/cut_inner_insulation/007,1,0.22287920117378235,d287de038ae0503acef12bd2890a0cb0aa187840100a094eea6ed814fa1cb8d7
cable,icra,cable/cut_inner_insulation/008,1,0.22624200582504272,d287de038ae0503acef12bd2890a0cb0aa187840100a094eea6ed814fa1cb8d7
cable,icra,cable/cut_inner_insulation/009,1,0.27880731225013733,d287de038ae0503acef12bd2890a0cb0aa187840100a094eea6ed814fa1cb8d7
cable,icra,cable/cut_inner_insulation/010,1,0.22476696968078613,d287de038ae0503acef12bd2890a0cb0aa187840100a094eea6ed814fa1cb8d7
cable,icra,cable/cut_inner_insulation/011,1,0.2620506286621094,d287de038ae0503acef12bd2890a0cb0aa187840100a094eea6ed814fa1cb8d7
cable,icra,cable/cut_inner_insulation/012,1,0.27175021171569824,d287de038ae0503acef12bd2890a0cb0aa187840100a094eea6ed814fa1cb8d7
cable,icra,cable/cut_inner_insulation/013,1,0.26262831687927246,d287de038ae0503acef12bd2890a0cb0aa187840100a094eea6ed814fa1cb8d7
cable,icra,cable/cut_outer_insulation/000,1,0.2304447591304779,d287de038ae0503acef12bd2890a0cb0aa187840100a094eea6ed814fa1cb8d7
cable,icra,cable/cut_outer_insulation/001,1,0.21936985850334167,d287de038ae0503acef12bd2890a0cb0aa187840100a094eea6ed814fa1cb8d7
cable,icra,cable/cut_outer_insulation/002,1,0.21143878996372223,d287de038ae0503acef12bd2890a0cb0aa187840100a094eea6ed814fa1cb8d7
cable,icra,cable/cut_outer_insulation/003,1,0.2532539665699005,d287de038ae0503acef12bd2890a0cb0aa187840100a094eea6ed814fa1cb8d7
cable,icra,cable/cut_outer_insulation/004,1,0.22813494503498077,d287de038ae0503acef12bd2890a0cb0aa187840100a094eea6ed814fa1cb8d7
cable,icra,cable/cut_outer_insulation/005,1,0.21905912458896637,d287de038ae0503acef12bd2890a0cb0aa187840100a094eea6ed814fa1cb8d7
cable,icra,cable/cut_outer_insulation/006,1,0.24623745679855347,d287de038ae0503acef12bd2890a0cb0aa187840100a094eea6ed814fa1cb8d7
cable,icra,cable/cut_outer_insulation/007,1,0.2537498474121094,d287de038ae0503acef12bd2890a0cb0aa187840100a094eea6ed814fa1cb8d7
cable,icra,cable/cut_outer_insulation/008,1,0.24904963374137878,d287de038ae0503acef12bd2890a0cb0aa187840100a094eea6ed814fa1cb8d7
cable,icra,cable/cut_outer_insulation/009,1,0.27696260809898376,d287de038ae0503acef12bd2890a0cb0aa187840100a094eea6ed814fa1cb8d7
cable,icra,cable/good/000,0,0.322380930185318,d287de038ae0503acef12bd2890a0cb0aa187840100a094eea6ed814fa1cb8d7
cable,icra,cable/good/001,0,0.23591850697994232,d287de038ae0503acef12bd2890a0cb0aa187840100a094eea6ed814fa1cb8d7
cable,icra,cable/good/002,0,0.3403145372867584,d287de038ae0503acef12bd2890a0cb0aa187840100a094eea6ed814fa1cb8d7
cable,icra,cable/good/003,0,0.41004571318626404,d287de038ae0503acef12bd2890a0cb0aa187840100a094eea6ed814fa1cb8d7
cable,icra,cable/good/004,0,0.242624893784523,d287de038ae0503acef12bd2890a0cb0aa187840100a094eea6ed814fa1cb8d7
cable,icra,cable/good/005,0,0.26896828413009644,d287de038ae0503acef12bd2890a0cb0aa187840100a094eea6ed814fa1cb8d7
cable,icra,cable/good/006,0,0.34397250413894653,d287de038ae0503acef12bd2890a0cb0aa187840100a094eea6ed814fa1cb8d7
cable,icra,cable/good/007,0,0.39637261629104614,d287de038ae0503acef12bd2890a0cb0aa187840100a094eea6ed814fa1cb8d7
cable,icra,cable/good/008,0,0.2421538531780243,d287de038ae0503acef12bd2890a0cb0aa187840100a094eea6ed814fa1cb8d7
cable,icra,cable/good/009,0,0.40762150287628174,d287de038ae0503acef12bd2890a0cb0aa187840100a094eea6ed814fa1cb8d7
cable,icra,cable/good/010,0,0.2593208849430084,d287de038ae0503acef12bd2890a0cb0aa187840100a094eea6ed814fa1cb8d7
cable,icra,cable/good/011,0,0.2851879596710205,d287de038ae0503acef12bd2890a0cb0aa187840100a094eea6ed814fa1cb8d7
cable,icra,cable/good/012,0,0.2995135486125946,d287de038ae0503acef12bd2890a0cb0aa187840100a094eea6ed814fa1cb8d7
cable,icra,cable/good/013,0,0.3312978148460388,d287de038ae0503acef12bd2890a0cb0aa187840100a094eea6ed814fa1cb8d7
cable,icra,cable/good/014,0,0.26997658610343933,d287de038ae0503acef12bd2890a0cb0aa187840100a094eea6ed814fa1cb8d7
cable,icra,cable/good/015,0,0.25003644824028015,d287de038ae0503acef12bd2890a0cb0aa187840100a094eea6ed814fa1cb8d7
cable,icra,cable/good/016,0,0.2389134019613266,d287de038ae0503acef12bd2890a0cb0aa187840100a094eea6ed814fa1cb8d7
cable,icra,cable/good/017,0,0.24883194267749786,d287de038ae0503acef12bd2890a0cb0aa187840100a094eea6ed814fa1cb8d7
cable,icra,cable/good/018,0,0.2325073480606079,d287de038ae0503acef12bd2890a0cb0aa187840100a094eea6ed814fa1cb8d7
cable,icra,cable/good/019,0,0.26203596591949463,d287de038ae0503acef12bd2890a0cb0aa187840100a094eea6ed814fa1cb8d7
cable,icra,cable/good/020,0,0.3184269070625305,d287de038ae0503acef12bd2890a0cb0aa187840100a094eea6ed814fa1cb8d7
cable,icra,cable/good/021,0,0.3802873492240906,d287de038ae0503acef12bd2890a0cb0aa187840100a094eea6ed814fa1cb8d7
cable,icra,cable/good/022,0,0.2281339466571808,d287de038ae0503acef12bd2890a0cb0aa187840100a094eea6ed814fa1cb8d7
cable,icra,cable/good/023,0,0.22679577767848969,d287de038ae0503acef12bd2890a0cb0aa187840100a094eea6ed814fa1cb8d7
cable,icra,cable/good/024,0,0.28465306758880615,d287de038ae0503acef12bd2890a0cb0aa187840100a094eea6ed814fa1cb8d7
cable,icra,cable/good/025,0,0.29919469356536865,d287de038ae0503acef12bd2890a0cb0aa187840100a094eea6ed814fa1cb8d7
cable,icra,cable/good/026,0,0.28179746866226196,d287de038ae0503acef12bd2890a0cb0aa187840100a094eea6ed814fa1cb8d7
cable,icra,cable/good/027,0,0.2166348546743393,d287de038ae0503acef12bd2890a0cb0aa187840100a094eea6ed814fa1cb8d7
cable,icra,cable/good/028,0,0.2436680793762207,d287de038ae0503acef12bd2890a0cb0aa187840100a094eea6ed814fa1cb8d7
cable,icra,cable/good/029,0,0.20424091815948486,d287de038ae0503acef12bd2890a0cb0aa187840100a094eea6ed814fa1cb8d7
cable,icra,cable/good/030,0,0.2738345265388489,d287de038ae0503acef12bd2890a0cb0aa187840100a094eea6ed814fa1cb8d7
cable,icra,cable/good/031,0,0.22036974132061005,d287de038ae0503acef12bd2890a0cb0aa187840100a094eea6ed814fa1cb8d7
cable,icra,cable/good/032,0,0.33935391902923584,d287de038ae0503acef12bd2890a0cb0aa187840100a094eea6ed814fa1cb8d7
cable,icra,cable/good/033,0,0.2603483200073242,d287de038ae0503acef12bd2890a0cb0aa187840100a094eea6ed814fa1cb8d7
cable,icra,cable/good/034,0,0.24279551208019257,d287de038ae0503acef12bd2890a0cb0aa187840100a094eea6ed814fa1cb8d7
cable,icra,cable/good/035,0,0.34782642126083374,d287de038ae0503acef12bd2890a0cb0aa187840100a094eea6ed814fa1cb8d7
cable,icra,cable/good/036,0,0.22070975601673126,d287de038ae0503acef12bd2890a0cb0aa187840100a094eea6ed814fa1cb8d7
cable,icra,cable/good/037,0,0.29806286096572876,d287de038ae0503acef12bd2890a0cb0aa187840100a094eea6ed814fa1cb8d7
cable,icra,cable/good/038,0,0.34381774067878723,d287de038ae0503acef12bd2890a0cb0aa187840100a094eea6ed814fa1cb8d7
cable,icra,cable/good/039,0,0.3370066285133362,d287de038ae0503acef12bd2890a0cb0aa187840100a094eea6ed814fa1cb8d7
cable,icra,cable/good/040,0,0.30067840218544006,d287de038ae0503acef12bd2890a0cb0aa187840100a094eea6ed814fa1cb8d7
cable,icra,cable/good/041,0,0.2824415862560272,d287de038ae0503acef12bd2890a0cb0aa187840100a094eea6ed814fa1cb8d7
cable,icra,cable/good/042,0,0.2436264008283615,d287de038ae0503acef12bd2890a0cb0aa187840100a094eea6ed814fa1cb8d7
cable,icra,cable/good/043,0,0.23893900215625763,d287de038ae0503acef12bd2890a0cb0aa187840100a094eea6ed814fa1cb8d7
cable,icra,cable/good/044,0,0.39962315559387207,d287de038ae0503acef12bd2890a0cb0aa187840100a094eea6ed814fa1cb8d7
cable,icra,cable/good/045,0,0.23374173045158386,d287de038ae0503acef12bd2890a0cb0aa187840100a094eea6ed814fa1cb8d7
cable,icra,cable/good/046,0,0.36386364698410034,d287de038ae0503acef12bd2890a0cb0aa187840100a094eea6ed814fa1cb8d7
cable,icra,cable/good/047,0,0.3284023404121399,d287de038ae0503acef12bd2890a0cb0aa187840100a094eea6ed814fa1cb8d7
cable,icra,cable/good/048,0,0.253656268119812,d287de038ae0503acef12bd2890a0cb0aa187840100a094eea6ed814fa1cb8d7
cable,icra,cable/good/049,0,0.2395983785390854,d287de038ae0503acef12bd2890a0cb0aa187840100a094eea6ed814fa1cb8d7
cable,icra,cable/good/050,0,0.27394017577171326,d287de038ae0503acef12bd2890a0cb0aa187840100a094eea6ed814fa1cb8d7
cable,icra,cable/good/051,0,0.2609002888202667,d287de038ae0503acef12bd2890a0cb0aa187840100a094eea6ed814fa1cb8d7
cable,icra,cable/good/052,0,0.3450453281402588,d287de038ae0503acef12bd2890a0cb0aa187840100a094eea6ed814fa1cb8d7
cable,icra,cable/good/053,0,0.2946884334087372,d287de038ae0503acef12bd2890a0cb0aa187840100a094eea6ed814fa1cb8d7
cable,icra,cable/good/054,0,0.32699331641197205,d287de038ae0503acef12bd2890a0cb0aa187840100a094eea6ed814fa1cb8d7
cable,icra,cable/good/055,0,0.345651239156723,d287de038ae0503acef12bd2890a0cb0aa187840100a094eea6ed814fa1cb8d7
cable,icra,cable/good/056,0,0.23412849009037018,d287de038ae0503acef12bd2890a0cb0aa187840100a094eea6ed814fa1cb8d7
cable,icra,cable/good/057,0,0.3461178243160248,d287de038ae0503acef12bd2890a0cb0aa187840100a094eea6ed814fa1cb8d7
cable,icra,cable/missing_cable/000,1,0.2414671927690506,d287de038ae0503acef12bd2890a0cb0aa187840100a094eea6ed814fa1cb8d7
cable,icra,cable/missing_cable/001,1,0.26067638397216797,d287de038ae0503acef12bd2890a0cb0aa187840100a094eea6ed814fa1cb8d7
cable,icra,cable/missing_cable/002,1,0.2912236452102661,d287de038ae0503acef12bd2890a0cb0aa187840100a094eea6ed814fa1cb8d7
cable,icra,cable/missing_cable/003,1,0.3138762414455414,d287de038ae0503acef12bd2890a0cb0aa187840100a094eea6ed814fa1cb8d7
cable,icra,cable/missing_cable/004,1,0.26543793082237244,d287de038ae0503acef12bd2890a0cb0aa187840100a094eea6ed814fa1cb8d7
cable,icra,cable/missing_cable/005,1,0.24957573413848877,d287de038ae0503acef12bd2890a0cb0aa187840100a094eea6ed814fa1cb8d7
cable,icra,cable/missing_cable/006,1,0.3232099115848541,d287de038ae0503acef12bd2890a0cb0aa187840100a094eea6ed814fa1cb8d7
cable,icra,cable/missing_cable/007,1,0.31015917658805847,d287de038ae0503acef12bd2890a0cb0aa187840100a094eea6ed814fa1cb8d7
cable,icra,cable/missing_cable/008,1,0.29883643984794617,d287de038ae0503acef12bd2890a0cb0aa187840100a094eea6ed814fa1cb8d7
cable,icra,cable/missing_cable/009,1,0.31697043776512146,d287de038ae0503acef12bd2890a0cb0aa187840100a094eea6ed814fa1cb8d7
cable,icra,cable/missing_cable/010,1,0.2559584975242615,d287de038ae0503acef12bd2890a0cb0aa187840100a094eea6ed814fa1cb8d7
cable,icra,cable/missing_cable/011,1,0.2884303331375122,d287de038ae0503acef12bd2890a0cb0aa187840100a094eea6ed814fa1cb8d7
cable,icra,cable/missing_wire/000,1,0.22197511792182922,d287de038ae0503acef12bd2890a0cb0aa187840100a094eea6ed814fa1cb8d7
cable,icra,cable/missing_wire/001,1,0.23654478788375854,d287de038ae0503acef12bd2890a0cb0aa187840100a094eea6ed814fa1cb8d7
cable,icra,cable/missing_wire/002,1,0.35177168250083923,d287de038ae0503acef12bd2890a0cb0aa187840100a094eea6ed814fa1cb8d7
cable,icra,cable/missing_wire/003,1,0.45036864280700684,d287de038ae0503acef12bd2890a0cb0aa187840100a094eea6ed814fa1cb8d7
cable,icra,cable/missing_wire/004,1,0.2875611484050751,d287de038ae0503acef12bd2890a0cb0aa187840100a094eea6ed814fa1cb8d7
cable,icra,cable/missing_wire/005,1,0.3429287075996399,d287de038ae0503acef12bd2890a0cb0aa187840100a094eea6ed814fa1cb8d7
cable,icra,cable/missing_wire/006,1,0.3385363221168518,d287de038ae0503acef12bd2890a0cb0aa187840100a094eea6ed814fa1cb8d7
cable,icra,cable/missing_wire/007,1,0.2422177940607071,d287de038ae0503acef12bd2890a0cb0aa187840100a094eea6ed814fa1cb8d7
cable,icra,cable/missing_wire/008,1,0.32754477858543396,d287de038ae0503acef12bd2890a0cb0aa187840100a094eea6ed814fa1cb8d7
cable,icra,cable/missing_wire/009,1,0.3121069073677063,d287de038ae0503acef12bd2890a0cb0aa187840100a094eea6ed814fa1cb8d7
cable,icra,cable/poke_insulation/000,1,0.3364216983318329,d287de038ae0503acef12bd2890a0cb0aa187840100a094eea6ed814fa1cb8d7
cable,icra,cable/poke_insulation/001,1,0.2688102722167969,d287de038ae0503acef12bd2890a0cb0aa187840100a094eea6ed814fa1cb8d7
cable,icra,cable/poke_insulation/002,1,0.4014720618724823,d287de038ae0503acef12bd2890a0cb0aa187840100a094eea6ed814fa1cb8d7
cable,icra,cable/poke_insulation/003,1,0.2781698703765869,d287de038ae0503acef12bd2890a0cb0aa187840100a094eea6ed814fa1cb8d7
cable,icra,cable/poke_insulation/004,1,0.24626068770885468,d287de038ae0503acef12bd2890a0cb0aa187840100a094eea6ed814fa1cb8d7
cable,icra,cable/poke_insulation/005,1,0.20182868838310242,d287de038ae0503acef12bd2890a0cb0aa187840100a094eea6ed814fa1cb8d7
cable,icra,cable/poke_insulation/006,1,0.2672116458415985,d287de038ae0503acef12bd2890a0cb0aa187840100a094eea6ed814fa1cb8d7
cable,icra,cable/poke_insulation/007,1,0.2538994550704956,d287de038ae0503acef12bd2890a0cb0aa187840100a094eea6ed814fa1cb8d7
cable,icra,cable/poke_insulation/008,1,0.3868860900402069,d287de038ae0503acef12bd2890a0cb0aa187840100a094eea6ed814fa1cb8d7
cable,icra,cable/poke_insulation/009,1,0.3497529625892639,d287de038ae0503acef12bd2890a0cb0aa187840100a094eea6ed814fa1cb8d7
capsule,dark,capsule/crack/000,1,0.6119752526283264,ff0f0b14186344445742999a369fab68464409efb134fef75bdb426283270e9d
capsule,dark,capsule/crack/001,1,0.6043444871902466,ff0f0b14186344445742999a369fab68464409efb134fef75bdb426283270e9d
capsule,dark,capsule/crack/002,1,0.6407878398895264,ff0f0b14186344445742999a369fab68464409efb134fef75bdb426283270e9d
capsule,dark,capsule/crack/003,1,0.5983651280403137,ff0f0b14186344445742999a369fab68464409efb134fef75bdb426283270e9d
capsule,dark,capsule/crack/004,1,0.5896181464195251,ff0f0b14186344445742999a369fab68464409efb134fef75bdb426283270e9d
capsule,dark,capsule/crack/005,1,0.6149899959564209,ff0f0b14186344445742999a369fab68464409efb134fef75bdb426283270e9d
capsule,dark,capsule/crack/006,1,0.6472291350364685,ff0f0b14186344445742999a369fab68464409efb134fef75bdb426283270e9d
capsule,dark,capsule/crack/007,1,0.6219756603240967,ff0f0b14186344445742999a369fab68464409efb134fef75bdb426283270e9d
capsule,dark,capsule/crack/008,1,0.6169994473457336,ff0f0b14186344445742999a369fab68464409efb134fef75bdb426283270e9d
capsule,dark,capsule/crack/009,1,0.6190783381462097,ff0f0b14186344445742999a369fab68464409efb134fef75bdb426283270e9d
capsule,dark,capsule/crack/010,1,0.6238706707954407,ff0f0b14186344445742999a369fab68464409efb134fef75bdb426283270e9d
capsule,dark,capsule/crack/011,1,0.6514073610305786,ff0f0b14186344445742999a369fab68464409efb134fef75bdb426283270e9d
capsule,dark,capsule/crack/012,1,0.6756091117858887,ff0f0b14186344445742999a369fab68464409efb134fef75bdb426283270e9d
capsule,dark,capsule/crack/013,1,0.6601203083992004,ff0f0b14186344445742999a369fab68464409efb134fef75bdb426283270e9d
capsule,dark,capsule/crack/014,1,0.6612772345542908,ff0f0b14186344445742999a369fab68464409efb134fef75bdb426283270e9d
capsule,dark,capsule/crack/015,1,0.6341235637664795,ff0f0b14186344445742999a369fab68464409efb134fef75bdb426283270e9d
capsule,dark,capsule/crack/016,1,0.6177722215652466,ff0f0b14186344445742999a369fab68464409efb134fef75bdb426283270e9d
capsule,dark,capsule/crack/017,1,0.5881954431533813,ff0f0b14186344445742999a369fab68464409efb134fef75bdb426283270e9d
capsule,dark,capsule/crack/018,1,0.6555566191673279,ff0f0b14186344445742999a369fab68464409efb134fef75bdb426283270e9d
capsule,dark,capsule/crack/019,1,0.6744401454925537,ff0f0b14186344445742999a369fab68464409efb134fef75bdb426283270e9d
capsule,dark,capsule/crack/020,1,0.6421425938606262,ff0f0b14186344445742999a369fab68464409efb134fef75bdb426283270e9d
capsule,dark,capsule/crack/021,1,0.678172767162323,ff0f0b14186344445742999a369fab68464409efb134fef75bdb426283270e9d
capsule,dark,capsule/crack/022,1,0.6290318369865417,ff0f0b14186344445742999a369fab68464409efb134fef75bdb426283270e9d
capsule,dark,capsule/faulty_imprint/000,1,0.6025601625442505,ff0f0b14186344445742999a369fab68464409efb134fef75bdb426283270e9d
capsule,dark,capsule/faulty_imprint/001,1,0.6447398066520691,ff0f0b14186344445742999a369fab68464409efb134fef75bdb426283270e9d
capsule,dark,capsule/faulty_imprint/002,1,0.6581488251686096,ff0f0b14186344445742999a369fab68464409efb134fef75bdb426283270e9d
capsule,dark,capsule/faulty_imprint/003,1,0.6253928542137146,ff0f0b14186344445742999a369fab68464409efb134fef75bdb426283270e9d
capsule,dark,capsule/faulty_imprint/004,1,0.5814387798309326,ff0f0b14186344445742999a369fab68464409efb134fef75bdb426283270e9d
capsule,dark,capsule/faulty_imprint/005,1,0.5829747319221497,ff0f0b14186344445742999a369fab68464409efb134fef75bdb426283270e9d
capsule,dark,capsule/faulty_imprint/006,1,0.5925735831260681,ff0f0b14186344445742999a369fab68464409efb134fef75bdb426283270e9d
capsule,dark,capsule/faulty_imprint/007,1,0.6479931473731995,ff0f0b14186344445742999a369fab68464409efb134fef75bdb426283270e9d
capsule,dark,capsule/faulty_imprint/008,1,0.5982643365859985,ff0f0b14186344445742999a369fab68464409efb134fef75bdb426283270e9d
capsule,dark,capsule/faulty_imprint/009,1,0.6053046584129333,ff0f0b14186344445742999a369fab68464409efb134fef75bdb426283270e9d
capsule,dark,capsule/faulty_imprint/010,1,0.6608153581619263,ff0f0b14186344445742999a369fab68464409efb134fef75bdb426283270e9d
capsule,dark,capsule/faulty_imprint/011,1,0.6303715109825134,ff0f0b14186344445742999a369fab68464409efb134fef75bdb426283270e9d
capsule,dark,capsule/faulty_imprint/012,1,0.6456177234649658,ff0f0b14186344445742999a369fab68464409efb134fef75bdb426283270e9d
capsule,dark,capsule/faulty_imprint/013,1,0.6415908932685852,ff0f0b14186344445742999a369fab68464409efb134fef75bdb426283270e9d
capsule,dark,capsule/faulty_imprint/014,1,0.6464759707450867,ff0f0b14186344445742999a369fab68464409efb134fef75bdb426283270e9d
capsule,dark,capsule/faulty_imprint/015,1,0.5820141434669495,ff0f0b14186344445742999a369fab68464409efb134fef75bdb426283270e9d
capsule,dark,capsule/faulty_imprint/016,1,0.5883471369743347,ff0f0b14186344445742999a369fab68464409efb134fef75bdb426283270e9d
capsule,dark,capsule/faulty_imprint/017,1,0.66182941198349,ff0f0b14186344445742999a369fab68464409efb134fef75bdb426283270e9d
capsule,dark,capsule/faulty_imprint/018,1,0.6538006663322449,ff0f0b14186344445742999a369fab68464409efb134fef75bdb426283270e9d
capsule,dark,capsule/faulty_imprint/019,1,0.6029129028320312,ff0f0b14186344445742999a369fab68464409efb134fef75bdb426283270e9d
capsule,dark,capsule/faulty_imprint/020,1,0.6373286247253418,ff0f0b14186344445742999a369fab68464409efb134fef75bdb426283270e9d
capsule,dark,capsule/faulty_imprint/021,1,0.6079311370849609,ff0f0b14186344445742999a369fab68464409efb134fef75bdb426283270e9d
capsule,dark,capsule/good/000,0,0.6346830129623413,ff0f0b14186344445742999a369fab68464409efb134fef75bdb426283270e9d
capsule,dark,capsule/good/001,0,0.5852230191230774,ff0f0b14186344445742999a369fab68464409efb134fef75bdb426283270e9d
capsule,dark,capsule/good/002,0,0.6470422148704529,ff0f0b14186344445742999a369fab68464409efb134fef75bdb426283270e9d
capsule,dark,capsule/good/003,0,0.6373662352561951,ff0f0b14186344445742999a369fab68464409efb134fef75bdb426283270e9d
capsule,dark,capsule/good/004,0,0.646625816822052,ff0f0b14186344445742999a369fab68464409efb134fef75bdb426283270e9d
capsule,dark,capsule/good/005,0,0.6532688736915588,ff0f0b14186344445742999a369fab68464409efb134fef75bdb426283270e9d
capsule,dark,capsule/good/006,0,0.6453909277915955,ff0f0b14186344445742999a369fab68464409efb134fef75bdb426283270e9d
capsule,dark,capsule/good/007,0,0.6274538040161133,ff0f0b14186344445742999a369fab68464409efb134fef75bdb426283270e9d
capsule,dark,capsule/good/008,0,0.5768681764602661,ff0f0b14186344445742999a369fab68464409efb134fef75bdb426283270e9d
capsule,dark,capsule/good/009,0,0.6370733976364136,ff0f0b14186344445742999a369fab68464409efb134fef75bdb426283270e9d
capsule,dark,capsule/good/010,0,0.664991557598114,ff0f0b14186344445742999a369fab68464409efb134fef75bdb426283270e9d
capsule,dark,capsule/good/011,0,0.6416481733322144,ff0f0b14186344445742999a369fab68464409efb134fef75bdb426283270e9d
capsule,dark,capsule/good/012,0,0.6033612489700317,ff0f0b14186344445742999a369fab68464409efb134fef75bdb426283270e9d
capsule,dark,capsule/good/013,0,0.6213299632072449,ff0f0b14186344445742999a369fab68464409efb134fef75bdb426283270e9d
capsule,dark,capsule/good/014,0,0.599136233329773,ff0f0b14186344445742999a369fab68464409efb134fef75bdb426283270e9d
capsule,dark,capsule/good/015,0,0.6196335554122925,ff0f0b14186344445742999a369fab68464409efb134fef75bdb426283270e9d
capsule,dark,capsule/good/016,0,0.6400449872016907,ff0f0b14186344445742999a369fab68464409efb134fef75bdb426283270e9d
capsule,dark,capsule/good/017,0,0.6835976243019104,ff0f0b14186344445742999a369fab68464409efb134fef75bdb426283270e9d
capsule,dark,capsule/good/018,0,0.6413667798042297,ff0f0b14186344445742999a369fab68464409efb134fef75bdb426283270e9d
capsule,dark,capsule/good/019,0,0.6494725346565247,ff0f0b14186344445742999a369fab68464409efb134fef75bdb426283270e9d
capsule,dark,capsule/good/020,0,0.6073238849639893,ff0f0b14186344445742999a369fab68464409efb134fef75bdb426283270e9d
capsule,dark,capsule/good/021,0,0.6328098177909851,ff0f0b14186344445742999a369fab68464409efb134fef75bdb426283270e9d
capsule,dark,capsule/good/022,0,0.6518486738204956,ff0f0b14186344445742999a369fab68464409efb134fef75bdb426283270e9d
capsule,dark,capsule/poke/000,1,0.6268197894096375,ff0f0b14186344445742999a369fab68464409efb134fef75bdb426283270e9d
capsule,dark,capsule/poke/001,1,0.6847002506256104,ff0f0b14186344445742999a369fab68464409efb134fef75bdb426283270e9d
capsule,dark,capsule/poke/002,1,0.6467987298965454,ff0f0b14186344445742999a369fab68464409efb134fef75bdb426283270e9d
capsule,dark,capsule/poke/003,1,0.6613633632659912,ff0f0b14186344445742999a369fab68464409efb134fef75bdb426283270e9d
capsule,dark,capsule/poke/004,1,0.6393275260925293,ff0f0b14186344445742999a369fab68464409efb134fef75bdb426283270e9d
capsule,dark,capsule/poke/005,1,0.6429673433303833,ff0f0b14186344445742999a369fab68464409efb134fef75bdb426283270e9d
capsule,dark,capsule/poke/006,1,0.6298781037330627,ff0f0b14186344445742999a369fab68464409efb134fef75bdb426283270e9d
capsule,dark,capsule/poke/007,1,0.6940092444419861,ff0f0b14186344445742999a369fab68464409efb134fef75bdb426283270e9d
capsule,dark,capsule/poke/008,1,0.569145143032074,ff0f0b14186344445742999a369fab68464409efb134fef75bdb426283270e9d
capsule,dark,capsule/poke/009,1,0.6633848547935486,ff0f0b14186344445742999a369fab68464409efb134fef75bdb426283270e9d
capsule,dark,capsule/poke/010,1,0.6632003784179688,ff0f0b14186344445742999a369fab68464409efb134fef75bdb426283270e9d
capsule,dark,capsule/poke/011,1,0.6253331899642944,ff0f0b14186344445742999a369fab68464409efb134fef75bdb426283270e9d
capsule,dark,capsule/poke/012,1,0.645722508430481,ff0f0b14186344445742999a369fab68464409efb134fef75bdb426283270e9d
capsule,dark,capsule/poke/013,1,0.6387117505073547,ff0f0b14186344445742999a369fab68464409efb134fef75bdb426283270e9d
capsule,dark,capsule/poke/014,1,0.588864266872406,ff0f0b14186344445742999a369fab68464409efb134fef75bdb426283270e9d
capsule,dark,capsule/poke/015,1,0.6462941765785217,ff0f0b14186344445742999a369fab68464409efb134fef75bdb426283270e9d
capsule,dark,capsule/poke/016,1,0.6452351808547974,ff0f0b14186344445742999a369fab68464409efb134fef75bdb426283270e9d
capsule,dark,capsule/poke/017,1,0.6448143720626831,ff0f0b14186344445742999a369fab68464409efb134fef75bdb426283270e9d
capsule,dark,capsule/poke/018,1,0.6511027812957764,ff0f0b14186344445742999a369fab68464409efb134fef75bdb426283270e9d
capsule,dark,capsule/poke/019,1,0.6616994738578796,ff0f0b14186344445742999a369fab68464409efb134fef75bdb426283270e9d
capsule,dark,capsule/poke/020,1,0.6256554126739502,ff0f0b14186344445742999a369fab68464409efb134fef75bdb426283270e9d
capsule,dark,capsule/scratch/000,1,0.59152752161026,ff0f0b14186344445742999a369fab68464409efb134fef75bdb426283270e9d
capsule,dark,capsule/scratch/001,1,0.600627601146698,ff0f0b14186344445742999a369fab68464409efb134fef75bdb426283270e9d
capsule,dark,capsule/scratch/002,1,0.610211968421936,ff0f0b14186344445742999a369fab68464409efb134fef75bdb426283270e9d
capsule,dark,capsule/scratch/003,1,0.6746074557304382,ff0f0b14186344445742999a369fab68464409efb134fef75bdb426283270e9d
capsule,dark,capsule/scratch/004,1,0.6075049042701721,ff0f0b14186344445742999a369fab68464409efb134fef75bdb426283270e9d
capsule,dark,capsule/scratch/005,1,0.6380304098129272,ff0f0b14186344445742999a369fab68464409efb134fef75bdb426283270e9d
capsule,dark,capsule/scratch/006,1,0.6556412577629089,ff0f0b14186344445742999a369fab68464409efb134fef75bdb426283270e9d
capsule,dark,capsule/scratch/007,1,0.6447884440422058,ff0f0b14186344445742999a369fab68464409efb134fef75bdb426283270e9d
capsule,dark,capsule/scratch/008,1,0.6416208148002625,ff0f0b14186344445742999a369fab68464409efb134fef75bdb426283270e9d
capsule,dark,capsule/scratch/009,1,0.6515817642211914,ff0f0b14186344445742999a369fab68464409efb134fef75bdb426283270e9d
capsule,dark,capsule/scratch/010,1,0.6588402390480042,ff0f0b14186344445742999a369fab68464409efb134fef75bdb426283270e9d
capsule,dark,capsule/scratch/011,1,0.6835427284240723,ff0f0b14186344445742999a369fab68464409efb134fef75bdb426283270e9d
capsule,dark,capsule/scratch/012,1,0.5769610404968262,ff0f0b14186344445742999a369fab68464409efb134fef75bdb426283270e9d
capsule,dark,capsule/scratch/013,1,0.5979588627815247,ff0f0b14186344445742999a369fab68464409efb134fef75bdb426283270e9d
capsule,dark,capsule/scratch/014,1,0.6675240993499756,ff0f0b14186344445742999a369fab68464409efb134fef75bdb426283270e9d
capsule,dark,capsule/scratch/015,1,0.6675208806991577,ff0f0b14186344445742999a369fab68464409efb134fef75bdb426283270e9d
capsule,dark,capsule/scratch/016,1,0.6392558217048645,ff0f0b14186344445742999a369fab68464409efb134fef75bdb426283270e9d
capsule,dark,capsule/scratch/017,1,0.6496416926383972,ff0f0b14186344445742999a369fab68464409efb134fef75bdb426283270e9d
capsule,dark,capsule/scratch/018,1,0.6432319283485413,ff0f0b14186344445742999a369fab68464409efb134fef75bdb426283270e9d
capsule,dark,capsule/scratch/019,1,0.6405754685401917,ff0f0b14186344445742999a369fab68464409efb134fef75bdb426283270e9d
capsule,dark,capsule/scratch/020,1,0.6058084964752197,ff0f0b14186344445742999a369fab68464409efb134fef75bdb426283270e9d
capsule,dark,capsule/scratch/021,1,0.6456927061080933,ff0f0b14186344445742999a369fab68464409efb134fef75bdb426283270e9d
capsule,dark,capsule/scratch/022,1,0.631980299949646,ff0f0b14186344445742999a369fab68464409efb134fef75bdb426283270e9d
capsule,dark,capsule/squeeze/000,1,0.5891956686973572,ff0f0b14186344445742999a369fab68464409efb134fef75bdb426283270e9d
capsule,dark,capsule/squeeze/001,1,0.6674129962921143,ff0f0b14186344445742999a369fab68464409efb134fef75bdb426283270e9d
capsule,dark,capsule/squeeze/002,1,0.6673024892807007,ff0f0b14186344445742999a369fab68464409efb134fef75bdb426283270e9d
capsule,dark,capsule/squeeze/003,1,0.6513710021972656,ff0f0b14186344445742999a369fab68464409efb134fef75bdb426283270e9d
capsule,dark,capsule/squeeze/004,1,0.6408134698867798,ff0f0b14186344445742999a369fab68464409efb134fef75bdb426283270e9d
capsule,dark,capsule/squeeze/005,1,0.6587006449699402,ff0f0b14186344445742999a369fab68464409efb134fef75bdb426283270e9d
capsule,dark,capsule/squeeze/006,1,0.6366565823554993,ff0f0b14186344445742999a369fab68464409efb134fef75bdb426283270e9d
capsule,dark,capsule/squeeze/007,1,0.6191836595535278,ff0f0b14186344445742999a369fab68464409efb134fef75bdb426283270e9d
capsule,dark,capsule/squeeze/008,1,0.6485736966133118,ff0f0b14186344445742999a369fab68464409efb134fef75bdb426283270e9d
capsule,dark,capsule/squeeze/009,1,0.6226260662078857,ff0f0b14186344445742999a369fab68464409efb134fef75bdb426283270e9d
capsule,dark,capsule/squeeze/010,1,0.6107032895088196,ff0f0b14186344445742999a369fab68464409efb134fef75bdb426283270e9d
capsule,dark,capsule/squeeze/011,1,0.6595212817192078,ff0f0b14186344445742999a369fab68464409efb134fef75bdb426283270e9d
capsule,dark,capsule/squeeze/012,1,0.6274054646492004,ff0f0b14186344445742999a369fab68464409efb134fef75bdb426283270e9d
capsule,dark,capsule/squeeze/013,1,0.6520925164222717,ff0f0b14186344445742999a369fab68464409efb134fef75bdb426283270e9d
capsule,dark,capsule/squeeze/014,1,0.6684979796409607,ff0f0b14186344445742999a369fab68464409efb134fef75bdb426283270e9d
capsule,dark,capsule/squeeze/015,1,0.6818312406539917,ff0f0b14186344445742999a369fab68464409efb134fef75bdb426283270e9d
capsule,dark,capsule/squeeze/016,1,0.6012692451477051,ff0f0b14186344445742999a369fab68464409efb134fef75bdb426283270e9d
capsule,dark,capsule/squeeze/017,1,0.6317031979560852,ff0f0b14186344445742999a369fab68464409efb134fef75bdb426283270e9d
capsule,dark,capsule/squeeze/018,1,0.5980867147445679,ff0f0b14186344445742999a369fab68464409efb134fef75bdb426283270e9d
capsule,dark,capsule/squeeze/019,1,0.6287343502044678,ff0f0b14186344445742999a369fab68464409efb134fef75bdb426283270e9d
capsule,mirnetv2,capsule/crack/000,1,0.3432004153728485,ff0f0b14186344445742999a369fab68464409efb134fef75bdb426283270e9d
capsule,mirnetv2,capsule/crack/001,1,0.34952855110168457,ff0f0b14186344445742999a369fab68464409efb134fef75bdb426283270e9d
capsule,mirnetv2,capsule/crack/002,1,0.41510412096977234,ff0f0b14186344445742999a369fab68464409efb134fef75bdb426283270e9d
capsule,mirnetv2,capsule/crack/003,1,0.36977633833885193,ff0f0b14186344445742999a369fab68464409efb134fef75bdb426283270e9d
capsule,mirnetv2,capsule/crack/004,1,0.375745952129364,ff0f0b14186344445742999a369fab68464409efb134fef75bdb426283270e9d
capsule,mirnetv2,capsule/crack/005,1,0.3702346980571747,ff0f0b14186344445742999a369fab68464409efb134fef75bdb426283270e9d
capsule,mirnetv2,capsule/crack/006,1,0.3624826669692993,ff0f0b14186344445742999a369fab68464409efb134fef75bdb426283270e9d
capsule,mirnetv2,capsule/crack/007,1,0.36401474475860596,ff0f0b14186344445742999a369fab68464409efb134fef75bdb426283270e9d
capsule,mirnetv2,capsule/crack/008,1,0.365453839302063,ff0f0b14186344445742999a369fab68464409efb134fef75bdb426283270e9d
capsule,mirnetv2,capsule/crack/009,1,0.3638438284397125,ff0f0b14186344445742999a369fab68464409efb134fef75bdb426283270e9d
capsule,mirnetv2,capsule/crack/010,1,0.3716215193271637,ff0f0b14186344445742999a369fab68464409efb134fef75bdb426283270e9d
capsule,mirnetv2,capsule/crack/011,1,0.42304858565330505,ff0f0b14186344445742999a369fab68464409efb134fef75bdb426283270e9d
capsule,mirnetv2,capsule/crack/012,1,0.4319233000278473,ff0f0b14186344445742999a369fab68464409efb134fef75bdb426283270e9d
capsule,mirnetv2,capsule/crack/013,1,0.3991409242153168,ff0f0b14186344445742999a369fab68464409efb134fef75bdb426283270e9d
capsule,mirnetv2,capsule/crack/014,1,0.3544788956642151,ff0f0b14186344445742999a369fab68464409efb134fef75bdb426283270e9d
capsule,mirnetv2,capsule/crack/015,1,0.3801107108592987,ff0f0b14186344445742999a369fab68464409efb134fef75bdb426283270e9d
capsule,mirnetv2,capsule/crack/016,1,0.32773610949516296,ff0f0b14186344445742999a369fab68464409efb134fef75bdb426283270e9d
capsule,mirnetv2,capsule/crack/017,1,0.39925143122673035,ff0f0b14186344445742999a369fab68464409efb134fef75bdb426283270e9d
capsule,mirnetv2,capsule/crack/018,1,0.40621230006217957,ff0f0b14186344445742999a369fab68464409efb134fef75bdb426283270e9d
capsule,mirnetv2,capsule/crack/019,1,0.4275055527687073,ff0f0b14186344445742999a369fab68464409efb134fef75bdb426283270e9d
capsule,mirnetv2,capsule/crack/020,1,0.30986419320106506,ff0f0b14186344445742999a369fab68464409efb134fef75bdb426283270e9d
capsule,mirnetv2,capsule/crack/021,1,0.43854057788848877,ff0f0b14186344445742999a369fab68464409efb134fef75bdb426283270e9d
capsule,mirnetv2,capsule/crack/022,1,0.3629487156867981,ff0f0b14186344445742999a369fab68464409efb134fef75bdb426283270e9d
capsule,mirnetv2,capsule/faulty_imprint/000,1,0.3627719283103943,ff0f0b14186344445742999a369fab68464409efb134fef75bdb426283270e9d
capsule,mirnetv2,capsule/faulty_imprint/001,1,0.38812845945358276,ff0f0b14186344445742999a369fab68464409efb134fef75bdb426283270e9d
capsule,mirnetv2,capsule/faulty_imprint/002,1,0.4168732166290283,ff0f0b14186344445742999a369fab68464409efb134fef75bdb426283270e9d
capsule,mirnetv2,capsule/faulty_imprint/003,1,0.37672582268714905,ff0f0b14186344445742999a369fab68464409efb134fef75bdb426283270e9d
capsule,mirnetv2,capsule/faulty_imprint/004,1,0.3721469044685364,ff0f0b14186344445742999a369fab68464409efb134fef75bdb426283270e9d
capsule,mirnetv2,capsule/faulty_imprint/005,1,0.3696269690990448,ff0f0b14186344445742999a369fab68464409efb134fef75bdb426283270e9d
capsule,mirnetv2,capsule/faulty_imprint/006,1,0.37335270643234253,ff0f0b14186344445742999a369fab68464409efb134fef75bdb426283270e9d
capsule,mirnetv2,capsule/faulty_imprint/007,1,0.33242931962013245,ff0f0b14186344445742999a369fab68464409efb134fef75bdb426283270e9d
capsule,mirnetv2,capsule/faulty_imprint/008,1,0.36014196276664734,ff0f0b14186344445742999a369fab68464409efb134fef75bdb426283270e9d
capsule,mirnetv2,capsule/faulty_imprint/009,1,0.33810698986053467,ff0f0b14186344445742999a369fab68464409efb134fef75bdb426283270e9d
capsule,mirnetv2,capsule/faulty_imprint/010,1,0.3790994882583618,ff0f0b14186344445742999a369fab68464409efb134fef75bdb426283270e9d
capsule,mirnetv2,capsule/faulty_imprint/011,1,0.3431170582771301,ff0f0b14186344445742999a369fab68464409efb134fef75bdb426283270e9d
capsule,mirnetv2,capsule/faulty_imprint/012,1,0.35732558369636536,ff0f0b14186344445742999a369fab68464409efb134fef75bdb426283270e9d
capsule,mirnetv2,capsule/faulty_imprint/013,1,0.3438240885734558,ff0f0b14186344445742999a369fab68464409efb134fef75bdb426283270e9d
capsule,mirnetv2,capsule/faulty_imprint/014,1,0.3050665557384491,ff0f0b14186344445742999a369fab68464409efb134fef75bdb426283270e9d
capsule,mirnetv2,capsule/faulty_imprint/015,1,0.3715835511684418,ff0f0b14186344445742999a369fab68464409efb134fef75bdb426283270e9d
capsule,mirnetv2,capsule/faulty_imprint/016,1,0.350039541721344,ff0f0b14186344445742999a369fab68464409efb134fef75bdb426283270e9d
capsule,mirnetv2,capsule/faulty_imprint/017,1,0.35454708337783813,ff0f0b14186344445742999a369fab68464409efb134fef75bdb426283270e9d
capsule,mirnetv2,capsule/faulty_imprint/018,1,0.3847121596336365,ff0f0b14186344445742999a369fab68464409efb134fef75bdb426283270e9d
capsule,mirnetv2,capsule/faulty_imprint/019,1,0.33611053228378296,ff0f0b14186344445742999a369fab68464409efb134fef75bdb426283270e9d
capsule,mirnetv2,capsule/faulty_imprint/020,1,0.31950169801712036,ff0f0b14186344445742999a369fab68464409efb134fef75bdb426283270e9d
capsule,mirnetv2,capsule/faulty_imprint/021,1,0.3634748160839081,ff0f0b14186344445742999a369fab68464409efb134fef75bdb426283270e9d
capsule,mirnetv2,capsule/good/000,0,0.381390780210495,ff0f0b14186344445742999a369fab68464409efb134fef75bdb426283270e9d
capsule,mirnetv2,capsule/good/001,0,0.3532460033893585,ff0f0b14186344445742999a369fab68464409efb134fef75bdb426283270e9d
capsule,mirnetv2,capsule/good/002,0,0.3727891743183136,ff0f0b14186344445742999a369fab68464409efb134fef75bdb426283270e9d
capsule,mirnetv2,capsule/good/003,0,0.3864007890224457,ff0f0b14186344445742999a369fab68464409efb134fef75bdb426283270e9d
capsule,mirnetv2,capsule/good/004,0,0.3317497670650482,ff0f0b14186344445742999a369fab68464409efb134fef75bdb426283270e9d
capsule,mirnetv2,capsule/good/005,0,0.41025546193122864,ff0f0b14186344445742999a369fab68464409efb134fef75bdb426283270e9d
capsule,mirnetv2,capsule/good/006,0,0.4001486897468567,ff0f0b14186344445742999a369fab68464409efb134fef75bdb426283270e9d
capsule,mirnetv2,capsule/good/007,0,0.3948187828063965,ff0f0b14186344445742999a369fab68464409efb134fef75bdb426283270e9d
capsule,mirnetv2,capsule/good/008,0,0.42510905861854553,ff0f0b14186344445742999a369fab68464409efb134fef75bdb426283270e9d
capsule,mirnetv2,capsule/good/009,0,0.3090394139289856,ff0f0b14186344445742999a369fab68464409efb134fef75bdb426283270e9d
capsule,mirnetv2,capsule/good/010,0,0.3911435902118683,ff0f0b14186344445742999a369fab68464409efb134fef75bdb426283270e9d
capsule,mirnetv2,capsule/good/011,0,0.364158034324646,ff0f0b14186344445742999a369fab68464409efb134fef75bdb426283270e9d
capsule,mirnetv2,capsule/good/012,0,0.36995893716812134,ff0f0b14186344445742999a369fab68464409efb134fef75bdb426283270e9d
capsule,mirnetv2,capsule/good/013,0,0.34326308965682983,ff0f0b14186344445742999a369fab68464409efb134fef75bdb426283270e9d
capsule,mirnetv2,capsule/good/014,0,0.3260341286659241,ff0f0b14186344445742999a369fab68464409efb134fef75bdb426283270e9d
capsule,mirnetv2,capsule/good/015,0,0.35620200634002686,ff0f0b14186344445742999a369fab68464409efb134fef75bdb426283270e9d
capsule,mirnetv2,capsule/good/016,0,0.3540874421596527,ff0f0b14186344445742999a369fab68464409efb134fef75bdb426283270e9d
capsule,mirnetv2,capsule/good/017,0,0.41501080989837646,ff0f0b14186344445742999a369fab68464409efb134fef75bdb426283270e9d
capsule,mirnetv2,capsule/good/018,0,0.3559650778770447,ff0f0b14186344445742999a369fab68464409efb134fef75bdb426283270e9d
capsule,mirnetv2,capsule/good/019,0,0.31651008129119873,ff0f0b14186344445742999a369fab68464409efb134fef75bdb426283270e9d
capsule,mirnetv2,capsule/good/020,0,0.3573707342147827,ff0f0b14186344445742999a369fab68464409efb134fef75bdb426283270e9d
capsule,mirnetv2,capsule/good/021,0,0.391927570104599,ff0f0b14186344445742999a369fab68464409efb134fef75bdb426283270e9d
capsule,mirnetv2,capsule/good/022,0,0.3697051405906677,ff0f0b14186344445742999a369fab68464409efb134fef75bdb426283270e9d
capsule,mirnetv2,capsule/poke/000,1,0.3630148470401764,ff0f0b14186344445742999a369fab68464409efb134fef75bdb426283270e9d
capsule,mirnetv2,capsule/poke/001,1,0.39552220702171326,ff0f0b14186344445742999a369fab68464409efb134fef75bdb426283270e9d
capsule,mirnetv2,capsule/poke/002,1,0.33897528052330017,ff0f0b14186344445742999a369fab68464409efb134fef75bdb426283270e9d
capsule,mirnetv2,capsule/poke/003,1,0.3232042193412781,ff0f0b14186344445742999a369fab68464409efb134fef75bdb426283270e9d
capsule,mirnetv2,capsule/poke/004,1,0.370213121175766,ff0f0b14186344445742999a369fab68464409efb134fef75bdb426283270e9d
capsule,mirnetv2,capsule/poke/005,1,0.41483792662620544,ff0f0b14186344445742999a369fab68464409efb134fef75bdb426283270e9d
capsule,mirnetv2,capsule/poke/006,1,0.3349260687828064,ff0f0b14186344445742999a369fab68464409efb134fef75bdb426283270e9d
capsule,mirnetv2,capsule/poke/007,1,0.41650107502937317,ff0f0b14186344445742999a369fab68464409efb134fef75bdb426283270e9d
capsule,mirnetv2,capsule/poke/008,1,0.36943677067756653,ff0f0b14186344445742999a369fab68464409efb134fef75bdb426283270e9d
capsule,mirnetv2,capsule/poke/009,1,0.3906359374523163,ff0f0b14186344445742999a369fab68464409efb134fef75bdb426283270e9d
capsule,mirnetv2,capsule/poke/010,1,0.38991743326187134,ff0f0b14186344445742999a369fab68464409efb134fef75bdb426283270e9d
capsule,mirnetv2,capsule/poke/011,1,0.38001906871795654,ff0f0b14186344445742999a369fab68464409efb134fef75bdb426283270e9d
capsule,mirnetv2,capsule/poke/012,1,0.3478003740310669,ff0f0b14186344445742999a369fab68464409efb134fef75bdb426283270e9d
capsule,mirnetv2,capsule/poke/013,1,0.30117788910865784,ff0f0b14186344445742999a369fab68464409efb134fef75bdb426283270e9d
capsule,mirnetv2,capsule/poke/014,1,0.3737480938434601,ff0f0b14186344445742999a369fab68464409efb134fef75bdb426283270e9d
capsule,mirnetv2,capsule/poke/015,1,0.33999282121658325,ff0f0b14186344445742999a369fab68464409efb134fef75bdb426283270e9d
capsule,mirnetv2,capsule/poke/016,1,0.34462496638298035,ff0f0b14186344445742999a369fab68464409efb134fef75bdb426283270e9d
capsule,mirnetv2,capsule/poke/017,1,0.3900790512561798,ff0f0b14186344445742999a369fab68464409efb134fef75bdb426283270e9d
capsule,mirnetv2,capsule/poke/018,1,0.37930575013160706,ff0f0b14186344445742999a369fab68464409efb134fef75bdb426283270e9d
capsule,mirnetv2,capsule/poke/019,1,0.33239760994911194,ff0f0b14186344445742999a369fab68464409efb134fef75bdb426283270e9d
capsule,mirnetv2,capsule/poke/020,1,0.29460662603378296,ff0f0b14186344445742999a369fab68464409efb134fef75bdb426283270e9d
capsule,mirnetv2,capsule/scratch/000,1,0.3390277028083801,ff0f0b14186344445742999a369fab68464409efb134fef75bdb426283270e9d
capsule,mirnetv2,capsule/scratch/001,1,0.3366299271583557,ff0f0b14186344445742999a369fab68464409efb134fef75bdb426283270e9d
capsule,mirnetv2,capsule/scratch/002,1,0.3758127987384796,ff0f0b14186344445742999a369fab68464409efb134fef75bdb426283270e9d
capsule,mirnetv2,capsule/scratch/003,1,0.3886333703994751,ff0f0b14186344445742999a369fab68464409efb134fef75bdb426283270e9d
capsule,mirnetv2,capsule/scratch/004,1,0.3343381881713867,ff0f0b14186344445742999a369fab68464409efb134fef75bdb426283270e9d
capsule,mirnetv2,capsule/scratch/005,1,0.4189261198043823,ff0f0b14186344445742999a369fab68464409efb134fef75bdb426283270e9d
capsule,mirnetv2,capsule/scratch/006,1,0.3850613832473755,ff0f0b14186344445742999a369fab68464409efb134fef75bdb426283270e9d
capsule,mirnetv2,capsule/scratch/007,1,0.41149237751960754,ff0f0b14186344445742999a369fab68464409efb134fef75bdb426283270e9d
capsule,mirnetv2,capsule/scratch/008,1,0.37842413783073425,ff0f0b14186344445742999a369fab68464409efb134fef75bdb426283270e9d
capsule,mirnetv2,capsule/scratch/009,1,0.3831150233745575,ff0f0b14186344445742999a369fab68464409efb134fef75bdb426283270e9d
capsule,mirnetv2,capsule/scratch/010,1,0.3374285399913788,ff0f0b14186344445742999a369fab68464409efb134fef75bdb426283270e9d
capsule,mirnetv2,capsule/scratch/011,1,0.39054369926452637,ff0f0b14186344445742999a369fab68464409efb134fef75bdb426283270e9d
capsule,mirnetv2,capsule/scratch/012,1,0.370004802942276,ff0f0b14186344445742999a369fab68464409efb134fef75bdb426283270e9d
capsule,mirnetv2,capsule/scratch/013,1,0.3328331708908081,ff0f0b14186344445742999a369fab68464409efb134fef75bdb426283270e9d
capsule,mirnetv2,capsule/scratch/014,1,0.3863343596458435,ff0f0b14186344445742999a369fab68464409efb134fef75bdb426283270e9d
capsule,mirnetv2,capsule/scratch/015,1,0.37395480275154114,ff0f0b14186344445742999a369fab68464409efb134fef75bdb426283270e9d
capsule,mirnetv2,capsule/scratch/016,1,0.35882166028022766,ff0f0b14186344445742999a369fab68464409efb134fef75bdb426283270e9d
capsule,mirnetv2,capsule/scratch/017,1,0.38364970684051514,ff0f0b14186344445742999a369fab68464409efb134fef75bdb426283270e9d
capsule,mirnetv2,capsule/scratch/018,1,0.3724428117275238,ff0f0b14186344445742999a369fab68464409efb134fef75bdb426283270e9d
capsule,mirnetv2,capsule/scratch/019,1,0.3269146680831909,ff0f0b14186344445742999a369fab68464409efb134fef75bdb426283270e9d
capsule,mirnetv2,capsule/scratch/020,1,0.3217794895172119,ff0f0b14186344445742999a369fab68464409efb134fef75bdb426283270e9d
capsule,mirnetv2,capsule/scratch/021,1,0.32592126727104187,ff0f0b14186344445742999a369fab68464409efb134fef75bdb426283270e9d
capsule,mirnetv2,capsule/scratch/022,1,0.34726253151893616,ff0f0b14186344445742999a369fab68464409efb134fef75bdb426283270e9d
capsule,mirnetv2,capsule/squeeze/000,1,0.37134209275245667,ff0f0b14186344445742999a369fab68464409efb134fef75bdb426283270e9d
capsule,mirnetv2,capsule/squeeze/001,1,0.43729376792907715,ff0f0b14186344445742999a369fab68464409efb134fef75bdb426283270e9d
capsule,mirnetv2,capsule/squeeze/002,1,0.41199809312820435,ff0f0b14186344445742999a369fab68464409efb134fef75bdb426283270e9d
capsule,mirnetv2,capsule/squeeze/003,1,0.37395179271698,ff0f0b14186344445742999a369fab68464409efb134fef75bdb426283270e9d
capsule,mirnetv2,capsule/squeeze/004,1,0.3605065941810608,ff0f0b14186344445742999a369fab68464409efb134fef75bdb426283270e9d
capsule,mirnetv2,capsule/squeeze/005,1,0.34404560923576355,ff0f0b14186344445742999a369fab68464409efb134fef75bdb426283270e9d
capsule,mirnetv2,capsule/squeeze/006,1,0.37546420097351074,ff0f0b14186344445742999a369fab68464409efb134fef75bdb426283270e9d
capsule,mirnetv2,capsule/squeeze/007,1,0.36598506569862366,ff0f0b14186344445742999a369fab68464409efb134fef75bdb426283270e9d
capsule,mirnetv2,capsule/squeeze/008,1,0.36161285638809204,ff0f0b14186344445742999a369fab68464409efb134fef75bdb426283270e9d
capsule,mirnetv2,capsule/squeeze/009,1,0.3520607352256775,ff0f0b14186344445742999a369fab68464409efb134fef75bdb426283270e9d
capsule,mirnetv2,capsule/squeeze/010,1,0.35134047269821167,ff0f0b14186344445742999a369fab68464409efb134fef75bdb426283270e9d
capsule,mirnetv2,capsule/squeeze/011,1,0.4222225844860077,ff0f0b14186344445742999a369fab68464409efb134fef75bdb426283270e9d
capsule,mirnetv2,capsule/squeeze/012,1,0.3476370871067047,ff0f0b14186344445742999a369fab68464409efb134fef75bdb426283270e9d
capsule,mirnetv2,capsule/squeeze/013,1,0.40827080607414246,ff0f0b14186344445742999a369fab68464409efb134fef75bdb426283270e9d
capsule,mirnetv2,capsule/squeeze/014,1,0.42251089215278625,ff0f0b14186344445742999a369fab68464409efb134fef75bdb426283270e9d
capsule,mirnetv2,capsule/squeeze/015,1,0.42581942677497864,ff0f0b14186344445742999a369fab68464409efb134fef75bdb426283270e9d
capsule,mirnetv2,capsule/squeeze/016,1,0.3474721610546112,ff0f0b14186344445742999a369fab68464409efb134fef75bdb426283270e9d
capsule,mirnetv2,capsule/squeeze/017,1,0.3912205398082733,ff0f0b14186344445742999a369fab68464409efb134fef75bdb426283270e9d
capsule,mirnetv2,capsule/squeeze/018,1,0.3646370768547058,ff0f0b14186344445742999a369fab68464409efb134fef75bdb426283270e9d
capsule,mirnetv2,capsule/squeeze/019,1,0.3595622777938843,ff0f0b14186344445742999a369fab68464409efb134fef75bdb426283270e9d
capsule,icra,capsule/crack/000,1,0.23032283782958984,ff0f0b14186344445742999a369fab68464409efb134fef75bdb426283270e9d
capsule,icra,capsule/crack/001,1,0.2052299678325653,ff0f0b14186344445742999a369fab68464409efb134fef75bdb426283270e9d
capsule,icra,capsule/crack/002,1,0.29420149326324463,ff0f0b14186344445742999a369fab68464409efb134fef75bdb426283270e9d
capsule,icra,capsule/crack/003,1,0.2436201274394989,ff0f0b14186344445742999a369fab68464409efb134fef75bdb426283270e9d
capsule,icra,capsule/crack/004,1,0.22834104299545288,ff0f0b14186344445742999a369fab68464409efb134fef75bdb426283270e9d
capsule,icra,capsule/crack/005,1,0.19978828728199005,ff0f0b14186344445742999a369fab68464409efb134fef75bdb426283270e9d
capsule,icra,capsule/crack/006,1,0.2516281306743622,ff0f0b14186344445742999a369fab68464409efb134fef75bdb426283270e9d
capsule,icra,capsule/crack/007,1,0.26748794317245483,ff0f0b14186344445742999a369fab68464409efb134fef75bdb426283270e9d
capsule,icra,capsule/crack/008,1,0.27568528056144714,ff0f0b14186344445742999a369fab68464409efb134fef75bdb426283270e9d
capsule,icra,capsule/crack/009,1,0.20725877583026886,ff0f0b14186344445742999a369fab68464409efb134fef75bdb426283270e9d
capsule,icra,capsule/crack/010,1,0.27408427000045776,ff0f0b14186344445742999a369fab68464409efb134fef75bdb426283270e9d
capsule,icra,capsule/crack/011,1,0.3098926544189453,ff0f0b14186344445742999a369fab68464409efb134fef75bdb426283270e9d
capsule,icra,capsule/crack/012,1,0.3495723307132721,ff0f0b14186344445742999a369fab68464409efb134fef75bdb426283270e9d
capsule,icra,capsule/crack/013,1,0.3265642821788788,ff0f0b14186344445742999a369fab68464409efb134fef75bdb426283270e9d
capsule,icra,capsule/crack/014,1,0.30890953540802,ff0f0b14186344445742999a369fab68464409efb134fef75bdb426283270e9d
capsule,icra,capsule/crack/015,1,0.2694852948188782,ff0f0b14186344445742999a369fab68464409efb134fef75bdb426283270e9d
capsule,icra,capsule/crack/016,1,0.20607325434684753,ff0f0b14186344445742999a369fab68464409efb134fef75bdb426283270e9d
capsule,icra,capsule/crack/017,1,0.25299346446990967,ff0f0b14186344445742999a369fab68464409efb134fef75bdb426283270e9d
capsule,icra,capsule/crack/018,1,0.3217797577381134,ff0f0b14186344445742999a369fab68464409efb134fef75bdb426283270e9d
capsule,icra,capsule/crack/019,1,0.34597787261009216,ff0f0b14186344445742999a369fab68464409efb134fef75bdb426283270e9d
capsule,icra,capsule/crack/020,1,0.22617550194263458,ff0f0b14186344445742999a369fab68464409efb134fef75bdb426283270e9d
capsule,icra,capsule/crack/021,1,0.3422168493270874,ff0f0b14186344445742999a369fab68464409efb134fef75bdb426283270e9d
capsule,icra,capsule/crack/022,1,0.20615491271018982,ff0f0b14186344445742999a369fab68464409efb134fef75bdb426283270e9d
capsule,icra,capsule/faulty_imprint/000,1,0.21755708754062653,ff0f0b14186344445742999a369fab68464409efb134fef75bdb426283270e9d
capsule,icra,capsule/faulty_imprint/001,1,0.2859335243701935,ff0f0b14186344445742999a369fab68464409efb134fef75bdb426283270e9d
capsule,icra,capsule/faulty_imprint/002,1,0.3244192898273468,ff0f0b14186344445742999a369fab68464409efb134fef75bdb426283270e9d
capsule,icra,capsule/faulty_imprint/003,1,0.20144210755825043,ff0f0b14186344445742999a369fab68464409efb134fef75bdb426283270e9d
capsule,icra,capsule/faulty_imprint/004,1,0.2120893895626068,ff0f0b14186344445742999a369fab68464409efb134fef75bdb426283270e9d
capsule,icra,capsule/faulty_imprint/005,1,0.21809488534927368,ff0f0b14186344445742999a369fab68464409efb134fef75bdb426283270e9d
capsule,icra,capsule/faulty_imprint/006,1,0.24611008167266846,ff0f0b14186344445742999a369fab68464409efb134fef75bdb426283270e9d
capsule,icra,capsule/faulty_imprint/007,1,0.22784845530986786,ff0f0b14186344445742999a369fab68464409efb134fef75bdb426283270e9d
capsule,icra,capsule/faulty_imprint/008,1,0.25269943475723267,ff0f0b14186344445742999a369fab68464409efb134fef75bdb426283270e9d
capsule,icra,capsule/faulty_imprint/009,1,0.21828363835811615,ff0f0b14186344445742999a369fab68464409efb134fef75bdb426283270e9d
capsule,icra,capsule/faulty_imprint/010,1,0.34455230832099915,ff0f0b14186344445742999a369fab68464409efb134fef75bdb426283270e9d
capsule,icra,capsule/faulty_imprint/011,1,0.23158229887485504,ff0f0b14186344445742999a369fab68464409efb134fef75bdb426283270e9d
capsule,icra,capsule/faulty_imprint/012,1,0.31218671798706055,ff0f0b14186344445742999a369fab68464409efb134fef75bdb426283270e9d
capsule,icra,capsule/faulty_imprint/013,1,0.30274587869644165,ff0f0b14186344445742999a369fab68464409efb134fef75bdb426283270e9d
capsule,icra,capsule/faulty_imprint/014,1,0.2989392578601837,ff0f0b14186344445742999a369fab68464409efb134fef75bdb426283270e9d
capsule,icra,capsule/faulty_imprint/015,1,0.2625519037246704,ff0f0b14186344445742999a369fab68464409efb134fef75bdb426283270e9d
capsule,icra,capsule/faulty_imprint/016,1,0.21571406722068787,ff0f0b14186344445742999a369fab68464409efb134fef75bdb426283270e9d
capsule,icra,capsule/faulty_imprint/017,1,0.32953569293022156,ff0f0b14186344445742999a369fab68464409efb134fef75bdb426283270e9d
capsule,icra,capsule/faulty_imprint/018,1,0.31011131405830383,ff0f0b14186344445742999a369fab68464409efb134fef75bdb426283270e9d
capsule,icra,capsule/faulty_imprint/019,1,0.2221050262451172,ff0f0b14186344445742999a369fab68464409efb134fef75bdb426283270e9d
capsule,icra,capsule/faulty_imprint/020,1,0.2563075125217438,ff0f0b14186344445742999a369fab68464409efb134fef75bdb426283270e9d
capsule,icra,capsule/faulty_imprint/021,1,0.28597280383110046,ff0f0b14186344445742999a369fab68464409efb134fef75bdb426283270e9d
capsule,icra,capsule/good/000,0,0.2966826558113098,ff0f0b14186344445742999a369fab68464409efb134fef75bdb426283270e9d
capsule,icra,capsule/good/001,0,0.23738861083984375,ff0f0b14186344445742999a369fab68464409efb134fef75bdb426283270e9d
capsule,icra,capsule/good/002,0,0.2971649467945099,ff0f0b14186344445742999a369fab68464409efb134fef75bdb426283270e9d
capsule,icra,capsule/good/003,0,0.2241014838218689,ff0f0b14186344445742999a369fab68464409efb134fef75bdb426283270e9d
capsule,icra,capsule/good/004,0,0.3459763824939728,ff0f0b14186344445742999a369fab68464409efb134fef75bdb426283270e9d
capsule,icra,capsule/good/005,0,0.3392648994922638,ff0f0b14186344445742999a369fab68464409efb134fef75bdb426283270e9d
capsule,icra,capsule/good/006,0,0.30396416783332825,ff0f0b14186344445742999a369fab68464409efb134fef75bdb426283270e9d
capsule,icra,capsule/good/007,0,0.29485177993774414,ff0f0b14186344445742999a369fab68464409efb134fef75bdb426283270e9d
capsule,icra,capsule/good/008,0,0.22562392055988312,ff0f0b14186344445742999a369fab68464409efb134fef75bdb426283270e9d
capsule,icra,capsule/good/009,0,0.31289172172546387,ff0f0b14186344445742999a369fab68464409efb134fef75bdb426283270e9d
capsule,icra,capsule/good/010,0,0.3302740454673767,ff0f0b14186344445742999a369fab68464409efb134fef75bdb426283270e9d
capsule,icra,capsule/good/011,0,0.31602662801742554,ff0f0b14186344445742999a369fab68464409efb134fef75bdb426283270e9d
capsule,icra,capsule/good/012,0,0.24718843400478363,ff0f0b14186344445742999a369fab68464409efb134fef75bdb426283270e9d
capsule,icra,capsule/good/013,0,0.24303019046783447,ff0f0b14186344445742999a369fab68464409efb134fef75bdb426283270e9d
capsule,icra,capsule/good/014,0,0.264766663312912,ff0f0b14186344445742999a369fab68464409efb134fef75bdb426283270e9d
capsule,icra,capsule/good/015,0,0.28687071800231934,ff0f0b14186344445742999a369fab68464409efb134fef75bdb426283270e9d
capsule,icra,capsule/good/016,0,0.3170725405216217,ff0f0b14186344445742999a369fab68464409efb134fef75bdb426283270e9d
capsule,icra,capsule/good/017,0,0.3423623740673065,ff0f0b14186344445742999a369fab68464409efb134fef75bdb426283270e9d
capsule,icra,capsule/good/018,0,0.28071895241737366,ff0f0b14186344445742999a369fab68464409efb134fef75bdb426283270e9d
capsule,icra,capsule/good/019,0,0.30993396043777466,ff0f0b14186344445742999a369fab68464409efb134fef75bdb426283270e9d
capsule,icra,capsule/good/020,0,0.2587552070617676,ff0f0b14186344445742999a369fab68464409efb134fef75bdb426283270e9d
capsule,icra,capsule/good/021,0,0.23891696333885193,ff0f0b14186344445742999a369fab68464409efb134fef75bdb426283270e9d
capsule,icra,capsule/good/022,0,0.2873481512069702,ff0f0b14186344445742999a369fab68464409efb134fef75bdb426283270e9d
capsule,icra,capsule/poke/000,1,0.28805872797966003,ff0f0b14186344445742999a369fab68464409efb134fef75bdb426283270e9d
capsule,icra,capsule/poke/001,1,0.33037692308425903,ff0f0b14186344445742999a369fab68464409efb134fef75bdb426283270e9d
capsule,icra,capsule/poke/002,1,0.25337979197502136,ff0f0b14186344445742999a369fab68464409efb134fef75bdb426283270e9d
capsule,icra,capsule/poke/003,1,0.26922598481178284,ff0f0b14186344445742999a369fab68464409efb134fef75bdb426283270e9d
capsule,icra,capsule/poke/004,1,0.28514206409454346,ff0f0b14186344445742999a369fab68464409efb134fef75bdb426283270e9d
capsule,icra,capsule/poke/005,1,0.3208073079586029,ff0f0b14186344445742999a369fab68464409efb134fef75bdb426283270e9d
capsule,icra,capsule/poke/006,1,0.29027992486953735,ff0f0b14186344445742999a369fab68464409efb134fef75bdb426283270e9d
capsule,icra,capsule/poke/007,1,0.3406467139720917,ff0f0b14186344445742999a369fab68464409efb134fef75bdb426283270e9d
capsule,icra,capsule/poke/008,1,0.2076185643672943,ff0f0b14186344445742999a369fab68464409efb134fef75bdb426283270e9d
capsule,icra,capsule/poke/009,1,0.3153194785118103,ff0f0b14186344445742999a369fab68464409efb134fef75bdb426283270e9d
capsule,icra,capsule/poke/010,1,0.3178851008415222,ff0f0b14186344445742999a369fab68464409efb134fef75bdb426283270e9d
capsule,icra,capsule/poke/011,1,0.27707260847091675,ff0f0b14186344445742999a369fab68464409efb134fef75bdb426283270e9d
capsule,icra,capsule/poke/012,1,0.2617499828338623,ff0f0b14186344445742999a369fab68464409efb134fef75bdb426283270e9d
capsule,icra,capsule/poke/013,1,0.2334800511598587,ff0f0b14186344445742999a369fab68464409efb134fef75bdb426283270e9d
capsule,icra,capsule/poke/014,1,0.25069937109947205,ff0f0b14186344445742999a369fab68464409efb134fef75bdb426283270e9d
capsule,icra,capsule/poke/015,1,0.3008195459842682,ff0f0b14186344445742999a369fab68464409efb134fef75bdb426283270e9d
capsule,icra,capsule/poke/016,1,0.30411526560783386,ff0f0b14186344445742999a369fab68464409efb134fef75bdb426283270e9d
capsule,icra,capsule/poke/017,1,0.31274041533470154,ff0f0b14186344445742999a369fab68464409efb134fef75bdb426283270e9d
capsule,icra,capsule/poke/018,1,0.33142605423927307,ff0f0b14186344445742999a369fab68464409efb134fef75bdb426283270e9d
capsule,icra,capsule/poke/019,1,0.28659340739250183,ff0f0b14186344445742999a369fab68464409efb134fef75bdb426283270e9d
capsule,icra,capsule/poke/020,1,0.26368099451065063,ff0f0b14186344445742999a369fab68464409efb134fef75bdb426283270e9d
capsule,icra,capsule/scratch/000,1,0.2300633192062378,ff0f0b14186344445742999a369fab68464409efb134fef75bdb426283270e9d
capsule,icra,capsule/scratch/001,1,0.18062490224838257,ff0f0b14186344445742999a369fab68464409efb134fef75bdb426283270e9d
capsule,icra,capsule/scratch/002,1,0.24018901586532593,ff0f0b14186344445742999a369fab68464409efb134fef75bdb426283270e9d
capsule,icra,capsule/scratch/003,1,0.3200451731681824,ff0f0b14186344445742999a369fab68464409efb134fef75bdb426283270e9d
capsule,icra,capsule/scratch/004,1,0.254289448261261,ff0f0b14186344445742999a369fab68464409efb134fef75bdb426283270e9d
capsule,icra,capsule/scratch/005,1,0.2829889953136444,ff0f0b14186344445742999a369fab68464409efb134fef75bdb426283270e9d
capsule,icra,capsule/scratch/006,1,0.32280460000038147,ff0f0b14186344445742999a369fab68464409efb134fef75bdb426283270e9d
capsule,icra,capsule/scratch/007,1,0.2693673074245453,ff0f0b14186344445742999a369fab68464409efb134fef75bdb426283270e9d
capsule,icra,capsule/scratch/008,1,0.30769646167755127,ff0f0b14186344445742999a369fab68464409efb134fef75bdb426283270e9d
capsule,icra,capsule/scratch/009,1,0.2855549454689026,ff0f0b14186344445742999a369fab68464409efb134fef75bdb426283270e9d
capsule,icra,capsule/scratch/010,1,0.276902437210083,ff0f0b14186344445742999a369fab68464409efb134fef75bdb426283270e9d
capsule,icra,capsule/scratch/011,1,0.31835517287254333,ff0f0b14186344445742999a369fab68464409efb134fef75bdb426283270e9d
capsule,icra,capsule/scratch/012,1,0.2721560001373291,ff0f0b14186344445742999a369fab68464409efb134fef75bdb426283270e9d
capsule,icra,capsule/scratch/013,1,0.22348357737064362,ff0f0b14186344445742999a369fab68464409efb134fef75bdb426283270e9d
capsule,icra,capsule/scratch/014,1,0.3304275572299957,ff0f0b14186344445742999a369fab68464409efb134fef75bdb426283270e9d
capsule,icra,capsule/scratch/015,1,0.3434862792491913,ff0f0b14186344445742999a369fab68464409efb134fef75bdb426283270e9d
capsule,icra,capsule/scratch/016,1,0.30859291553497314,ff0f0b14186344445742999a369fab68464409efb134fef75bdb426283270e9d
capsule,icra,capsule/scratch/017,1,0.33283787965774536,ff0f0b14186344445742999a369fab68464409efb134fef75bdb426283270e9d
capsule,icra,capsule/scratch/018,1,0.317147821187973,ff0f0b14186344445742999a369fab68464409efb134fef75bdb426283270e9d
capsule,icra,capsule/scratch/019,1,0.2613021731376648,ff0f0b14186344445742999a369fab68464409efb134fef75bdb426283270e9d
capsule,icra,capsule/scratch/020,1,0.23158027231693268,ff0f0b14186344445742999a369fab68464409efb134fef75bdb426283270e9d
capsule,icra,capsule/scratch/021,1,0.29444634914398193,ff0f0b14186344445742999a369fab68464409efb134fef75bdb426283270e9d
capsule,icra,capsule/scratch/022,1,0.21460005640983582,ff0f0b14186344445742999a369fab68464409efb134fef75bdb426283270e9d
capsule,icra,capsule/squeeze/000,1,0.24571557343006134,ff0f0b14186344445742999a369fab68464409efb134fef75bdb426283270e9d
capsule,icra,capsule/squeeze/001,1,0.34733957052230835,ff0f0b14186344445742999a369fab68464409efb134fef75bdb426283270e9d
capsule,icra,capsule/squeeze/002,1,0.3431043326854706,ff0f0b14186344445742999a369fab68464409efb134fef75bdb426283270e9d
capsule,icra,capsule/squeeze/003,1,0.3060707449913025,ff0f0b14186344445742999a369fab68464409efb134fef75bdb426283270e9d
capsule,icra,capsule/squeeze/004,1,0.28430643677711487,ff0f0b14186344445742999a369fab68464409efb134fef75bdb426283270e9d
capsule,icra,capsule/squeeze/005,1,0.3012635111808777,ff0f0b14186344445742999a369fab68464409efb134fef75bdb426283270e9d
capsule,icra,capsule/squeeze/006,1,0.30336517095565796,ff0f0b14186344445742999a369fab68464409efb134fef75bdb426283270e9d
capsule,icra,capsule/squeeze/007,1,0.29266488552093506,ff0f0b14186344445742999a369fab68464409efb134fef75bdb426283270e9d
capsule,icra,capsule/squeeze/008,1,0.3194054663181305,ff0f0b14186344445742999a369fab68464409efb134fef75bdb426283270e9d
capsule,icra,capsule/squeeze/009,1,0.24372443556785583,ff0f0b14186344445742999a369fab68464409efb134fef75bdb426283270e9d
capsule,icra,capsule/squeeze/010,1,0.26511216163635254,ff0f0b14186344445742999a369fab68464409efb134fef75bdb426283270e9d
capsule,icra,capsule/squeeze/011,1,0.3415422737598419,ff0f0b14186344445742999a369fab68464409efb134fef75bdb426283270e9d
capsule,icra,capsule/squeeze/012,1,0.23089535534381866,ff0f0b14186344445742999a369fab68464409efb134fef75bdb426283270e9d
capsule,icra,capsule/squeeze/013,1,0.308822363615036,ff0f0b14186344445742999a369fab68464409efb134fef75bdb426283270e9d
capsule,icra,capsule/squeeze/014,1,0.3657277524471283,ff0f0b14186344445742999a369fab68464409efb134fef75bdb426283270e9d
capsule,icra,capsule/squeeze/015,1,0.3381917476654053,ff0f0b14186344445742999a369fab68464409efb134fef75bdb426283270e9d
capsule,icra,capsule/squeeze/016,1,0.23826754093170166,ff0f0b14186344445742999a369fab68464409efb134fef75bdb426283270e9d
capsule,icra,capsule/squeeze/017,1,0.20340903103351593,ff0f0b14186344445742999a369fab68464409efb134fef75bdb426283270e9d
capsule,icra,capsule/squeeze/018,1,0.2476067692041397,ff0f0b14186344445742999a369fab68464409efb134fef75bdb426283270e9d
capsule,icra,capsule/squeeze/019,1,0.3050443232059479,ff0f0b14186344445742999a369fab68464409efb134fef75bdb426283270e9d
carpet,dark,carpet/color/000,1,1.293201208114624,15b7bcc6e5cb8ed7fff7a2e42eb2db2385dda5fd277743feb1ed277bdb41190d
carpet,dark,carpet/color/001,1,1.5288249254226685,15b7bcc6e5cb8ed7fff7a2e42eb2db2385dda5fd277743feb1ed277bdb41190d
carpet,dark,carpet/color/002,1,1.4454212188720703,15b7bcc6e5cb8ed7fff7a2e42eb2db2385dda5fd277743feb1ed277bdb41190d
carpet,dark,carpet/color/003,1,1.0200802087783813,15b7bcc6e5cb8ed7fff7a2e42eb2db2385dda5fd277743feb1ed277bdb41190d
carpet,dark,carpet/color/004,1,0.9692010879516602,15b7bcc6e5cb8ed7fff7a2e42eb2db2385dda5fd277743feb1ed277bdb41190d
carpet,dark,carpet/color/005,1,1.2424261569976807,15b7bcc6e5cb8ed7fff7a2e42eb2db2385dda5fd277743feb1ed277bdb41190d
carpet,dark,carpet/color/006,1,1.6215941905975342,15b7bcc6e5cb8ed7fff7a2e42eb2db2385dda5fd277743feb1ed277bdb41190d
carpet,dark,carpet/color/007,1,1.5215823650360107,15b7bcc6e5cb8ed7fff7a2e42eb2db2385dda5fd277743feb1ed277bdb41190d
carpet,dark,carpet/color/008,1,1.5548948049545288,15b7bcc6e5cb8ed7fff7a2e42eb2db2385dda5fd277743feb1ed277bdb41190d
carpet,dark,carpet/color/009,1,1.1299641132354736,15b7bcc6e5cb8ed7fff7a2e42eb2db2385dda5fd277743feb1ed277bdb41190d
carpet,dark,carpet/color/010,1,1.7178397178649902,15b7bcc6e5cb8ed7fff7a2e42eb2db2385dda5fd277743feb1ed277bdb41190d
carpet,dark,carpet/color/011,1,1.5431548357009888,15b7bcc6e5cb8ed7fff7a2e42eb2db2385dda5fd277743feb1ed277bdb41190d
carpet,dark,carpet/color/012,1,1.7037297487258911,15b7bcc6e5cb8ed7fff7a2e42eb2db2385dda5fd277743feb1ed277bdb41190d
carpet,dark,carpet/color/013,1,1.4400221109390259,15b7bcc6e5cb8ed7fff7a2e42eb2db2385dda5fd277743feb1ed277bdb41190d
carpet,dark,carpet/color/014,1,1.646159052848816,15b7bcc6e5cb8ed7fff7a2e42eb2db2385dda5fd277743feb1ed277bdb41190d
carpet,dark,carpet/color/015,1,1.4286433458328247,15b7bcc6e5cb8ed7fff7a2e42eb2db2385dda5fd277743feb1ed277bdb41190d
carpet,dark,carpet/color/016,1,1.2984318733215332,15b7bcc6e5cb8ed7fff7a2e42eb2db2385dda5fd277743feb1ed277bdb41190d
carpet,dark,carpet/color/017,1,0.9958970546722412,15b7bcc6e5cb8ed7fff7a2e42eb2db2385dda5fd277743feb1ed277bdb41190d
carpet,dark,carpet/color/018,1,1.7850438356399536,15b7bcc6e5cb8ed7fff7a2e42eb2db2385dda5fd277743feb1ed277bdb41190d
carpet,dark,carpet/cut/000,1,1.713056206703186,15b7bcc6e5cb8ed7fff7a2e42eb2db2385dda5fd277743feb1ed277bdb41190d
carpet,dark,carpet/cut/001,1,1.4080766439437866,15b7bcc6e5cb8ed7fff7a2e42eb2db2385dda5fd277743feb1ed277bdb41190d
carpet,dark,carpet/cut/002,1,1.6301374435424805,15b7bcc6e5cb8ed7fff7a2e42eb2db2385dda5fd277743feb1ed277bdb41190d
carpet,dark,carpet/cut/003,1,1.4476789236068726,15b7bcc6e5cb8ed7fff7a2e42eb2db2385dda5fd277743feb1ed277bdb41190d
carpet,dark,carpet/cut/004,1,1.017367959022522,15b7bcc6e5cb8ed7fff7a2e42eb2db2385dda5fd277743feb1ed277bdb41190d
carpet,dark,carpet/cut/005,1,1.9346611499786377,15b7bcc6e5cb8ed7fff7a2e42eb2db2385dda5fd277743feb1ed277bdb41190d
carpet,dark,carpet/cut/006,1,1.699501633644104,15b7bcc6e5cb8ed7fff7a2e42eb2db2385dda5fd277743feb1ed277bdb41190d
carpet,dark,carpet/cut/007,1,1.678737759590149,15b7bcc6e5cb8ed7fff7a2e42eb2db2385dda5fd277743feb1ed277bdb41190d
carpet,dark,carpet/cut/008,1,1.022349238395691,15b7bcc6e5cb8ed7fff7a2e42eb2db2385dda5fd277743feb1ed277bdb41190d
carpet,dark,carpet/cut/009,1,1.322271704673767,15b7bcc6e5cb8ed7fff7a2e42eb2db2385dda5fd277743feb1ed277bdb41190d
carpet,dark,carpet/cut/010,1,1.1711981296539307,15b7bcc6e5cb8ed7fff7a2e42eb2db2385dda5fd277743feb1ed277bdb41190d
carpet,dark,carpet/cut/011,1,1.6203302145004272,15b7bcc6e5cb8ed7fff7a2e42eb2db2385dda5fd277743feb1ed277bdb41190d
carpet,dark,carpet/cut/012,1,1.1194151639938354,15b7bcc6e5cb8ed7fff7a2e42eb2db2385dda5fd277743feb1ed277bdb41190d
carpet,dark,carpet/cut/013,1,1.1525839567184448,15b7bcc6e5cb8ed7fff7a2e42eb2db2385dda5fd277743feb1ed277bdb41190d
carpet,dark,carpet/cut/014,1,1.7647292613983154,15b7bcc6e5cb8ed7fff7a2e42eb2db2385dda5fd277743feb1ed277bdb41190d
carpet,dark,carpet/cut/015,1,1.6700222492218018,15b7bcc6e5cb8ed7fff7a2e42eb2db2385dda5fd277743feb1ed277bdb41190d
carpet,dark,carpet/cut/016,1,1.8152923583984375,15b7bcc6e5cb8ed7fff7a2e42eb2db2385dda5fd277743feb1ed277bdb41190d
carpet,dark,carpet/good/000,0,1.3375564813613892,15b7bcc6e5cb8ed7fff7a2e42eb2db2385dda5fd277743feb1ed277bdb41190d
carpet,dark,carpet/good/001,0,1.3145983219146729,15b7bcc6e5cb8ed7fff7a2e42eb2db2385dda5fd277743feb1ed277bdb41190d
carpet,dark,carpet/good/002,0,0.9946469068527222,15b7bcc6e5cb8ed7fff7a2e42eb2db2385dda5fd277743feb1ed277bdb41190d
carpet,dark,carpet/good/003,0,1.172811508178711,15b7bcc6e5cb8ed7fff7a2e42eb2db2385dda5fd277743feb1ed277bdb41190d
carpet,dark,carpet/good/004,0,1.6879796981811523,15b7bcc6e5cb8ed7fff7a2e42eb2db2385dda5fd277743feb1ed277bdb41190d
carpet,dark,carpet/good/005,0,1.5402120351791382,15b7bcc6e5cb8ed7fff7a2e42eb2db2385dda5fd277743feb1ed277bdb41190d
carpet,dark,carpet/good/006,0,1.1543514728546143,15b7bcc6e5cb8ed7fff7a2e42eb2db2385dda5fd277743feb1ed277bdb41190d
carpet,dark,carpet/good/007,0,1.3116531372070312,15b7bcc6e5cb8ed7fff7a2e42eb2db2385dda5fd277743feb1ed277bdb41190d
carpet,dark,carpet/good/008,0,1.0853978395462036,15b7bcc6e5cb8ed7fff7a2e42eb2db2385dda5fd277743feb1ed277bdb41190d
carpet,dark,carpet/good/009,0,1.4852607250213623,15b7bcc6e5cb8ed7fff7a2e42eb2db2385dda5fd277743feb1ed277bdb41190d
carpet,dark,carpet/good/010,0,0.9015372395515442,15b7bcc6e5cb8ed7fff7a2e42eb2db2385dda5fd277743feb1ed277bdb41190d
carpet,dark,carpet/good/011,0,1.0348023176193237,15b7bcc6e5cb8ed7fff7a2e42eb2db2385dda5fd277743feb1ed277bdb41190d
carpet,dark,carpet/good/012,0,1.5515297651290894,15b7bcc6e5cb8ed7fff7a2e42eb2db2385dda5fd277743feb1ed277bdb41190d
carpet,dark,carpet/good/013,0,1.4566304683685303,15b7bcc6e5cb8ed7fff7a2e42eb2db2385dda5fd277743feb1ed277bdb41190d
carpet,dark,carpet/good/014,0,1.575736165046692,15b7bcc6e5cb8ed7fff7a2e42eb2db2385dda5fd277743feb1ed277bdb41190d
carpet,dark,carpet/good/015,0,1.3348265886306763,15b7bcc6e5cb8ed7fff7a2e42eb2db2385dda5fd277743feb1ed277bdb41190d
carpet,dark,carpet/good/016,0,1.4002811908721924,15b7bcc6e5cb8ed7fff7a2e42eb2db2385dda5fd277743feb1ed277bdb41190d
carpet,dark,carpet/good/017,0,0.9406417608261108,15b7bcc6e5cb8ed7fff7a2e42eb2db2385dda5fd277743feb1ed277bdb41190d
carpet,dark,carpet/good/018,0,1.1316328048706055,15b7bcc6e5cb8ed7fff7a2e42eb2db2385dda5fd277743feb1ed277bdb41190d
carpet,dark,carpet/good/019,0,1.5543785095214844,15b7bcc6e5cb8ed7fff7a2e42eb2db2385dda5fd277743feb1ed277bdb41190d
carpet,dark,carpet/good/020,0,1.363986849784851,15b7bcc6e5cb8ed7fff7a2e42eb2db2385dda5fd277743feb1ed277bdb41190d
carpet,dark,carpet/good/021,0,1.0623441934585571,15b7bcc6e5cb8ed7fff7a2e42eb2db2385dda5fd277743feb1ed277bdb41190d
carpet,dark,carpet/good/022,0,1.148577094078064,15b7bcc6e5cb8ed7fff7a2e42eb2db2385dda5fd277743feb1ed277bdb41190d
carpet,dark,carpet/good/023,0,0.9728350639343262,15b7bcc6e5cb8ed7fff7a2e42eb2db2385dda5fd277743feb1ed277bdb41190d
carpet,dark,carpet/good/024,0,1.0605415105819702,15b7bcc6e5cb8ed7fff7a2e42eb2db2385dda5fd277743feb1ed277bdb41190d
carpet,dark,carpet/good/025,0,1.269129991531372,15b7bcc6e5cb8ed7fff7a2e42eb2db2385dda5fd277743feb1ed277bdb41190d
carpet,dark,carpet/good/026,0,1.8772281408309937,15b7bcc6e5cb8ed7fff7a2e42eb2db2385dda5fd277743feb1ed277bdb41190d
carpet,dark,carpet/good/027,0,1.3346694707870483,15b7bcc6e5cb8ed7fff7a2e42eb2db2385dda5fd277743feb1ed277bdb41190d
carpet,dark,carpet/hole/000,1,1.3766093254089355,15b7bcc6e5cb8ed7fff7a2e42eb2db2385dda5fd277743feb1ed277bdb41190d
carpet,dark,carpet/hole/001,1,1.1644524335861206,15b7bcc6e5cb8ed7fff7a2e42eb2db2385dda5fd277743feb1ed277bdb41190d
carpet,dark,carpet/hole/002,1,1.6061314344406128,15b7bcc6e5cb8ed7fff7a2e42eb2db2385dda5fd277743feb1ed277bdb41190d
carpet,dark,carpet/hole/003,1,1.362979769706726,15b7bcc6e5cb8ed7fff7a2e42eb2db2385dda5fd277743feb1ed277bdb41190d
carpet,dark,carpet/hole/004,1,1.6030960083007812,15b7bcc6e5cb8ed7fff7a2e42eb2db2385dda5fd277743feb1ed277bdb41190d
carpet,dark,carpet/hole/005,1,1.9428845643997192,15b7bcc6e5cb8ed7fff7a2e42eb2db2385dda5fd277743feb1ed277bdb41190d
carpet,dark,carpet/hole/006,1,1.5182629823684692,15b7bcc6e5cb8ed7fff7a2e42eb2db2385dda5fd277743feb1ed277bdb41190d
carpet,dark,carpet/hole/007,1,1.6795765161514282,15b7bcc6e5cb8ed7fff7a2e42eb2db2385dda5fd277743feb1ed277bdb41190d
carpet,dark,carpet/hole/008,1,1.0812633037567139,15b7bcc6e5cb8ed7fff7a2e42eb2db2385dda5fd277743feb1ed277bdb41190d
carpet,dark,carpet/hole/009,1,1.686090350151062,15b7bcc6e5cb8ed7fff7a2e42eb2db2385dda5fd277743feb1ed277bdb41190d
carpet,dark,carpet/hole/010,1,1.4442991018295288,15b7bcc6e5cb8ed7fff7a2e42eb2db2385dda5fd277743feb1ed277bdb41190d
carpet,dark,carpet/hole/011,1,1.6473278999328613,15b7bcc6e5cb8ed7fff7a2e42eb2db2385dda5fd277743feb1ed277bdb41190d
carpet,dark,carpet/hole/012,1,0.9586021900177002,15b7bcc6e5cb8ed7fff7a2e42eb2db2385dda5fd277743feb1ed277bdb41190d
carpet,dark,carpet/hole/013,1,1.3205443620681763,15b7bcc6e5cb8ed7fff7a2e42eb2db2385dda5fd277743feb1ed277bdb41190d
carpet,dark,carpet/hole/014,1,1.2589401006698608,15b7bcc6e5cb8ed7fff7a2e42eb2db2385dda5fd277743feb1ed277bdb41190d
carpet,dark,carpet/hole/015,1,1.0130717754364014,15b7bcc6e5cb8ed7fff7a2e42eb2db2385dda5fd277743feb1ed277bdb41190d
carpet,dark,carpet/hole/016,1,1.759325623512268,15b7bcc6e5cb8ed7fff7a2e42eb2db2385dda5fd277743feb1ed277bdb41190d
carpet,dark,carpet/metal_contamination/000,1,1.5316330194473267,15b7bcc6e5cb8ed7fff7a2e42eb2db2385dda5fd277743feb1ed277bdb41190d
carpet,dark,carpet/metal_contamination/001,1,1.0038799047470093,15b7bcc6e5cb8ed7fff7a2e42eb2db2385dda5fd277743feb1ed277bdb41190d
carpet,dark,carpet/metal_contamination/002,1,1.4315189123153687,15b7bcc6e5cb8ed7fff7a2e42eb2db2385dda5fd277743feb1ed277bdb41190d
carpet,dark,carpet/metal_contamination/003,1,1.4385286569595337,15b7bcc6e5cb8ed7fff7a2e42eb2db2385dda5fd277743feb1ed277bdb41190d
carpet,dark,carpet/metal_contamination/004,1,1.3503940105438232,15b7bcc6e5cb8ed7fff7a2e42eb2db2385dda5fd277743feb1ed277bdb41190d
carpet,dark,carpet/metal_contamination/005,1,1.3088542222976685,15b7bcc6e5cb8ed7fff7a2e42eb2db2385dda5fd277743feb1ed277bdb41190d
carpet,dark,carpet/metal_contamination/006,1,1.7370578050613403,15b7bcc6e5cb8ed7fff7a2e42eb2db2385dda5fd277743feb1ed277bdb41190d
carpet,dark,carpet/metal_contamination/007,1,1.2297357320785522,15b7bcc6e5cb8ed7fff7a2e42eb2db2385dda5fd277743feb1ed277bdb41190d
carpet,dark,carpet/metal_contamination/008,1,1.1629701852798462,15b7bcc6e5cb8ed7fff7a2e42eb2db2385dda5fd277743feb1ed277bdb41190d
carpet,dark,carpet/metal_contamination/009,1,1.3251100778579712,15b7bcc6e5cb8ed7fff7a2e42eb2db2385dda5fd277743feb1ed277bdb41190d
carpet,dark,carpet/metal_contamination/010,1,1.1758931875228882,15b7bcc6e5cb8ed7fff7a2e42eb2db2385dda5fd277743feb1ed277bdb41190d
carpet,dark,carpet/metal_contamination/011,1,1.6995242834091187,15b7bcc6e5cb8ed7fff7a2e42eb2db2385dda5fd277743feb1ed277bdb41190d
carpet,dark,carpet/metal_contamination/012,1,1.178562879562378,15b7bcc6e5cb8ed7fff7a2e42eb2db2385dda5fd277743feb1ed277bdb41190d
carpet,dark,carpet/metal_contamination/013,1,1.3100231885910034,15b7bcc6e5cb8ed7fff7a2e42eb2db2385dda5fd277743feb1ed277bdb41190d
carpet,dark,carpet/metal_contamination/014,1,1.9035104513168335,15b7bcc6e5cb8ed7fff7a2e42eb2db2385dda5fd277743feb1ed277bdb41190d
carpet,dark,carpet/metal_contamination/015,1,1.3694149255752563,15b7bcc6e5cb8ed7fff7a2e42eb2db2385dda5fd277743feb1ed277bdb41190d
carpet,dark,carpet/metal_contamination/016,1,1.3189893960952759,15b7bcc6e5cb8ed7fff7a2e42eb2db2385dda5fd277743feb1ed277bdb41190d
carpet,dark,carpet/thread/000,1,1.6622570753097534,15b7bcc6e5cb8ed7fff7a2e42eb2db2385dda5fd277743feb1ed277bdb41190d
carpet,dark,carpet/thread/001,1,1.8435132503509521,15b7bcc6e5cb8ed7fff7a2e42eb2db2385dda5fd277743feb1ed277bdb41190d
carpet,dark,carpet/thread/002,1,1.4727150201797485,15b7bcc6e5cb8ed7fff7a2e42eb2db2385dda5fd277743feb1ed277bdb41190d
carpet,dark,carpet/thread/003,1,0.9214403629302979,15b7bcc6e5cb8ed7fff7a2e42eb2db2385dda5fd277743feb1ed277bdb41190d
carpet,dark,carpet/thread/004,1,1.2571995258331299,15b7bcc6e5cb8ed7fff7a2e42eb2db2385dda5fd277743feb1ed277bdb41190d
carpet,dark,carpet/thread/005,1,1.459967851638794,15b7bcc6e5cb8ed7fff7a2e42eb2db2385dda5fd277743feb1ed277bdb41190d
carpet,dark,carpet/thread/006,1,1.7522149085998535,15b7bcc6e5cb8ed7fff7a2e42eb2db2385dda5fd277743feb1ed277bdb41190d
carpet,dark,carpet/thread/007,1,1.3288475275039673,15b7bcc6e5cb8ed7fff7a2e42eb2db2385dda5fd277743feb1ed277bdb41190d
carpet,dark,carpet/thread/008,1,1.474192500114441,15b7bcc6e5cb8ed7fff7a2e42eb2db2385dda5fd277743feb1ed277bdb41190d
carpet,dark,carpet/thread/009,1,1.5620861053466797,15b7bcc6e5cb8ed7fff7a2e42eb2db2385dda5fd277743feb1ed277bdb41190d
carpet,dark,carpet/thread/010,1,1.6824935674667358,15b7bcc6e5cb8ed7fff7a2e42eb2db2385dda5fd277743feb1ed277bdb41190d
carpet,dark,carpet/thread/011,1,1.5482680797576904,15b7bcc6e5cb8ed7fff7a2e42eb2db2385dda5fd277743feb1ed277bdb41190d
carpet,dark,carpet/thread/012,1,1.7008131742477417,15b7bcc6e5cb8ed7fff7a2e42eb2db2385dda5fd277743feb1ed277bdb41190d
carpet,dark,carpet/thread/013,1,1.4116098880767822,15b7bcc6e5cb8ed7fff7a2e42eb2db2385dda5fd277743feb1ed277bdb41190d
carpet,dark,carpet/thread/014,1,1.2041294574737549,15b7bcc6e5cb8ed7fff7a2e42eb2db2385dda5fd277743feb1ed277bdb41190d
carpet,dark,carpet/thread/015,1,1.6454354524612427,15b7bcc6e5cb8ed7fff7a2e42eb2db2385dda5fd277743feb1ed277bdb41190d
carpet,dark,carpet/thread/016,1,1.8335933685302734,15b7bcc6e5cb8ed7fff7a2e42eb2db2385dda5fd277743feb1ed277bdb41190d
carpet,dark,carpet/thread/017,1,1.0971702337265015,15b7bcc6e5cb8ed7fff7a2e42eb2db2385dda5fd277743feb1ed277bdb41190d
carpet,dark,carpet/thread/018,1,1.1236032247543335,15b7bcc6e5cb8ed7fff7a2e42eb2db2385dda5fd277743feb1ed277bdb41190d
carpet,mirnetv2,carpet/color/000,1,1.0047523975372314,15b7bcc6e5cb8ed7fff7a2e42eb2db2385dda5fd277743feb1ed277bdb41190d
carpet,mirnetv2,carpet/color/001,1,1.2463805675506592,15b7bcc6e5cb8ed7fff7a2e42eb2db2385dda5fd277743feb1ed277bdb41190d
carpet,mirnetv2,carpet/color/002,1,1.032091498374939,15b7bcc6e5cb8ed7fff7a2e42eb2db2385dda5fd277743feb1ed277bdb41190d
carpet,mirnetv2,carpet/color/003,1,0.7199988961219788,15b7bcc6e5cb8ed7fff7a2e42eb2db2385dda5fd277743feb1ed277bdb41190d
carpet,mirnetv2,carpet/color/004,1,0.6372289061546326,15b7bcc6e5cb8ed7fff7a2e42eb2db2385dda5fd277743feb1ed277bdb41190d
carpet,mirnetv2,carpet/color/005,1,0.7900347709655762,15b7bcc6e5cb8ed7fff7a2e42eb2db2385dda5fd277743feb1ed277bdb41190d
carpet,mirnetv2,carpet/color/006,1,1.1063096523284912,15b7bcc6e5cb8ed7fff7a2e42eb2db2385dda5fd277743feb1ed277bdb41190d
carpet,mirnetv2,carpet/color/007,1,1.2542661428451538,15b7bcc6e5cb8ed7fff7a2e42eb2db2385dda5fd277743feb1ed277bdb41190d
carpet,mirnetv2,carpet/color/008,1,1.2415289878845215,15b7bcc6e5cb8ed7fff7a2e42eb2db2385dda5fd277743feb1ed277bdb41190d
carpet,mirnetv2,carpet/color/009,1,0.7153408527374268,15b7bcc6e5cb8ed7fff7a2e42eb2db2385dda5fd277743feb1ed277bdb41190d
carpet,mirnetv2,carpet/color/010,1,1.4950388669967651,15b7bcc6e5cb8ed7fff7a2e42eb2db2385dda5fd277743feb1ed277bdb41190d
carpet,mirnetv2,carpet/color/011,1,1.129518985748291,15b7bcc6e5cb8ed7fff7a2e42eb2db2385dda5fd277743feb1ed277bdb41190d
carpet,mirnetv2,carpet/color/012,1,1.379266619682312,15b7bcc6e5cb8ed7fff7a2e42eb2db2385dda5fd277743feb1ed277bdb41190d
carpet,mirnetv2,carpet/color/013,1,0.9742615818977356,15b7bcc6e5cb8ed7fff7a2e42eb2db2385dda5fd277743feb1ed277bdb41190d
carpet,mirnetv2,carpet/color/014,1,1.3001435995101929,15b7bcc6e5cb8ed7fff7a2e42eb2db2385dda5fd277743feb1ed277bdb41190d
carpet,mirnetv2,carpet/color/015,1,1.0460548400878906,15b7bcc6e5cb8ed7fff7a2e42eb2db2385dda5fd277743feb1ed277bdb41190d
carpet,mirnetv2,carpet/color/016,1,0.9139583110809326,15b7bcc6e5cb8ed7fff7a2e42eb2db2385dda5fd277743feb1ed277bdb41190d
carpet,mirnetv2,carpet/color/017,1,0.768198549747467,15b7bcc6e5cb8ed7fff7a2e42eb2db2385dda5fd277743feb1ed277bdb41190d
carpet,mirnetv2,carpet/color/018,1,1.5153818130493164,15b7bcc6e5cb8ed7fff7a2e42eb2db2385dda5fd277743feb1ed277bdb41190d
carpet,mirnetv2,carpet/cut/000,1,1.3317097425460815,15b7bcc6e5cb8ed7fff7a2e42eb2db2385dda5fd277743feb1ed277bdb41190d
carpet,mirnetv2,carpet/cut/001,1,0.9633262753486633,15b7bcc6e5cb8ed7fff7a2e42eb2db2385dda5fd277743feb1ed277bdb41190d
carpet,mirnetv2,carpet/cut/002,1,1.127476692199707,15b7bcc6e5cb8ed7fff7a2e42eb2db2385dda5fd277743feb1ed277bdb41190d
carpet,mirnetv2,carpet/cut/003,1,1.071173906326294,15b7bcc6e5cb8ed7fff7a2e42eb2db2385dda5fd277743feb1ed277bdb41190d
carpet,mirnetv2,carpet/cut/004,1,0.640872597694397,15b7bcc6e5cb8ed7fff7a2e42eb2db2385dda5fd277743feb1ed277bdb41190d
carpet,mirnetv2,carpet/cut/005,1,1.816077709197998,15b7bcc6e5cb8ed7fff7a2e42eb2db2385dda5fd277743feb1ed277bdb41190d
carpet,mirnetv2,carpet/cut/006,1,1.4177175760269165,15b7bcc6e5cb8ed7fff7a2e42eb2db2385dda5fd277743feb1ed277bdb41190d
carpet,mirnetv2,carpet/cut/007,1,1.353697419166565,15b7bcc6e5cb8ed7fff7a2e42eb2db2385dda5fd277743feb1ed277bdb41190d
carpet,mirnetv2,carpet/cut/008,1,0.7061676383018494,15b7bcc6e5cb8ed7fff7a2e42eb2db2385dda5fd277743feb1ed277bdb41190d
carpet,mirnetv2,carpet/cut/009,1,1.0678198337554932,15b7bcc6e5cb8ed7fff7a2e42eb2db2385dda5fd277743feb1ed277bdb41190d
carpet,mirnetv2,carpet/cut/010,1,0.8991365432739258,15b7bcc6e5cb8ed7fff7a2e42eb2db2385dda5fd277743feb1ed277bdb41190d
carpet,mirnetv2,carpet/cut/011,1,1.2897281646728516,15b7bcc6e5cb8ed7fff7a2e42eb2db2385dda5fd277743feb1ed277bdb41190d
carpet,mirnetv2,carpet/cut/012,1,0.8242043852806091,15b7bcc6e5cb8ed7fff7a2e42eb2db2385dda5fd277743feb1ed277bdb41190d
carpet,mirnetv2,carpet/cut/013,1,0.8059485554695129,15b7bcc6e5cb8ed7fff7a2e42eb2db2385dda5fd277743feb1ed277bdb41190d
carpet,mirnetv2,carpet/cut/014,1,1.46647310256958,15b7bcc6e5cb8ed7fff7a2e42eb2db2385dda5fd277743feb1ed277bdb41190d
carpet,mirnetv2,carpet/cut/015,1,1.3993098735809326,15b7bcc6e5cb8ed7fff7a2e42eb2db2385dda5fd277743feb1ed277bdb41190d
carpet,mirnetv2,carpet/cut/016,1,1.63360595703125,15b7bcc6e5cb8ed7fff7a2e42eb2db2385dda5fd277743feb1ed277bdb41190d
carpet,mirnetv2,carpet/good/000,0,0.9259262084960938,15b7bcc6e5cb8ed7fff7a2e42eb2db2385dda5fd277743feb1ed277bdb41190d
carpet,mirnetv2,carpet/good/001,0,0.8802670240402222,15b7bcc6e5cb8ed7fff7a2e42eb2db2385dda5fd277743feb1ed277bdb41190d
carpet,mirnetv2,carpet/good/002,0,0.7932255268096924,15b7bcc6e5cb8ed7fff7a2e42eb2db2385dda5fd277743feb1ed277bdb41190d
carpet,mirnetv2,carpet/good/003,0,0.890842616558075,15b7bcc6e5cb8ed7fff7a2e42eb2db2385dda5fd277743feb1ed277bdb41190d
carpet,mirnetv2,carpet/good/004,0,1.2447463274002075,15b7bcc6e5cb8ed7fff7a2e42eb2db2385dda5fd277743feb1ed277bdb41190d
carpet,mirnetv2,carpet/good/005,0,1.2747859954833984,15b7bcc6e5cb8ed7fff7a2e42eb2db2385dda5fd277743feb1ed277bdb41190d
carpet,mirnetv2,carpet/good/006,0,0.8084890842437744,15b7bcc6e5cb8ed7fff7a2e42eb2db2385dda5fd277743feb1ed277bdb41190d
carpet,mirnetv2,carpet/good/007,0,0.8442592620849609,15b7bcc6e5cb8ed7fff7a2e42eb2db2385dda5fd277743feb1ed277bdb41190d
carpet,mirnetv2,carpet/good/008,0,0.8094736337661743,15b7bcc6e5cb8ed7fff7a2e42eb2db2385dda5fd277743feb1ed277bdb41190d
carpet,mirnetv2,carpet/good/009,0,1.2991859912872314,15b7bcc6e5cb8ed7fff7a2e42eb2db2385dda5fd277743feb1ed277bdb41190d
carpet,mirnetv2,carpet/good/010,0,0.718833327293396,15b7bcc6e5cb8ed7fff7a2e42eb2db2385dda5fd277743feb1ed277bdb41190d
carpet,mirnetv2,carpet/good/011,0,0.6895070672035217,15b7bcc6e5cb8ed7fff7a2e42eb2db2385dda5fd277743feb1ed277bdb41190d
carpet,mirnetv2,carpet/good/012,0,1.0815227031707764,15b7bcc6e5cb8ed7fff7a2e42eb2db2385dda5fd277743feb1ed277bdb41190d
carpet,mirnetv2,carpet/good/013,0,1.2404042482376099,15b7bcc6e5cb8ed7fff7a2e42eb2db2385dda5fd277743feb1ed277bdb41190d
carpet,mirnetv2,carpet/good/014,0,1.3372137546539307,15b7bcc6e5cb8ed7fff7a2e42eb2db2385dda5fd277743feb1ed277bdb41190d
carpet,mirnetv2,carpet/good/015,0,1.0185563564300537,15b7bcc6e5cb8ed7fff7a2e42eb2db2385dda5fd277743feb1ed277bdb41190d
carpet,mirnetv2,carpet/good/016,0,1.121647834777832,15b7bcc6e5cb8ed7fff7a2e42eb2db2385dda5fd277743feb1ed277bdb41190d
carpet,mirnetv2,carpet/good/017,0,0.7417294979095459,15b7bcc6e5cb8ed7fff7a2e42eb2db2385dda5fd277743feb1ed277bdb41190d
carpet,mirnetv2,carpet/good/018,0,0.6947198510169983,15b7bcc6e5cb8ed7fff7a2e42eb2db2385dda5fd277743feb1ed277bdb41190d
carpet,mirnetv2,carpet/good/019,0,1.217202067375183,15b7bcc6e5cb8ed7fff7a2e42eb2db2385dda5fd277743feb1ed277bdb41190d
carpet,mirnetv2,carpet/good/020,0,0.8312270641326904,15b7bcc6e5cb8ed7fff7a2e42eb2db2385dda5fd277743feb1ed277bdb41190d
carpet,mirnetv2,carpet/good/021,0,0.7586448788642883,15b7bcc6e5cb8ed7fff7a2e42eb2db2385dda5fd277743feb1ed277bdb41190d
carpet,mirnetv2,carpet/good/022,0,0.907654345035553,15b7bcc6e5cb8ed7fff7a2e42eb2db2385dda5fd277743feb1ed277bdb41190d
carpet,mirnetv2,carpet/good/023,0,0.6685716509819031,15b7bcc6e5cb8ed7fff7a2e42eb2db2385dda5fd277743feb1ed277bdb41190d
carpet,mirnetv2,carpet/good/024,0,0.7578756809234619,15b7bcc6e5cb8ed7fff7a2e42eb2db2385dda5fd277743feb1ed277bdb41190d
carpet,mirnetv2,carpet/good/025,0,0.8427252173423767,15b7bcc6e5cb8ed7fff7a2e42eb2db2385dda5fd277743feb1ed277bdb41190d
carpet,mirnetv2,carpet/good/026,0,1.6193746328353882,15b7bcc6e5cb8ed7fff7a2e42eb2db2385dda5fd277743feb1ed277bdb41190d
carpet,mirnetv2,carpet/good/027,0,0.9934983253479004,15b7bcc6e5cb8ed7fff7a2e42eb2db2385dda5fd277743feb1ed277bdb41190d
carpet,mirnetv2,carpet/hole/000,1,1.1014611721038818,15b7bcc6e5cb8ed7fff7a2e42eb2db2385dda5fd277743feb1ed277bdb41190d
carpet,mirnetv2,carpet/hole/001,1,0.7115212678909302,15b7bcc6e5cb8ed7fff7a2e42eb2db2385dda5fd277743feb1ed277bdb41190d
carpet,mirnetv2,carpet/hole/002,1,1.3426557779312134,15b7bcc6e5cb8ed7fff7a2e42eb2db2385dda5fd277743feb1ed277bdb41190d
carpet,mirnetv2,carpet/hole/003,1,0.9527401328086853,15b7bcc6e5cb8ed7fff7a2e42eb2db2385dda5fd277743feb1ed277bdb41190d
carpet,mirnetv2,carpet/hole/004,1,1.345352292060852,15b7bcc6e5cb8ed7fff7a2e42eb2db2385dda5fd277743feb1ed277bdb41190d
carpet,mirnetv2,carpet/hole/005,1,1.652890920639038,15b7bcc6e5cb8ed7fff7a2e42eb2db2385dda5fd277743feb1ed277bdb41190d
carpet,mirnetv2,carpet/hole/006,1,1.0181770324707031,15b7bcc6e5cb8ed7fff7a2e42eb2db2385dda5fd277743feb1ed277bdb41190d
carpet,mirnetv2,carpet/hole/007,1,1.270029902458191,15b7bcc6e5cb8ed7fff7a2e42eb2db2385dda5fd277743feb1ed277bdb41190d
carpet,mirnetv2,carpet/hole/008,1,0.6954719424247742,15b7bcc6e5cb8ed7fff7a2e42eb2db2385dda5fd277743feb1ed277bdb41190d
carpet,mirnetv2,carpet/hole/009,1,1.3481179475784302,15b7bcc6e5cb8ed7fff7a2e42eb2db2385dda5fd277743feb1ed277bdb41190d
carpet,mirnetv2,carpet/hole/010,1,1.1897014379501343,15b7bcc6e5cb8ed7fff7a2e42eb2db2385dda5fd277743feb1ed277bdb41190d
carpet,mirnetv2,carpet/hole/011,1,1.1180269718170166,15b7bcc6e5cb8ed7fff7a2e42eb2db2385dda5fd277743feb1ed277bdb41190d
carpet,mirnetv2,carpet/hole/012,1,0.6701410412788391,15b7bcc6e5cb8ed7fff7a2e42eb2db2385dda5fd277743feb1ed277bdb41190d
carpet,mirnetv2,carpet/hole/013,1,0.8956415057182312,15b7bcc6e5cb8ed7fff7a2e42eb2db2385dda5fd277743feb1ed277bdb41190d
carpet,mirnetv2,carpet/hole/014,1,0.8063789010047913,15b7bcc6e5cb8ed7fff7a2e42eb2db2385dda5fd277743feb1ed277bdb41190d
carpet,mirnetv2,carpet/hole/015,1,0.6794706583023071,15b7bcc6e5cb8ed7fff7a2e42eb2db2385dda5fd277743feb1ed277bdb41190d
carpet,mirnetv2,carpet/hole/016,1,1.4641978740692139,15b7bcc6e5cb8ed7fff7a2e42eb2db2385dda5fd277743feb1ed277bdb41190d
carpet,mirnetv2,carpet/metal_contamination/000,1,1.1646844148635864,15b7bcc6e5cb8ed7fff7a2e42eb2db2385dda5fd277743feb1ed277bdb41190d
carpet,mirnetv2,carpet/metal_contamination/001,1,0.6660701632499695,15b7bcc6e5cb8ed7fff7a2e42eb2db2385dda5fd277743feb1ed277bdb41190d
carpet,mirnetv2,carpet/metal_contamination/002,1,1.0785877704620361,15b7bcc6e5cb8ed7fff7a2e42eb2db2385dda5fd277743feb1ed277bdb41190d
carpet,mirnetv2,carpet/metal_contamination/003,1,0.968595564365387,15b7bcc6e5cb8ed7fff7a2e42eb2db2385dda5fd277743feb1ed277bdb41190d
carpet,mirnetv2,carpet/metal_contamination/004,1,0.8460931181907654,15b7bcc6e5cb8ed7fff7a2e42eb2db2385dda5fd277743feb1ed277bdb41190d
carpet,mirnetv2,carpet/metal_contamination/005,1,0.6986873149871826,15b7bcc6e5cb8ed7fff7a2e42eb2db2385dda5fd277743feb1ed277bdb41190d
carpet,mirnetv2,carpet/metal_contamination/006,1,1.4192135334014893,15b7bcc6e5cb8ed7fff7a2e42eb2db2385dda5fd277743feb1ed277bdb41190d
carpet,mirnetv2,carpet/metal_contamination/007,1,0.7706708312034607,15b7bcc6e5cb8ed7fff7a2e42eb2db2385dda5fd277743feb1ed277bdb41190d
carpet,mirnetv2,carpet/metal_contamination/008,1,0.7350641489028931,15b7bcc6e5cb8ed7fff7a2e42eb2db2385dda5fd277743feb1ed277bdb41190d
carpet,mirnetv2,carpet/metal_contamination/009,1,0.8648248314857483,15b7bcc6e5cb8ed7fff7a2e42eb2db2385dda5fd277743feb1ed277bdb41190d
carpet,mirnetv2,carpet/metal_contamination/010,1,0.8495903611183167,15b7bcc6e5cb8ed7fff7a2e42eb2db2385dda5fd277743feb1ed277bdb41190d
carpet,mirnetv2,carpet/metal_contamination/011,1,1.2054282426834106,15b7bcc6e5cb8ed7fff7a2e42eb2db2385dda5fd277743feb1ed277bdb41190d
carpet,mirnetv2,carpet/metal_contamination/012,1,0.7157022356987,15b7bcc6e5cb8ed7fff7a2e42eb2db2385dda5fd277743feb1ed277bdb41190d
carpet,mirnetv2,carpet/metal_contamination/013,1,0.7580442428588867,15b7bcc6e5cb8ed7fff7a2e42eb2db2385dda5fd277743feb1ed277bdb41190d
carpet,mirnetv2,carpet/metal_contamination/014,1,1.5832105875015259,15b7bcc6e5cb8ed7fff7a2e42eb2db2385dda5fd277743feb1ed277bdb41190d
carpet,mirnetv2,carpet/metal_contamination/015,1,0.9831882119178772,15b7bcc6e5cb8ed7fff7a2e42eb2db2385dda5fd277743feb1ed277bdb41190d
carpet,mirnetv2,carpet/metal_contamination/016,1,0.9365559816360474,15b7bcc6e5cb8ed7fff7a2e42eb2db2385dda5fd277743feb1ed277bdb41190d
carpet,mirnetv2,carpet/thread/000,1,1.229377031326294,15b7bcc6e5cb8ed7fff7a2e42eb2db2385dda5fd277743feb1ed277bdb41190d
carpet,mirnetv2,carpet/thread/001,1,1.6070033311843872,15b7bcc6e5cb8ed7fff7a2e42eb2db2385dda5fd277743feb1ed277bdb41190d
carpet,mirnetv2,carpet/thread/002,1,0.8833041787147522,15b7bcc6e5cb8ed7fff7a2e42eb2db2385dda5fd277743feb1ed277bdb41190d
carpet,mirnetv2,carpet/thread/003,1,0.6588391661643982,15b7bcc6e5cb8ed7fff7a2e42eb2db2385dda5fd277743feb1ed277bdb41190d
carpet,mirnetv2,carpet/thread/004,1,0.9891291856765747,15b7bcc6e5cb8ed7fff7a2e42eb2db2385dda5fd277743feb1ed277bdb41190d
carpet,mirnetv2,carpet/thread/005,1,1.2233458757400513,15b7bcc6e5cb8ed7fff7a2e42eb2db2385dda5fd277743feb1ed277bdb41190d
carpet,mirnetv2,carpet/thread/006,1,1.5025900602340698,15b7bcc6e5cb8ed7fff7a2e42eb2db2385dda5fd277743feb1ed277bdb41190d
carpet,mirnetv2,carpet/thread/007,1,0.916990339756012,15b7bcc6e5cb8ed7fff7a2e42eb2db2385dda5fd277743feb1ed277bdb41190d
carpet,mirnetv2,carpet/thread/008,1,0.9544073343276978,15b7bcc6e5cb8ed7fff7a2e42eb2db2385dda5fd277743feb1ed277bdb41190d
carpet,mirnetv2,carpet/thread/009,1,1.1905889511108398,15b7bcc6e5cb8ed7fff7a2e42eb2db2385dda5fd277743feb1ed277bdb41190d
carpet,mirnetv2,carpet/thread/010,1,1.3734794855117798,15b7bcc6e5cb8ed7fff7a2e42eb2db2385dda5fd277743feb1ed277bdb41190d
carpet,mirnetv2,carpet/thread/011,1,1.3321380615234375,15b7bcc6e5cb8ed7fff7a2e42eb2db2385dda5fd277743feb1ed277bdb41190d
carpet,mirnetv2,carpet/thread/012,1,1.4838993549346924,15b7bcc6e5cb8ed7fff7a2e42eb2db2385dda5fd277743feb1ed277bdb41190d
carpet,mirnetv2,carpet/thread/013,1,0.9242919087409973,15b7bcc6e5cb8ed7fff7a2e42eb2db2385dda5fd277743feb1ed277bdb41190d
carpet,mirnetv2,carpet/thread/014,1,0.9092258810997009,15b7bcc6e5cb8ed7fff7a2e42eb2db2385dda5fd277743feb1ed277bdb41190d
carpet,mirnetv2,carpet/thread/015,1,1.2053099870681763,15b7bcc6e5cb8ed7fff7a2e42eb2db2385dda5fd277743feb1ed277bdb41190d
carpet,mirnetv2,carpet/thread/016,1,1.5372624397277832,15b7bcc6e5cb8ed7fff7a2e42eb2db2385dda5fd277743feb1ed277bdb41190d
carpet,mirnetv2,carpet/thread/017,1,0.679781973361969,15b7bcc6e5cb8ed7fff7a2e42eb2db2385dda5fd277743feb1ed277bdb41190d
carpet,mirnetv2,carpet/thread/018,1,0.6618717312812805,15b7bcc6e5cb8ed7fff7a2e42eb2db2385dda5fd277743feb1ed277bdb41190d
carpet,icra,carpet/color/000,1,0.764222264289856,15b7bcc6e5cb8ed7fff7a2e42eb2db2385dda5fd277743feb1ed277bdb41190d
carpet,icra,carpet/color/001,1,0.8338627219200134,15b7bcc6e5cb8ed7fff7a2e42eb2db2385dda5fd277743feb1ed277bdb41190d
carpet,icra,carpet/color/002,1,0.7235046625137329,15b7bcc6e5cb8ed7fff7a2e42eb2db2385dda5fd277743feb1ed277bdb41190d
carpet,icra,carpet/color/003,1,0.5109202861785889,15b7bcc6e5cb8ed7fff7a2e42eb2db2385dda5fd277743feb1ed277bdb41190d
carpet,icra,carpet/color/004,1,0.4835766851902008,15b7bcc6e5cb8ed7fff7a2e42eb2db2385dda5fd277743feb1ed277bdb41190d
carpet,icra,carpet/color/005,1,0.5238535404205322,15b7bcc6e5cb8ed7fff7a2e42eb2db2385dda5fd277743feb1ed277bdb41190d
carpet,icra,carpet/color/006,1,0.7025111317634583,15b7bcc6e5cb8ed7fff7a2e42eb2db2385dda5fd277743feb1ed277bdb41190d
carpet,icra,carpet/color/007,1,0.8271640539169312,15b7bcc6e5cb8ed7fff7a2e42eb2db2385dda5fd277743feb1ed277bdb41190d
carpet,icra,carpet/color/008,1,0.8301997780799866,15b7bcc6e5cb8ed7fff7a2e42eb2db2385dda5fd277743feb1ed277bdb41190d
carpet,icra,carpet/color/009,1,0.5150107741355896,15b7bcc6e5cb8ed7fff7a2e42eb2db2385dda5fd277743feb1ed277bdb41190d
carpet,icra,carpet/color/010,1,0.9838758707046509,15b7bcc6e5cb8ed7fff7a2e42eb2db2385dda5fd277743feb1ed277bdb41190d
carpet,icra,carpet/color/011,1,0.7571496367454529,15b7bcc6e5cb8ed7fff7a2e42eb2db2385dda5fd277743feb1ed277bdb41190d
carpet,icra,carpet/color/012,1,0.9917197227478027,15b7bcc6e5cb8ed7fff7a2e42eb2db2385dda5fd277743feb1ed277bdb41190d
carpet,icra,carpet/color/013,1,0.605119526386261,15b7bcc6e5cb8ed7fff7a2e42eb2db2385dda5fd277743feb1ed277bdb41190d
carpet,icra,carpet/color/014,1,0.9019824266433716,15b7bcc6e5cb8ed7fff7a2e42eb2db2385dda5fd277743feb1ed277bdb41190d
carpet,icra,carpet/color/015,1,0.5960845947265625,15b7bcc6e5cb8ed7fff7a2e42eb2db2385dda5fd277743feb1ed277bdb41190d
carpet,icra,carpet/color/016,1,0.7479406595230103,15b7bcc6e5cb8ed7fff7a2e42eb2db2385dda5fd277743feb1ed277bdb41190d
carpet,icra,carpet/color/017,1,0.6216982007026672,15b7bcc6e5cb8ed7fff7a2e42eb2db2385dda5fd277743feb1ed277bdb41190d
carpet,icra,carpet/color/018,1,1.1321245431900024,15b7bcc6e5cb8ed7fff7a2e42eb2db2385dda5fd277743feb1ed277bdb41190d
carpet,icra,carpet/cut/000,1,0.9278053045272827,15b7bcc6e5cb8ed7fff7a2e42eb2db2385dda5fd277743feb1ed277bdb41190d
carpet,icra,carpet/cut/001,1,0.6773659586906433,15b7bcc6e5cb8ed7fff7a2e42eb2db2385dda5fd277743feb1ed277bdb41190d
carpet,icra,carpet/cut/002,1,0.7013806104660034,15b7bcc6e5cb8ed7fff7a2e42eb2db2385dda5fd277743feb1ed277bdb41190d
carpet,icra,carpet/cut/003,1,0.6990066170692444,15b7bcc6e5cb8ed7fff7a2e42eb2db2385dda5fd277743feb1ed277bdb41190d
carpet,icra,carpet/cut/004,1,0.4640337824821472,15b7bcc6e5cb8ed7fff7a2e42eb2db2385dda5fd277743feb1ed277bdb41190d
carpet,icra,carpet/cut/005,1,1.1798145771026611,15b7bcc6e5cb8ed7fff7a2e42eb2db2385dda5fd277743feb1ed277bdb41190d
carpet,icra,carpet/cut/006,1,0.972720205783844,15b7bcc6e5cb8ed7fff7a2e42eb2db2385dda5fd277743feb1ed277bdb41190d
carpet,icra,carpet/cut/007,1,0.9356343746185303,15b7bcc6e5cb8ed7fff7a2e42eb2db2385dda5fd277743feb1ed277bdb41190d
carpet,icra,carpet/cut/008,1,0.49125364422798157,15b7bcc6e5cb8ed7fff7a2e42eb2db2385dda5fd277743feb1ed277bdb41190d
carpet,icra,carpet/cut/009,1,0.8741139769554138,15b7bcc6e5cb8ed7fff7a2e42eb2db2385dda5fd277743feb1ed277bdb41190d
carpet,icra,carpet/cut/010,1,0.7471192479133606,15b7bcc6e5cb8ed7fff7a2e42eb2db2385dda5fd277743feb1ed277bdb41190d
carpet,icra,carpet/cut/011,1,0.9641931056976318,15b7bcc6e5cb8ed7fff7a2e42eb2db2385dda5fd277743feb1ed277bdb41190d
carpet,icra,carpet/cut/012,1,0.5693618059158325,15b7bcc6e5cb8ed7fff7a2e42eb2db2385dda5fd277743feb1ed277bdb41190d
carpet,icra,carpet/cut/013,1,0.5977981090545654,15b7bcc6e5cb8ed7fff7a2e42eb2db2385dda5fd277743feb1ed277bdb41190d
carpet,icra,carpet/cut/014,1,0.9927447438240051,15b7bcc6e5cb8ed7fff7a2e42eb2db2385dda5fd277743feb1ed277bdb41190d
carpet,icra,carpet/cut/015,1,0.9154828786849976,15b7bcc6e5cb8ed7fff7a2e42eb2db2385dda5fd277743feb1ed277bdb41190d
carpet,icra,carpet/cut/016,1,1.0884016752243042,15b7bcc6e5cb8ed7fff7a2e42eb2db2385dda5fd277743feb1ed277bdb41190d
carpet,icra,carpet/good/000,0,0.6096417307853699,15b7bcc6e5cb8ed7fff7a2e42eb2db2385dda5fd277743feb1ed277bdb41190d
carpet,icra,carpet/good/001,0,0.6369900703430176,15b7bcc6e5cb8ed7fff7a2e42eb2db2385dda5fd277743feb1ed277bdb41190d
carpet,icra,carpet/good/002,0,0.6054343581199646,15b7bcc6e5cb8ed7fff7a2e42eb2db2385dda5fd277743feb1ed277bdb41190d
carpet,icra,carpet/good/003,0,0.7232704162597656,15b7bcc6e5cb8ed7fff7a2e42eb2db2385dda5fd277743feb1ed277bdb41190d
carpet,icra,carpet/good/004,0,0.9496912956237793,15b7bcc6e5cb8ed7fff7a2e42eb2db2385dda5fd277743feb1ed277bdb41190d
carpet,icra,carpet/good/005,0,0.9218080043792725,15b7bcc6e5cb8ed7fff7a2e42eb2db2385dda5fd277743feb1ed277bdb41190d
carpet,icra,carpet/good/006,0,0.6851146817207336,15b7bcc6e5cb8ed7fff7a2e42eb2db2385dda5fd277743feb1ed277bdb41190d
carpet,icra,carpet/good/007,0,0.669277548789978,15b7bcc6e5cb8ed7fff7a2e42eb2db2385dda5fd277743feb1ed277bdb41190d
carpet,icra,carpet/good/008,0,0.6214138269424438,15b7bcc6e5cb8ed7fff7a2e42eb2db2385dda5fd277743feb1ed277bdb41190d
carpet,icra,carpet/good/009,0,0.8954697847366333,15b7bcc6e5cb8ed7fff7a2e42eb2db2385dda5fd277743feb1ed277bdb41190d
carpet,icra,carpet/good/010,0,0.41500070691108704,15b7bcc6e5cb8ed7fff7a2e42eb2db2385dda5fd277743feb1ed277bdb41190d
carpet,icra,carpet/good/011,0,0.48737844824790955,15b7bcc6e5cb8ed7fff7a2e42eb2db2385dda5fd277743feb1ed277bdb41190d
carpet,icra,carpet/good/012,0,0.7458820939064026,15b7bcc6e5cb8ed7fff7a2e42eb2db2385dda5fd277743feb1ed277bdb41190d
carpet,icra,carpet/good/013,0,0.8592463135719299,15b7bcc6e5cb8ed7fff7a2e42eb2db2385dda5fd277743feb1ed277bdb41190d
carpet,icra,carpet/good/014,0,0.9086017608642578,15b7bcc6e5cb8ed7fff7a2e42eb2db2385dda5fd277743feb1ed277bdb41190d
carpet,icra,carpet/good/015,0,0.824019730091095,15b7bcc6e5cb8ed7fff7a2e42eb2db2385dda5fd277743feb1ed277bdb41190d
carpet,icra,carpet/good/016,0,0.7330201268196106,15b7bcc6e5cb8ed7fff7a2e42eb2db2385dda5fd277743feb1ed277bdb41190d
carpet,icra,carpet/good/017,0,0.45749714970588684,15b7bcc6e5cb8ed7fff7a2e42eb2db2385dda5fd277743feb1ed277bdb41190d
carpet,icra,carpet/good/018,0,0.5042253136634827,15b7bcc6e5cb8ed7fff7a2e42eb2db2385dda5fd277743feb1ed277bdb41190d
carpet,icra,carpet/good/019,0,0.8096500635147095,15b7bcc6e5cb8ed7fff7a2e42eb2db2385dda5fd277743feb1ed277bdb41190d
carpet,icra,carpet/good/020,0,0.534135103225708,15b7bcc6e5cb8ed7fff7a2e42eb2db2385dda5fd277743feb1ed277bdb41190d
carpet,icra,carpet/good/021,0,0.521142840385437,15b7bcc6e5cb8ed7fff7a2e42eb2db2385dda5fd277743feb1ed277bdb41190d
carpet,icra,carpet/good/022,0,0.6369022727012634,15b7bcc6e5cb8ed7fff7a2e42eb2db2385dda5fd277743feb1ed277bdb41190d
carpet,icra,carpet/good/023,0,0.46062085032463074,15b7bcc6e5cb8ed7fff7a2e42eb2db2385dda5fd277743feb1ed277bdb41190d
carpet,icra,carpet/good/024,0,0.547346830368042,15b7bcc6e5cb8ed7fff7a2e42eb2db2385dda5fd277743feb1ed277bdb41190d
carpet,icra,carpet/good/025,0,0.5934460163116455,15b7bcc6e5cb8ed7fff7a2e42eb2db2385dda5fd277743feb1ed277bdb41190d
carpet,icra,carpet/good/026,0,1.121882677078247,15b7bcc6e5cb8ed7fff7a2e42eb2db2385dda5fd277743feb1ed277bdb41190d
carpet,icra,carpet/good/027,0,0.6805455088615417,15b7bcc6e5cb8ed7fff7a2e42eb2db2385dda5fd277743feb1ed277bdb41190d
carpet,icra,carpet/hole/000,1,0.8630827069282532,15b7bcc6e5cb8ed7fff7a2e42eb2db2385dda5fd277743feb1ed277bdb41190d
carpet,icra,carpet/hole/001,1,0.43791812658309937,15b7bcc6e5cb8ed7fff7a2e42eb2db2385dda5fd277743feb1ed277bdb41190d
carpet,icra,carpet/hole/002,1,0.8707268238067627,15b7bcc6e5cb8ed7fff7a2e42eb2db2385dda5fd277743feb1ed277bdb41190d
carpet,icra,carpet/hole/003,1,0.7685688138008118,15b7bcc6e5cb8ed7fff7a2e42eb2db2385dda5fd277743feb1ed277bdb41190d
carpet,icra,carpet/hole/004,1,0.9553192853927612,15b7bcc6e5cb8ed7fff7a2e42eb2db2385dda5fd277743feb1ed277bdb41190d
carpet,icra,carpet/hole/005,1,1.176669955253601,15b7bcc6e5cb8ed7fff7a2e42eb2db2385dda5fd277743feb1ed277bdb41190d
carpet,icra,carpet/hole/006,1,0.6995546817779541,15b7bcc6e5cb8ed7fff7a2e42eb2db2385dda5fd277743feb1ed277bdb41190d
carpet,icra,carpet/hole/007,1,0.902186393737793,15b7bcc6e5cb8ed7fff7a2e42eb2db2385dda5fd277743feb1ed277bdb41190d
carpet,icra,carpet/hole/008,1,0.5424916744232178,15b7bcc6e5cb8ed7fff7a2e42eb2db2385dda5fd277743feb1ed277bdb41190d
carpet,icra,carpet/hole/009,1,0.903393030166626,15b7bcc6e5cb8ed7fff7a2e42eb2db2385dda5fd277743feb1ed277bdb41190d
carpet,icra,carpet/hole/010,1,0.7514148950576782,15b7bcc6e5cb8ed7fff7a2e42eb2db2385dda5fd277743feb1ed277bdb41190d
carpet,icra,carpet/hole/011,1,0.7578927874565125,15b7bcc6e5cb8ed7fff7a2e42eb2db2385dda5fd277743feb1ed277bdb41190d
carpet,icra,carpet/hole/012,1,0.48109084367752075,15b7bcc6e5cb8ed7fff7a2e42eb2db2385dda5fd277743feb1ed277bdb41190d
carpet,icra,carpet/hole/013,1,0.6331557035446167,15b7bcc6e5cb8ed7fff7a2e42eb2db2385dda5fd277743feb1ed277bdb41190d
carpet,icra,carpet/hole/014,1,0.5465377569198608,15b7bcc6e5cb8ed7fff7a2e42eb2db2385dda5fd277743feb1ed277bdb41190d
carpet,icra,carpet/hole/015,1,0.477145791053772,15b7bcc6e5cb8ed7fff7a2e42eb2db2385dda5fd277743feb1ed277bdb41190d
carpet,icra,carpet/hole/016,1,1.062036156654358,15b7bcc6e5cb8ed7fff7a2e42eb2db2385dda5fd277743feb1ed277bdb41190d
carpet,icra,carpet/metal_contamination/000,1,0.7606983184814453,15b7bcc6e5cb8ed7fff7a2e42eb2db2385dda5fd277743feb1ed277bdb41190d
carpet,icra,carpet/metal_contamination/001,1,0.44338691234588623,15b7bcc6e5cb8ed7fff7a2e42eb2db2385dda5fd277743feb1ed277bdb41190d
carpet,icra,carpet/metal_contamination/002,1,0.6744785308837891,15b7bcc6e5cb8ed7fff7a2e42eb2db2385dda5fd277743feb1ed277bdb41190d
carpet,icra,carpet/metal_contamination/003,1,0.6048189401626587,15b7bcc6e5cb8ed7fff7a2e42eb2db2385dda5fd277743feb1ed277bdb41190d
carpet,icra,carpet/metal_contamination/004,1,0.47176575660705566,15b7bcc6e5cb8ed7fff7a2e42eb2db2385dda5fd277743feb1ed277bdb41190d
carpet,icra,carpet/metal_contamination/005,1,0.49526065587997437,15b7bcc6e5cb8ed7fff7a2e42eb2db2385dda5fd277743feb1ed277bdb41190d
carpet,icra,carpet/metal_contamination/006,1,1.0226103067398071,15b7bcc6e5cb8ed7fff7a2e42eb2db2385dda5fd277743feb1ed277bdb41190d
carpet,icra,carpet/metal_contamination/007,1,0.5620025396347046,15b7bcc6e5cb8ed7fff7a2e42eb2db2385dda5fd277743feb1ed277bdb41190d
carpet,icra,carpet/metal_contamination/008,1,0.5166884660720825,15b7bcc6e5cb8ed7fff7a2e42eb2db2385dda5fd277743feb1ed277bdb41190d
carpet,icra,carpet/metal_contamination/009,1,0.5565443634986877,15b7bcc6e5cb8ed7fff7a2e42eb2db2385dda5fd277743feb1ed277bdb41190d
carpet,icra,carpet/metal_contamination/010,1,0.61316978931427,15b7bcc6e5cb8ed7fff7a2e42eb2db2385dda5fd277743feb1ed277bdb41190d
carpet,icra,carpet/metal_contamination/011,1,0.8474180102348328,15b7bcc6e5cb8ed7fff7a2e42eb2db2385dda5fd277743feb1ed277bdb41190d
carpet,icra,carpet/metal_contamination/012,1,0.5466187000274658,15b7bcc6e5cb8ed7fff7a2e42eb2db2385dda5fd277743feb1ed277bdb41190d
carpet,icra,carpet/metal_contamination/013,1,0.49828439950942993,15b7bcc6e5cb8ed7fff7a2e42eb2db2385dda5fd277743feb1ed277bdb41190d
carpet,icra,carpet/metal_contamination/014,1,1.1896392107009888,15b7bcc6e5cb8ed7fff7a2e42eb2db2385dda5fd277743feb1ed277bdb41190d
carpet,icra,carpet/metal_contamination/015,1,0.6585468053817749,15b7bcc6e5cb8ed7fff7a2e42eb2db2385dda5fd277743feb1ed277bdb41190d
carpet,icra,carpet/metal_contamination/016,1,0.6341517567634583,15b7bcc6e5cb8ed7fff7a2e42eb2db2385dda5fd277743feb1ed277bdb41190d
carpet,icra,carpet/thread/000,1,0.936797559261322,15b7bcc6e5cb8ed7fff7a2e42eb2db2385dda5fd277743feb1ed277bdb41190d
carpet,icra,carpet/thread/001,1,1.1547014713287354,15b7bcc6e5cb8ed7fff7a2e42eb2db2385dda5fd277743feb1ed277bdb41190d
carpet,icra,carpet/thread/002,1,0.6297317147254944,15b7bcc6e5cb8ed7fff7a2e42eb2db2385dda5fd277743feb1ed277bdb41190d
carpet,icra,carpet/thread/003,1,0.46329307556152344,15b7bcc6e5cb8ed7fff7a2e42eb2db2385dda5fd277743feb1ed277bdb41190d
carpet,icra,carpet/thread/004,1,0.7834519743919373,15b7bcc6e5cb8ed7fff7a2e42eb2db2385dda5fd277743feb1ed277bdb41190d
carpet,icra,carpet/thread/005,1,0.9269258975982666,15b7bcc6e5cb8ed7fff7a2e42eb2db2385dda5fd277743feb1ed277bdb41190d
carpet,icra,carpet/thread/006,1,1.2034143209457397,15b7bcc6e5cb8ed7fff7a2e42eb2db2385dda5fd277743feb1ed277bdb41190d
carpet,icra,carpet/thread/007,1,0.7241479158401489,15b7bcc6e5cb8ed7fff7a2e42eb2db2385dda5fd277743feb1ed277bdb41190d
carpet,icra,carpet/thread/008,1,0.7492667436599731,15b7bcc6e5cb8ed7fff7a2e42eb2db2385dda5fd277743feb1ed277bdb41190d
carpet,icra,carpet/thread/009,1,0.9374387860298157,15b7bcc6e5cb8ed7fff7a2e42eb2db2385dda5fd277743feb1ed277bdb41190d
carpet,icra,carpet/thread/010,1,1.0673795938491821,15b7bcc6e5cb8ed7fff7a2e42eb2db2385dda5fd277743feb1ed277bdb41190d
carpet,icra,carpet/thread/011,1,0.9535545706748962,15b7bcc6e5cb8ed7fff7a2e42eb2db2385dda5fd277743feb1ed277bdb41190d
carpet,icra,carpet/thread/012,1,0.9996384382247925,15b7bcc6e5cb8ed7fff7a2e42eb2db2385dda5fd277743feb1ed277bdb41190d
carpet,icra,carpet/thread/013,1,0.6594563722610474,15b7bcc6e5cb8ed7fff7a2e42eb2db2385dda5fd277743feb1ed277bdb41190d
carpet,icra,carpet/thread/014,1,0.5975751876831055,15b7bcc6e5cb8ed7fff7a2e42eb2db2385dda5fd277743feb1ed277bdb41190d
carpet,icra,carpet/thread/015,1,0.8058342933654785,15b7bcc6e5cb8ed7fff7a2e42eb2db2385dda5fd277743feb1ed277bdb41190d
carpet,icra,carpet/thread/016,1,1.1766794919967651,15b7bcc6e5cb8ed7fff7a2e42eb2db2385dda5fd277743feb1ed277bdb41190d
carpet,icra,carpet/thread/017,1,0.46104303002357483,15b7bcc6e5cb8ed7fff7a2e42eb2db2385dda5fd277743feb1ed277bdb41190d
carpet,icra,carpet/thread/018,1,0.558829665184021,15b7bcc6e5cb8ed7fff7a2e42eb2db2385dda5fd277743feb1ed277bdb41190d
grid,dark,grid/bent/000,1,0.8354109525680542,4c860a56fb4b1a7a5d90573f30f730f73c83b716af3b05a478c47525dcf779b2
grid,dark,grid/bent/001,1,0.7946305274963379,4c860a56fb4b1a7a5d90573f30f730f73c83b716af3b05a478c47525dcf779b2
grid,dark,grid/bent/002,1,0.921575129032135,4c860a56fb4b1a7a5d90573f30f730f73c83b716af3b05a478c47525dcf779b2
grid,dark,grid/bent/003,1,0.9117216467857361,4c860a56fb4b1a7a5d90573f30f730f73c83b716af3b05a478c47525dcf779b2
grid,dark,grid/bent/004,1,0.9443495869636536,4c860a56fb4b1a7a5d90573f30f730f73c83b716af3b05a478c47525dcf779b2
grid,dark,grid/bent/005,1,0.9699895977973938,4c860a56fb4b1a7a5d90573f30f730f73c83b716af3b05a478c47525dcf779b2
grid,dark,grid/bent/006,1,0.9736435413360596,4c860a56fb4b1a7a5d90573f30f730f73c83b716af3b05a478c47525dcf779b2
grid,dark,grid/bent/007,1,0.9256699085235596,4c860a56fb4b1a7a5d90573f30f730f73c83b716af3b05a478c47525dcf779b2
grid,dark,grid/bent/008,1,0.9477154612541199,4c860a56fb4b1a7a5d90573f30f730f73c83b716af3b05a478c47525dcf779b2
grid,dark,grid/bent/009,1,0.954612672328949,4c860a56fb4b1a7a5d90573f30f730f73c83b716af3b05a478c47525dcf779b2
grid,dark,grid/bent/010,1,0.9668985605239868,4c860a56fb4b1a7a5d90573f30f730f73c83b716af3b05a478c47525dcf779b2
grid,dark,grid/bent/011,1,0.9392170906066895,4c860a56fb4b1a7a5d90573f30f730f73c83b716af3b05a478c47525dcf779b2
grid,dark,grid/broken/000,1,0.9726260900497437,4c860a56fb4b1a7a5d90573f30f730f73c83b716af3b05a478c47525dcf779b2
grid,dark,grid/broken/001,1,0.9966390132904053,4c860a56fb4b1a7a5d90573f30f730f73c83b716af3b05a478c47525dcf779b2
grid,dark,grid/broken/002,1,1.0275800228118896,4c860a56fb4b1a7a5d90573f30f730f73c83b716af3b05a478c47525dcf779b2
grid,dark,grid/broken/003,1,0.9901231527328491,4c860a56fb4b1a7a5d90573f30f730f73c83b716af3b05a478c47525dcf779b2
grid,dark,grid/broken/004,1,0.960895836353302,4c860a56fb4b1a7a5d90573f30f730f73c83b716af3b05a478c47525dcf779b2
grid,dark,grid/broken/005,1,0.8051856756210327,4c860a56fb4b1a7a5d90573f30f730f73c83b716af3b05a478c47525dcf779b2
grid,dark,grid/broken/006,1,1.059418797492981,4c860a56fb4b1a7a5d90573f30f730f73c83b716af3b05a478c47525dcf779b2
grid,dark,grid/broken/007,1,0.9832553267478943,4c860a56fb4b1a7a5d90573f30f730f73c83b716af3b05a478c47525dcf779b2
grid,dark,grid/broken/008,1,1.0202306509017944,4c860a56fb4b1a7a5d90573f30f730f73c83b716af3b05a478c47525dcf779b2
grid,dark,grid/broken/009,1,1.0343139171600342,4c860a56fb4b1a7a5d90573f30f730f73c83b716af3b05a478c47525dcf779b2
grid,dark,grid/broken/010,1,0.9100468754768372,4c860a56fb4b1a7a5d90573f30f730f73c83b716af3b05a478c47525dcf779b2
grid,dark,grid/broken/011,1,0.964033305644989,4c860a56fb4b1a7a5d90573f30f730f73c83b716af3b05a478c47525dcf779b2
grid,dark,grid/glue/000,1,0.9698830842971802,4c860a56fb4b1a7a5d90573f30f730f73c83b716af3b05a478c47525dcf779b2
grid,dark,grid/glue/001,1,0.9835432767868042,4c860a56fb4b1a7a5d90573f30f730f73c83b716af3b05a478c47525dcf779b2
grid,dark,grid/glue/002,1,1.0394715070724487,4c860a56fb4b1a7a5d90573f30f730f73c83b716af3b05a478c47525dcf779b2
grid,dark,grid/glue/003,1,0.9074475765228271,4c860a56fb4b1a7a5d90573f30f730f73c83b716af3b05a478c47525dcf779b2
grid,dark,grid/glue/004,1,0.8646670579910278,4c860a56fb4b1a7a5d90573f30f730f73c83b716af3b05a478c47525dcf779b2
grid,dark,grid/glue/005,1,0.8372863531112671,4c860a56fb4b1a7a5d90573f30f730f73c83b716af3b05a478c47525dcf779b2
grid,dark,grid/glue/006,1,1.0135349035263062,4c860a56fb4b1a7a5d90573f30f730f73c83b716af3b05a478c47525dcf779b2
grid,dark,grid/glue/007,1,0.8905222415924072,4c860a56fb4b1a7a5d90573f30f730f73c83b716af3b05a478c47525dcf779b2
grid,dark,grid/glue/008,1,0.9583934545516968,4c860a56fb4b1a7a5d90573f30f730f73c83b716af3b05a478c47525dcf779b2
grid,dark,grid/glue/009,1,0.9827611446380615,4c860a56fb4b1a7a5d90573f30f730f73c83b716af3b05a478c47525dcf779b2
grid,dark,grid/glue/010,1,0.9064381718635559,4c860a56fb4b1a7a5d90573f30f730f73c83b716af3b05a478c47525dcf779b2
grid,dark,grid/good/000,0,1.1070728302001953,4c860a56fb4b1a7a5d90573f30f730f73c83b716af3b05a478c47525dcf779b2
grid,dark,grid/good/001,0,1.0021440982818604,4c860a56fb4b1a7a5d90573f30f730f73c83b716af3b05a478c47525dcf779b2
grid,dark,grid/good/002,0,1.0235108137130737,4c860a56fb4b1a7a5d90573f30f730f73c83b716af3b05a478c47525dcf779b2
grid,dark,grid/good/003,0,0.8744917511940002,4c860a56fb4b1a7a5d90573f30f730f73c83b716af3b05a478c47525dcf779b2
grid,dark,grid/good/004,0,0.9343751668930054,4c860a56fb4b1a7a5d90573f30f730f73c83b716af3b05a478c47525dcf779b2
grid,dark,grid/good/005,0,1.114894986152649,4c860a56fb4b1a7a5d90573f30f730f73c83b716af3b05a478c47525dcf779b2
grid,dark,grid/good/006,0,1.0007572174072266,4c860a56fb4b1a7a5d90573f30f730f73c83b716af3b05a478c47525dcf779b2
grid,dark,grid/good/007,0,1.027261734008789,4c860a56fb4b1a7a5d90573f30f730f73c83b716af3b05a478c47525dcf779b2
grid,dark,grid/good/008,0,1.0235025882720947,4c860a56fb4b1a7a5d90573f30f730f73c83b716af3b05a478c47525dcf779b2
grid,dark,grid/good/009,0,0.9969978332519531,4c860a56fb4b1a7a5d90573f30f730f73c83b716af3b05a478c47525dcf779b2
grid,dark,grid/good/010,0,0.9664966464042664,4c860a56fb4b1a7a5d90573f30f730f73c83b716af3b05a478c47525dcf779b2
grid,dark,grid/good/011,0,0.8835201263427734,4c860a56fb4b1a7a5d90573f30f730f73c83b716af3b05a478c47525dcf779b2
grid,dark,grid/good/012,0,1.018973469734192,4c860a56fb4b1a7a5d90573f30f730f73c83b716af3b05a478c47525dcf779b2
grid,dark,grid/good/013,0,1.1353346109390259,4c860a56fb4b1a7a5d90573f30f730f73c83b716af3b05a478c47525dcf779b2
grid,dark,grid/good/014,0,1.06101655960083,4c860a56fb4b1a7a5d90573f30f730f73c83b716af3b05a478c47525dcf779b2
grid,dark,grid/good/015,0,1.0431878566741943,4c860a56fb4b1a7a5d90573f30f730f73c83b716af3b05a478c47525dcf779b2
grid,dark,grid/good/016,0,0.9779463410377502,4c860a56fb4b1a7a5d90573f30f730f73c83b716af3b05a478c47525dcf779b2
grid,dark,grid/good/017,0,0.9299818873405457,4c860a56fb4b1a7a5d90573f30f730f73c83b716af3b05a478c47525dcf779b2
grid,dark,grid/good/018,0,0.7999518513679504,4c860a56fb4b1a7a5d90573f30f730f73c83b716af3b05a478c47525dcf779b2
grid,dark,grid/good/019,0,0.902983546257019,4c860a56fb4b1a7a5d90573f30f730f73c83b716af3b05a478c47525dcf779b2
grid,dark,grid/good/020,0,1.0484356880187988,4c860a56fb4b1a7a5d90573f30f730f73c83b716af3b05a478c47525dcf779b2
grid,dark,grid/metal_contamination/000,1,1.0347810983657837,4c860a56fb4b1a7a5d90573f30f730f73c83b716af3b05a478c47525dcf779b2
grid,dark,grid/metal_contamination/001,1,1.0021827220916748,4c860a56fb4b1a7a5d90573f30f730f73c83b716af3b05a478c47525dcf779b2
grid,dark,grid/metal_contamination/002,1,0.9740372896194458,4c860a56fb4b1a7a5d90573f30f730f73c83b716af3b05a478c47525dcf779b2
grid,dark,grid/metal_contamination/003,1,0.9044082164764404,4c860a56fb4b1a7a5d90573f30f730f73c83b716af3b05a478c47525dcf779b2
grid,dark,grid/metal_contamination/004,1,0.8931490778923035,4c860a56fb4b1a7a5d90573f30f730f73c83b716af3b05a478c47525dcf779b2
grid,dark,grid/metal_contamination/005,1,0.9191409349441528,4c860a56fb4b1a7a5d90573f30f730f73c83b716af3b05a478c47525dcf779b2
grid,dark,grid/metal_contamination/006,1,1.0808357000350952,4c860a56fb4b1a7a5d90573f30f730f73c83b716af3b05a478c47525dcf779b2
grid,dark,grid/metal_contamination/007,1,0.9455099701881409,4c860a56fb4b1a7a5d90573f30f730f73c83b716af3b05a478c47525dcf779b2
grid,dark,grid/metal_contamination/008,1,0.9319978356361389,4c860a56fb4b1a7a5d90573f30f730f73c83b716af3b05a478c47525dcf779b2
grid,dark,grid/metal_contamination/009,1,0.864758312702179,4c860a56fb4b1a7a5d90573f30f730f73c83b716af3b05a478c47525dcf779b2
grid,dark,grid/metal_contamination/010,1,0.8959382772445679,4c860a56fb4b1a7a5d90573f30f730f73c83b716af3b05a478c47525dcf779b2
grid,dark,grid/thread/000,1,1.077143907546997,4c860a56fb4b1a7a5d90573f30f730f73c83b716af3b05a478c47525dcf779b2
grid,dark,grid/thread/001,1,0.9715202450752258,4c860a56fb4b1a7a5d90573f30f730f73c83b716af3b05a478c47525dcf779b2
grid,dark,grid/thread/002,1,1.1326955556869507,4c860a56fb4b1a7a5d90573f30f730f73c83b716af3b05a478c47525dcf779b2
grid,dark,grid/thread/003,1,1.0959478616714478,4c860a56fb4b1a7a5d90573f30f730f73c83b716af3b05a478c47525dcf779b2
grid,dark,grid/thread/004,1,1.1271215677261353,4c860a56fb4b1a7a5d90573f30f730f73c83b716af3b05a478c47525dcf779b2
grid,dark,grid/thread/005,1,0.9227081537246704,4c860a56fb4b1a7a5d90573f30f730f73c83b716af3b05a478c47525dcf779b2
grid,dark,grid/thread/006,1,1.092146873474121,4c860a56fb4b1a7a5d90573f30f730f73c83b716af3b05a478c47525dcf779b2
grid,dark,grid/thread/007,1,0.9868570566177368,4c860a56fb4b1a7a5d90573f30f730f73c83b716af3b05a478c47525dcf779b2
grid,dark,grid/thread/008,1,1.2208727598190308,4c860a56fb4b1a7a5d90573f30f730f73c83b716af3b05a478c47525dcf779b2
grid,dark,grid/thread/009,1,0.9069057106971741,4c860a56fb4b1a7a5d90573f30f730f73c83b716af3b05a478c47525dcf779b2
grid,dark,grid/thread/010,1,0.9745877385139465,4c860a56fb4b1a7a5d90573f30f730f73c83b716af3b05a478c47525dcf779b2
grid,mirnetv2,grid/bent/000,1,0.8088245391845703,4c860a56fb4b1a7a5d90573f30f730f73c83b716af3b05a478c47525dcf779b2
grid,mirnetv2,grid/bent/001,1,0.8603113293647766,4c860a56fb4b1a7a5d90573f30f730f73c83b716af3b05a478c47525dcf779b2
grid,mirnetv2,grid/bent/002,1,0.9323440790176392,4c860a56fb4b1a7a5d90573f30f730f73c83b716af3b05a478c47525dcf779b2
grid,mirnetv2,grid/bent/003,1,0.999857485294342,4c860a56fb4b1a7a5d90573f30f730f73c83b716af3b05a478c47525dcf779b2
grid,mirnetv2,grid/bent/004,1,1.0499893426895142,4c860a56fb4b1a7a5d90573f30f730f73c83b716af3b05a478c47525dcf779b2
grid,mirnetv2,grid/bent/005,1,0.9800419211387634,4c860a56fb4b1a7a5d90573f30f730f73c83b716af3b05a478c47525dcf779b2
grid,mirnetv2,grid/bent/006,1,1.0039446353912354,4c860a56fb4b1a7a5d90573f30f730f73c83b716af3b05a478c47525dcf779b2
grid,mirnetv2,grid/bent/007,1,0.9069222211837769,4c860a56fb4b1a7a5d90573f30f730f73c83b716af3b05a478c47525dcf779b2
grid,mirnetv2,grid/bent/008,1,0.9920235872268677,4c860a56fb4b1a7a5d90573f30f730f73c83b716af3b05a478c47525dcf779b2
grid,mirnetv2,grid/bent/009,1,0.9591776132583618,4c860a56fb4b1a7a5d90573f30f730f73c83b716af3b05a478c47525dcf779b2
grid,mirnetv2,grid/bent/010,1,0.9897029995918274,4c860a56fb4b1a7a5d90573f30f730f73c83b716af3b05a478c47525dcf779b2
grid,mirnetv2,grid/bent/011,1,0.9532500505447388,4c860a56fb4b1a7a5d90573f30f730f73c83b716af3b05a478c47525dcf779b2
grid,mirnetv2,grid/broken/000,1,0.8684524893760681,4c860a56fb4b1a7a5d90573f30f730f73c83b716af3b05a478c47525dcf779b2
grid,mirnetv2,grid/broken/001,1,0.9205880165100098,4c860a56fb4b1a7a5d90573f30f730f73c83b716af3b05a478c47525dcf779b2
grid,mirnetv2,grid/broken/002,1,1.0260050296783447,4c860a56fb4b1a7a5d90573f30f730f73c83b716af3b05a478c47525dcf779b2
grid,mirnetv2,grid/broken/003,1,1.0148394107818604,4c860a56fb4b1a7a5d90573f30f730f73c83b716af3b05a478c47525dcf779b2
grid,mirnetv2,grid/broken/004,1,0.9413886666297913,4c860a56fb4b1a7a5d90573f30f730f73c83b716af3b05a478c47525dcf779b2
grid,mirnetv2,grid/broken/005,1,0.9086529612541199,4c860a56fb4b1a7a5d90573f30f730f73c83b716af3b05a478c47525dcf779b2
grid,mirnetv2,grid/broken/006,1,0.998333752155304,4c860a56fb4b1a7a5d90573f30f730f73c83b716af3b05a478c47525dcf779b2
grid,mirnetv2,grid/broken/007,1,0.8648861050605774,4c860a56fb4b1a7a5d90573f30f730f73c83b716af3b05a478c47525dcf779b2
grid,mirnetv2,grid/broken/008,1,1.0206929445266724,4c860a56fb4b1a7a5d90573f30f730f73c83b716af3b05a478c47525dcf779b2
grid,mirnetv2,grid/broken/009,1,0.8767057061195374,4c860a56fb4b1a7a5d90573f30f730f73c83b716af3b05a478c47525dcf779b2
grid,mirnetv2,grid/broken/010,1,0.9172784686088562,4c860a56fb4b1a7a5d90573f30f730f73c83b716af3b05a478c47525dcf779b2
grid,mirnetv2,grid/broken/011,1,1.0515121221542358,4c860a56fb4b1a7a5d90573f30f730f73c83b716af3b05a478c47525dcf779b2
grid,mirnetv2,grid/glue/000,1,0.8019661903381348,4c860a56fb4b1a7a5d90573f30f730f73c83b716af3b05a478c47525dcf779b2
grid,mirnetv2,grid/glue/001,1,1.044759750366211,4c860a56fb4b1a7a5d90573f30f730f73c83b716af3b05a478c47525dcf779b2
grid,mirnetv2,grid/glue/002,1,1.0867340564727783,4c860a56fb4b1a7a5d90573f30f730f73c83b716af3b05a478c47525dcf779b2
grid,mirnetv2,grid/glue/003,1,0.968639612197876,4c860a56fb4b1a7a5d90573f30f730f73c83b716af3b05a478c47525dcf779b2
grid,mirnetv2,grid/glue/004,1,0.8980189561843872,4c860a56fb4b1a7a5d90573f30f730f73c83b716af3b05a478c47525dcf779b2
grid,mirnetv2,grid/glue/005,1,0.9017506837844849,4c860a56fb4b1a7a5d90573f30f730f73c83b716af3b05a478c47525dcf779b2
grid,mirnetv2,grid/glue/006,1,1.0977367162704468,4c860a56fb4b1a7a5d90573f30f730f73c83b716af3b05a478c47525dcf779b2
grid,mirnetv2,grid/glue/007,1,0.906932532787323,4c860a56fb4b1a7a5d90573f30f730f73c83b716af3b05a478c47525dcf779b2
grid,mirnetv2,grid/glue/008,1,0.9450051188468933,4c860a56fb4b1a7a5d90573f30f730f73c83b716af3b05a478c47525dcf779b2
grid,mirnetv2,grid/glue/009,1,0.9353025555610657,4c860a56fb4b1a7a5d90573f30f730f73c83b716af3b05a478c47525dcf779b2
grid,mirnetv2,grid/glue/010,1,0.9353621006011963,4c860a56fb4b1a7a5d90573f30f730f73c83b716af3b05a478c47525dcf779b2
grid,mirnetv2,grid/good/000,0,1.1191716194152832,4c860a56fb4b1a7a5d90573f30f730f73c83b716af3b05a478c47525dcf779b2
grid,mirnetv2,grid/good/001,0,1.0515867471694946,4c860a56fb4b1a7a5d90573f30f730f73c83b716af3b05a478c47525dcf779b2
grid,mirnetv2,grid/good/002,0,1.0784850120544434,4c860a56fb4b1a7a5d90573f30f730f73c83b716af3b05a478c47525dcf779b2
grid,mirnetv2,grid/good/003,0,0.970045268535614,4c860a56fb4b1a7a5d90573f30f730f73c83b716af3b05a478c47525dcf779b2
grid,mirnetv2,grid/good/004,0,0.9679540395736694,4c860a56fb4b1a7a5d90573f30f730f73c83b716af3b05a478c47525dcf779b2
grid,mirnetv2,grid/good/005,0,0.965976357460022,4c860a56fb4b1a7a5d90573f30f730f73c83b716af3b05a478c47525dcf779b2
grid,mirnetv2,grid/good/006,0,0.914648175239563,4c860a56fb4b1a7a5d90573f30f730f73c83b716af3b05a478c47525dcf779b2
grid,mirnetv2,grid/good/007,0,0.8313564658164978,4c860a56fb4b1a7a5d90573f30f730f73c83b716af3b05a478c47525dcf779b2
grid,mirnetv2,grid/good/008,0,0.9179202318191528,4c860a56fb4b1a7a5d90573f30f730f73c83b716af3b05a478c47525dcf779b2
grid,mirnetv2,grid/good/009,0,1.032773733139038,4c860a56fb4b1a7a5d90573f30f730f73c83b716af3b05a478c47525dcf779b2
grid,mirnetv2,grid/good/010,0,0.9209375977516174,4c860a56fb4b1a7a5d90573f30f730f73c83b716af3b05a478c47525dcf779b2
grid,mirnetv2,grid/good/011,0,0.9909564256668091,4c860a56fb4b1a7a5d90573f30f730f73c83b716af3b05a478c47525dcf779b2
grid,mirnetv2,grid/good/012,0,0.9936686158180237,4c860a56fb4b1a7a5d90573f30f730f73c83b716af3b05a478c47525dcf779b2
grid,mirnetv2,grid/good/013,0,1.136348009109497,4c860a56fb4b1a7a5d90573f30f730f73c83b716af3b05a478c47525dcf779b2
grid,mirnetv2,grid/good/014,0,0.9151396751403809,4c860a56fb4b1a7a5d90573f30f730f73c83b716af3b05a478c47525dcf779b2
grid,mirnetv2,grid/good/015,0,0.9029914140701294,4c860a56fb4b1a7a5d90573f30f730f73c83b716af3b05a478c47525dcf779b2
grid,mirnetv2,grid/good/016,0,1.058995008468628,4c860a56fb4b1a7a5d90573f30f730f73c83b716af3b05a478c47525dcf779b2
grid,mirnetv2,grid/good/017,0,1.0260608196258545,4c860a56fb4b1a7a5d90573f30f730f73c83b716af3b05a478c47525dcf779b2
grid,mirnetv2,grid/good/018,0,0.9934559464454651,4c860a56fb4b1a7a5d90573f30f730f73c83b716af3b05a478c47525dcf779b2
grid,mirnetv2,grid/good/019,0,0.8799667954444885,4c860a56fb4b1a7a5d90573f30f730f73c83b716af3b05a478c47525dcf779b2
grid,mirnetv2,grid/good/020,0,1.0539320707321167,4c860a56fb4b1a7a5d90573f30f730f73c83b716af3b05a478c47525dcf779b2
grid,mirnetv2,grid/metal_contamination/000,1,1.0559446811676025,4c860a56fb4b1a7a5d90573f30f730f73c83b716af3b05a478c47525dcf779b2
grid,mirnetv2,grid/metal_contamination/001,1,1.0340477228164673,4c860a56fb4b1a7a5d90573f30f730f73c83b716af3b05a478c47525dcf779b2
grid,mirnetv2,grid/metal_contamination/002,1,0.9975262880325317,4c860a56fb4b1a7a5d90573f30f730f73c83b716af3b05a478c47525dcf779b2
grid,mirnetv2,grid/metal_contamination/003,1,1.0167417526245117,4c860a56fb4b1a7a5d90573f30f730f73c83b716af3b05a478c47525dcf779b2
grid,mirnetv2,grid/metal_contamination/004,1,0.9634642601013184,4c860a56fb4b1a7a5d90573f30f730f73c83b716af3b05a478c47525dcf779b2
grid,mirnetv2,grid/metal_contamination/005,1,0.9711712598800659,4c860a56fb4b1a7a5d90573f30f730f73c83b716af3b05a478c47525dcf779b2
grid,mirnetv2,grid/metal_contamination/006,1,1.1348482370376587,4c860a56fb4b1a7a5d90573f30f730f73c83b716af3b05a478c47525dcf779b2
grid,mirnetv2,grid/metal_contamination/007,1,0.9188815951347351,4c860a56fb4b1a7a5d90573f30f730f73c83b716af3b05a478c47525dcf779b2
grid,mirnetv2,grid/metal_contamination/008,1,0.9786432385444641,4c860a56fb4b1a7a5d90573f30f730f73c83b716af3b05a478c47525dcf779b2
grid,mirnetv2,grid/metal_contamination/009,1,0.9335285425186157,4c860a56fb4b1a7a5d90573f30f730f73c83b716af3b05a478c47525dcf779b2
grid,mirnetv2,grid/metal_contamination/010,1,0.8864606618881226,4c860a56fb4b1a7a5d90573f30f730f73c83b716af3b05a478c47525dcf779b2
grid,mirnetv2,grid/thread/000,1,1.0382384061813354,4c860a56fb4b1a7a5d90573f30f730f73c83b716af3b05a478c47525dcf779b2
grid,mirnetv2,grid/thread/001,1,1.0502405166625977,4c860a56fb4b1a7a5d90573f30f730f73c83b716af3b05a478c47525dcf779b2
grid,mirnetv2,grid/thread/002,1,0.9529101252555847,4c860a56fb4b1a7a5d90573f30f730f73c83b716af3b05a478c47525dcf779b2
grid,mirnetv2,grid/thread/003,1,0.9436401128768921,4c860a56fb4b1a7a5d90573f30f730f73c83b716af3b05a478c47525dcf779b2
grid,mirnetv2,grid/thread/004,1,0.8907288908958435,4c860a56fb4b1a7a5d90573f30f730f73c83b716af3b05a478c47525dcf779b2
grid,mirnetv2,grid/thread/005,1,0.9184133410453796,4c860a56fb4b1a7a5d90573f30f730f73c83b716af3b05a478c47525dcf779b2
grid,mirnetv2,grid/thread/006,1,0.9776029586791992,4c860a56fb4b1a7a5d90573f30f730f73c83b716af3b05a478c47525dcf779b2
grid,mirnetv2,grid/thread/007,1,0.9398342370986938,4c860a56fb4b1a7a5d90573f30f730f73c83b716af3b05a478c47525dcf779b2
grid,mirnetv2,grid/thread/008,1,1.2764326333999634,4c860a56fb4b1a7a5d90573f30f730f73c83b716af3b05a478c47525dcf779b2
grid,mirnetv2,grid/thread/009,1,0.9742617011070251,4c860a56fb4b1a7a5d90573f30f730f73c83b716af3b05a478c47525dcf779b2
grid,mirnetv2,grid/thread/010,1,1.0297183990478516,4c860a56fb4b1a7a5d90573f30f730f73c83b716af3b05a478c47525dcf779b2
grid,icra,grid/bent/000,1,0.3993679881095886,4c860a56fb4b1a7a5d90573f30f730f73c83b716af3b05a478c47525dcf779b2
grid,icra,grid/bent/001,1,0.43269550800323486,4c860a56fb4b1a7a5d90573f30f730f73c83b716af3b05a478c47525dcf779b2
grid,icra,grid/bent/002,1,0.7020899653434753,4c860a56fb4b1a7a5d90573f30f730f73c83b716af3b05a478c47525dcf779b2
grid,icra,grid/bent/003,1,0.6203584671020508,4c860a56fb4b1a7a5d90573f30f730f73c83b716af3b05a478c47525dcf779b2
grid,icra,grid/bent/004,1,0.6956520080566406,4c860a56fb4b1a7a5d90573f30f730f73c83b716af3b05a478c47525dcf779b2
grid,icra,grid/bent/005,1,0.7087039351463318,4c860a56fb4b1a7a5d90573f30f730f73c83b716af3b05a478c47525dcf779b2
grid,icra,grid/bent/006,1,0.6152271628379822,4c860a56fb4b1a7a5d90573f30f730f73c83b716af3b05a478c47525dcf779b2
grid,icra,grid/bent/007,1,0.48433029651641846,4c860a56fb4b1a7a5d90573f30f730f73c83b716af3b05a478c47525dcf779b2
grid,icra,grid/bent/008,1,0.6911287307739258,4c860a56fb4b1a7a5d90573f30f730f73c83b716af3b05a478c47525dcf779b2
grid,icra,grid/bent/009,1,0.606170117855072,4c860a56fb4b1a7a5d90573f30f730f73c83b716af3b05a478c47525dcf779b2
grid,icra,grid/bent/010,1,0.614520251750946,4c860a56fb4b1a7a5d90573f30f730f73c83b716af3b05a478c47525dcf779b2
grid,icra,grid/bent/011,1,0.546003520488739,4c860a56fb4b1a7a5d90573f30f730f73c83b716af3b05a478c47525dcf779b2
grid,icra,grid/broken/000,1,0.3981270492076874,4c860a56fb4b1a7a5d90573f30f730f73c83b716af3b05a478c47525dcf779b2
grid,icra,grid/broken/001,1,0.5945581197738647,4c860a56fb4b1a7a5d90573f30f730f73c83b716af3b05a478c47525dcf779b2
grid,icra,grid/broken/002,1,0.7128782272338867,4c860a56fb4b1a7a5d90573f30f730f73c83b716af3b05a478c47525dcf779b2
grid,icra,grid/broken/003,1,0.6891275644302368,4c860a56fb4b1a7a5d90573f30f730f73c83b716af3b05a478c47525dcf779b2
grid,icra,grid/broken/004,1,0.4719858467578888,4c860a56fb4b1a7a5d90573f30f730f73c83b716af3b05a478c47525dcf779b2
grid,icra,grid/broken/005,1,0.49868589639663696,4c860a56fb4b1a7a5d90573f30f730f73c83b716af3b05a478c47525dcf779b2
grid,icra,grid/broken/006,1,0.695693850517273,4c860a56fb4b1a7a5d90573f30f730f73c83b716af3b05a478c47525dcf779b2
grid,icra,grid/broken/007,1,0.5805344581604004,4c860a56fb4b1a7a5d90573f30f730f73c83b716af3b05a478c47525dcf779b2
grid,icra,grid/broken/008,1,0.6107047200202942,4c860a56fb4b1a7a5d90573f30f730f73c83b716af3b05a478c47525dcf779b2
grid,icra,grid/broken/009,1,0.42246654629707336,4c860a56fb4b1a7a5d90573f30f730f73c83b716af3b05a478c47525dcf779b2
grid,icra,grid/broken/010,1,0.48836109042167664,4c860a56fb4b1a7a5d90573f30f730f73c83b716af3b05a478c47525dcf779b2
grid,icra,grid/broken/011,1,0.7165160775184631,4c860a56fb4b1a7a5d90573f30f730f73c83b716af3b05a478c47525dcf779b2
grid,icra,grid/glue/000,1,0.39917245507240295,4c860a56fb4b1a7a5d90573f30f730f73c83b716af3b05a478c47525dcf779b2
grid,icra,grid/glue/001,1,0.6990880966186523,4c860a56fb4b1a7a5d90573f30f730f73c83b716af3b05a478c47525dcf779b2
grid,icra,grid/glue/002,1,0.7871222496032715,4c860a56fb4b1a7a5d90573f30f730f73c83b716af3b05a478c47525dcf779b2
grid,icra,grid/glue/003,1,0.6943653225898743,4c860a56fb4b1a7a5d90573f30f730f73c83b716af3b05a478c47525dcf779b2
grid,icra,grid/glue/004,1,0.4764331877231598,4c860a56fb4b1a7a5d90573f30f730f73c83b716af3b05a478c47525dcf779b2
grid,icra,grid/glue/005,1,0.4536776542663574,4c860a56fb4b1a7a5d90573f30f730f73c83b716af3b05a478c47525dcf779b2
grid,icra,grid/glue/006,1,0.7133743762969971,4c860a56fb4b1a7a5d90573f30f730f73c83b716af3b05a478c47525dcf779b2
grid,icra,grid/glue/007,1,0.5134912133216858,4c860a56fb4b1a7a5d90573f30f730f73c83b716af3b05a478c47525dcf779b2
grid,icra,grid/glue/008,1,0.5632427334785461,4c860a56fb4b1a7a5d90573f30f730f73c83b716af3b05a478c47525dcf779b2
grid,icra,grid/glue/009,1,0.6106337904930115,4c860a56fb4b1a7a5d90573f30f730f73c83b716af3b05a478c47525dcf779b2
grid,icra,grid/glue/010,1,0.6064582467079163,4c860a56fb4b1a7a5d90573f30f730f73c83b716af3b05a478c47525dcf779b2
grid,icra,grid/good/000,0,0.5650436878204346,4c860a56fb4b1a7a5d90573f30f730f73c83b716af3b05a478c47525dcf779b2
grid,icra,grid/good/001,0,0.6881694197654724,4c860a56fb4b1a7a5d90573f30f730f73c83b716af3b05a478c47525dcf779b2
grid,icra,grid/good/002,0,0.8206114172935486,4c860a56fb4b1a7a5d90573f30f730f73c83b716af3b05a478c47525dcf779b2
grid,icra,grid/good/003,0,0.5604474544525146,4c860a56fb4b1a7a5d90573f30f730f73c83b716af3b05a478c47525dcf779b2
grid,icra,grid/good/004,0,0.6668780446052551,4c860a56fb4b1a7a5d90573f30f730f73c83b716af3b05a478c47525dcf779b2
grid,icra,grid/good/005,0,0.6578531265258789,4c860a56fb4b1a7a5d90573f30f730f73c83b716af3b05a478c47525dcf779b2
grid,icra,grid/good/006,0,0.6874313354492188,4c860a56fb4b1a7a5d90573f30f730f73c83b716af3b05a478c47525dcf779b2
grid,icra,grid/good/007,0,0.6120141744613647,4c860a56fb4b1a7a5d90573f30f730f73c83b716af3b05a478c47525dcf779b2
grid,icra,grid/good/008,0,0.5938523411750793,4c860a56fb4b1a7a5d90573f30f730f73c83b716af3b05a478c47525dcf779b2
grid,icra,grid/good/009,0,0.819452166557312,4c860a56fb4b1a7a5d90573f30f730f73c83b716af3b05a478c47525dcf779b2
grid,icra,grid/good/010,0,0.666756808757782,4c860a56fb4b1a7a5d90573f30f730f73c83b716af3b05a478c47525dcf779b2
grid,icra,grid/good/011,0,0.7059407830238342,4c860a56fb4b1a7a5d90573f30f730f73c83b716af3b05a478c47525dcf779b2
grid,icra,grid/good/012,0,0.7207335829734802,4c860a56fb4b1a7a5d90573f30f730f73c83b716af3b05a478c47525dcf779b2
grid,icra,grid/good/013,0,0.7787681221961975,4c860a56fb4b1a7a5d90573f30f730f73c83b716af3b05a478c47525dcf779b2
grid,icra,grid/good/014,0,0.5662537217140198,4c860a56fb4b1a7a5d90573f30f730f73c83b716af3b05a478c47525dcf779b2
grid,icra,grid/good/015,0,0.43072643876075745,4c860a56fb4b1a7a5d90573f30f730f73c83b716af3b05a478c47525dcf779b2
grid,icra,grid/good/016,0,0.8187903165817261,4c860a56fb4b1a7a5d90573f30f730f73c83b716af3b05a478c47525dcf779b2
grid,icra,grid/good/017,0,0.7058731913566589,4c860a56fb4b1a7a5d90573f30f730f73c83b716af3b05a478c47525dcf779b2
grid,icra,grid/good/018,0,0.645963191986084,4c860a56fb4b1a7a5d90573f30f730f73c83b716af3b05a478c47525dcf779b2
grid,icra,grid/good/019,0,0.5554524660110474,4c860a56fb4b1a7a5d90573f30f730f73c83b716af3b05a478c47525dcf779b2
grid,icra,grid/good/020,0,0.6830899119377136,4c860a56fb4b1a7a5d90573f30f730f73c83b716af3b05a478c47525dcf779b2
grid,icra,grid/metal_contamination/000,1,0.6896848082542419,4c860a56fb4b1a7a5d90573f30f730f73c83b716af3b05a478c47525dcf779b2
grid,icra,grid/metal_contamination/001,1,0.6397419571876526,4c860a56fb4b1a7a5d90573f30f730f73c83b716af3b05a478c47525dcf779b2
grid,icra,grid/metal_contamination/002,1,0.594120442867279,4c860a56fb4b1a7a5d90573f30f730f73c83b716af3b05a478c47525dcf779b2
grid,icra,grid/metal_contamination/003,1,0.7184363007545471,4c860a56fb4b1a7a5d90573f30f730f73c83b716af3b05a478c47525dcf779b2
grid,icra,grid/metal_contamination/004,1,0.589389443397522,4c860a56fb4b1a7a5d90573f30f730f73c83b716af3b05a478c47525dcf779b2
grid,icra,grid/metal_contamination/005,1,0.6501374840736389,4c860a56fb4b1a7a5d90573f30f730f73c83b716af3b05a478c47525dcf779b2
grid,icra,grid/metal_contamination/006,1,0.694878876209259,4c860a56fb4b1a7a5d90573f30f730f73c83b716af3b05a478c47525dcf779b2
grid,icra,grid/metal_contamination/007,1,0.6393078565597534,4c860a56fb4b1a7a5d90573f30f730f73c83b716af3b05a478c47525dcf779b2
grid,icra,grid/metal_contamination/008,1,0.6385498642921448,4c860a56fb4b1a7a5d90573f30f730f73c83b716af3b05a478c47525dcf779b2
grid,icra,grid/metal_contamination/009,1,0.6636837720870972,4c860a56fb4b1a7a5d90573f30f730f73c83b716af3b05a478c47525dcf779b2
grid,icra,grid/metal_contamination/010,1,0.5181509852409363,4c860a56fb4b1a7a5d90573f30f730f73c83b716af3b05a478c47525dcf779b2
grid,icra,grid/thread/000,1,0.7631872296333313,4c860a56fb4b1a7a5d90573f30f730f73c83b716af3b05a478c47525dcf779b2
grid,icra,grid/thread/001,1,0.8281975984573364,4c860a56fb4b1a7a5d90573f30f730f73c83b716af3b05a478c47525dcf779b2
grid,icra,grid/thread/002,1,0.5900094509124756,4c860a56fb4b1a7a5d90573f30f730f73c83b716af3b05a478c47525dcf779b2
grid,icra,grid/thread/003,1,0.6431668996810913,4c860a56fb4b1a7a5d90573f30f730f73c83b716af3b05a478c47525dcf779b2
grid,icra,grid/thread/004,1,0.5238221883773804,4c860a56fb4b1a7a5d90573f30f730f73c83b716af3b05a478c47525dcf779b2
grid,icra,grid/thread/005,1,0.5473589897155762,4c860a56fb4b1a7a5d90573f30f730f73c83b716af3b05a478c47525dcf779b2
grid,icra,grid/thread/006,1,0.6134029030799866,4c860a56fb4b1a7a5d90573f30f730f73c83b716af3b05a478c47525dcf779b2
grid,icra,grid/thread/007,1,0.500286877155304,4c860a56fb4b1a7a5d90573f30f730f73c83b716af3b05a478c47525dcf779b2
grid,icra,grid/thread/008,1,0.8160892128944397,4c860a56fb4b1a7a5d90573f30f730f73c83b716af3b05a478c47525dcf779b2
grid,icra,grid/thread/009,1,0.5822974443435669,4c860a56fb4b1a7a5d90573f30f730f73c83b716af3b05a478c47525dcf779b2
grid,icra,grid/thread/010,1,0.6886797547340393,4c860a56fb4b1a7a5d90573f30f730f73c83b716af3b05a478c47525dcf779b2
hazelnut,dark,hazelnut/crack/000,1,0.6067095994949341,f3e6e641daaac78384b27cf36a836cbb168a060799de8c91a92216bae0002ade
hazelnut,dark,hazelnut/crack/001,1,0.6528493762016296,f3e6e641daaac78384b27cf36a836cbb168a060799de8c91a92216bae0002ade
hazelnut,dark,hazelnut/crack/002,1,0.7409118413925171,f3e6e641daaac78384b27cf36a836cbb168a060799de8c91a92216bae0002ade
hazelnut,dark,hazelnut/crack/003,1,0.640041172504425,f3e6e641daaac78384b27cf36a836cbb168a060799de8c91a92216bae0002ade
hazelnut,dark,hazelnut/crack/004,1,0.5788391828536987,f3e6e641daaac78384b27cf36a836cbb168a060799de8c91a92216bae0002ade
hazelnut,dark,hazelnut/crack/005,1,0.7879846692085266,f3e6e641daaac78384b27cf36a836cbb168a060799de8c91a92216bae0002ade
hazelnut,dark,hazelnut/crack/006,1,0.6980677843093872,f3e6e641daaac78384b27cf36a836cbb168a060799de8c91a92216bae0002ade
hazelnut,dark,hazelnut/crack/007,1,0.712236762046814,f3e6e641daaac78384b27cf36a836cbb168a060799de8c91a92216bae0002ade
hazelnut,dark,hazelnut/crack/008,1,0.662378191947937,f3e6e641daaac78384b27cf36a836cbb168a060799de8c91a92216bae0002ade
hazelnut,dark,hazelnut/crack/009,1,0.6516137719154358,f3e6e641daaac78384b27cf36a836cbb168a060799de8c91a92216bae0002ade
hazelnut,dark,hazelnut/crack/010,1,0.661365270614624,f3e6e641daaac78384b27cf36a836cbb168a060799de8c91a92216bae0002ade
hazelnut,dark,hazelnut/crack/011,1,0.6777539253234863,f3e6e641daaac78384b27cf36a836cbb168a060799de8c91a92216bae0002ade
hazelnut,dark,hazelnut/crack/012,1,0.7710035443305969,f3e6e641daaac78384b27cf36a836cbb168a060799de8c91a92216bae0002ade
hazelnut,dark,hazelnut/crack/013,1,0.7648793458938599,f3e6e641daaac78384b27cf36a836cbb168a060799de8c91a92216bae0002ade
hazelnut,dark,hazelnut/crack/014,1,0.774159848690033,f3e6e641daaac78384b27cf36a836cbb168a060799de8c91a92216bae0002ade
hazelnut,dark,hazelnut/crack/015,1,0.6989984512329102,f3e6e641daaac78384b27cf36a836cbb168a060799de8c91a92216bae0002ade
hazelnut,dark,hazelnut/crack/016,1,0.6326336860656738,f3e6e641daaac78384b27cf36a836cbb168a060799de8c91a92216bae0002ade
hazelnut,dark,hazelnut/crack/017,1,0.6025705337524414,f3e6e641daaac78384b27cf36a836cbb168a060799de8c91a92216bae0002ade
hazelnut,dark,hazelnut/cut/000,1,0.7611879110336304,f3e6e641daaac78384b27cf36a836cbb168a060799de8c91a92216bae0002ade
hazelnut,dark,hazelnut/cut/001,1,0.7968794703483582,f3e6e641daaac78384b27cf36a836cbb168a060799de8c91a92216bae0002ade
hazelnut,dark,hazelnut/cut/002,1,0.6736271977424622,f3e6e641daaac78384b27cf36a836cbb168a060799de8c91a92216bae0002ade
hazelnut,dark,hazelnut/cut/003,1,0.7111130952835083,f3e6e641daaac78384b27cf36a836cbb168a060799de8c91a92216bae0002ade
hazelnut,dark,hazelnut/cut/004,1,0.6657426357269287,f3e6e641daaac78384b27cf36a836cbb168a060799de8c91a92216bae0002ade
hazelnut,dark,hazelnut/cut/005,1,0.6110796332359314,f3e6e641daaac78384b27cf36a836cbb168a060799de8c91a92216bae0002ade
hazelnut,dark,hazelnut/cut/006,1,0.7862364649772644,f3e6e641daaac78384b27cf36a836cbb168a060799de8c91a92216bae0002ade
hazelnut,dark,hazelnut/cut/007,1,0.7893365621566772,f3e6e641daaac78384b27cf36a836cbb168a060799de8c91a92216bae0002ade
hazelnut,dark,hazelnut/cut/008,1,0.70591139793396,f3e6e641daaac78384b27cf36a836cbb168a060799de8c91a92216bae0002ade
hazelnut,dark,hazelnut/cut/009,1,0.5739971995353699,f3e6e641daaac78384b27cf36a836cbb168a060799de8c91a92216bae0002ade
hazelnut,dark,hazelnut/cut/010,1,0.6672448515892029,f3e6e641daaac78384b27cf36a836cbb168a060799de8c91a92216bae0002ade
hazelnut,dark,hazelnut/cut/011,1,0.5854748487472534,f3e6e641daaac78384b27cf36a836cbb168a060799de8c91a92216bae0002ade
hazelnut,dark,hazelnut/cut/012,1,0.709763765335083,f3e6e641daaac78384b27cf36a836cbb168a060799de8c91a92216bae0002ade
hazelnut,dark,hazelnut/cut/013,1,0.6405766010284424,f3e6e641daaac78384b27cf36a836cbb168a060799de8c91a92216bae0002ade
hazelnut,dark,hazelnut/cut/014,1,0.6415925621986389,f3e6e641daaac78384b27cf36a836cbb168a060799de8c91a92216bae0002ade
hazelnut,dark,hazelnut/cut/015,1,0.7129345536231995,f3e6e641daaac78384b27cf36a836cbb168a060799de8c91a92216bae0002ade
hazelnut,dark,hazelnut/cut/016,1,0.6845405697822571,f3e6e641daaac78384b27cf36a836cbb168a060799de8c91a92216bae0002ade
hazelnut,dark,hazelnut/good/000,0,0.7416484951972961,f3e6e641daaac78384b27cf36a836cbb168a060799de8c91a92216bae0002ade
hazelnut,dark,hazelnut/good/001,0,0.6651058793067932,f3e6e641daaac78384b27cf36a836cbb168a060799de8c91a92216bae0002ade
hazelnut,dark,hazelnut/good/002,0,0.6847253441810608,f3e6e641daaac78384b27cf36a836cbb168a060799de8c91a92216bae0002ade
hazelnut,dark,hazelnut/good/003,0,0.5994359850883484,f3e6e641daaac78384b27cf36a836cbb168a060799de8c91a92216bae0002ade
hazelnut,dark,hazelnut/good/004,0,0.5620018839836121,f3e6e641daaac78384b27cf36a836cbb168a060799de8c91a92216bae0002ade
hazelnut,dark,hazelnut/good/005,0,0.7268997430801392,f3e6e641daaac78384b27cf36a836cbb168a060799de8c91a92216bae0002ade
hazelnut,dark,hazelnut/good/006,0,0.6733590364456177,f3e6e641daaac78384b27cf36a836cbb168a060799de8c91a92216bae0002ade
hazelnut,dark,hazelnut/good/007,0,0.6598581671714783,f3e6e641daaac78384b27cf36a836cbb168a060799de8c91a92216bae0002ade
hazelnut,dark,hazelnut/good/008,0,0.6855100989341736,f3e6e641daaac78384b27cf36a836cbb168a060799de8c91a92216bae0002ade
hazelnut,dark,hazelnut/good/009,0,0.6528956890106201,f3e6e641daaac78384b27cf36a836cbb168a060799de8c91a92216bae0002ade
hazelnut,dark,hazelnut/good/010,0,0.6485213041305542,f3e6e641daaac78384b27cf36a836cbb168a060799de8c91a92216bae0002ade
hazelnut,dark,hazelnut/good/011,0,0.5769911408424377,f3e6e641daaac78384b27cf36a836cbb168a060799de8c91a92216bae0002ade
hazelnut,dark,hazelnut/good/012,0,0.6508416533470154,f3e6e641daaac78384b27cf36a836cbb168a060799de8c91a92216bae0002ade
hazelnut,dark,hazelnut/good/013,0,0.7308872938156128,f3e6e641daaac78384b27cf36a836cbb168a060799de8c91a92216bae0002ade
hazelnut,dark,hazelnut/good/014,0,0.6806238293647766,f3e6e641daaac78384b27cf36a836cbb168a060799de8c91a92216bae0002ade
hazelnut,dark,hazelnut/good/015,0,0.7519906759262085,f3e6e641daaac78384b27cf36a836cbb168a060799de8c91a92216bae0002ade
hazelnut,dark,hazelnut/good/016,0,0.6577942967414856,f3e6e641daaac78384b27cf36a836cbb168a060799de8c91a92216bae0002ade
hazelnut,dark,hazelnut/good/017,0,0.6664303541183472,f3e6e641daaac78384b27cf36a836cbb168a060799de8c91a92216bae0002ade
hazelnut,dark,hazelnut/good/018,0,0.5503216981887817,f3e6e641daaac78384b27cf36a836cbb168a060799de8c91a92216bae0002ade
hazelnut,dark,hazelnut/good/019,0,0.6086755990982056,f3e6e641daaac78384b27cf36a836cbb168a060799de8c91a92216bae0002ade
hazelnut,dark,hazelnut/good/020,0,0.782822847366333,f3e6e641daaac78384b27cf36a836cbb168a060799de8c91a92216bae0002ade
hazelnut,dark,hazelnut/good/021,0,0.7710809707641602,f3e6e641daaac78384b27cf36a836cbb168a060799de8c91a92216bae0002ade
hazelnut,dark,hazelnut/good/022,0,0.6106699109077454,f3e6e641daaac78384b27cf36a836cbb168a060799de8c91a92216bae0002ade
hazelnut,dark,hazelnut/good/023,0,0.6093723177909851,f3e6e641daaac78384b27cf36a836cbb168a060799de8c91a92216bae0002ade
hazelnut,dark,hazelnut/good/024,0,0.5853919982910156,f3e6e641daaac78384b27cf36a836cbb168a060799de8c91a92216bae0002ade
hazelnut,dark,hazelnut/good/025,0,0.5683647990226746,f3e6e641daaac78384b27cf36a836cbb168a060799de8c91a92216bae0002ade
hazelnut,dark,hazelnut/good/026,0,0.6769717931747437,f3e6e641daaac78384b27cf36a836cbb168a060799de8c91a92216bae0002ade
hazelnut,dark,hazelnut/good/027,0,0.8779969215393066,f3e6e641daaac78384b27cf36a836cbb168a060799de8c91a92216bae0002ade
hazelnut,dark,hazelnut/good/028,0,0.6193795204162598,f3e6e641daaac78384b27cf36a836cbb168a060799de8c91a92216bae0002ade
hazelnut,dark,hazelnut/good/029,0,0.6938853859901428,f3e6e641daaac78384b27cf36a836cbb168a060799de8c91a92216bae0002ade
hazelnut,dark,hazelnut/good/030,0,0.663694441318512,f3e6e641daaac78384b27cf36a836cbb168a060799de8c91a92216bae0002ade
hazelnut,dark,hazelnut/good/031,0,0.7134414911270142,f3e6e641daaac78384b27cf36a836cbb168a060799de8c91a92216bae0002ade
hazelnut,dark,hazelnut/good/032,0,0.6620471477508545,f3e6e641daaac78384b27cf36a836cbb168a060799de8c91a92216bae0002ade
hazelnut,dark,hazelnut/good/033,0,0.7448761463165283,f3e6e641daaac78384b27cf36a836cbb168a060799de8c91a92216bae0002ade
hazelnut,dark,hazelnut/good/034,0,0.8162040114402771,f3e6e641daaac78384b27cf36a836cbb168a060799de8c91a92216bae0002ade
hazelnut,dark,hazelnut/good/035,0,0.7463641166687012,f3e6e641daaac78384b27cf36a836cbb168a060799de8c91a92216bae0002ade
hazelnut,dark,hazelnut/good/036,0,0.7580035328865051,f3e6e641daaac78384b27cf36a836cbb168a060799de8c91a92216bae0002ade
hazelnut,dark,hazelnut/good/037,0,0.686033308506012,f3e6e641daaac78384b27cf36a836cbb168a060799de8c91a92216bae0002ade
hazelnut,dark,hazelnut/good/038,0,0.727850079536438,f3e6e641daaac78384b27cf36a836cbb168a060799de8c91a92216bae0002ade
hazelnut,dark,hazelnut/good/039,0,0.7146356105804443,f3e6e641daaac78384b27cf36a836cbb168a060799de8c91a92216bae0002ade
hazelnut,dark,hazelnut/hole/000,1,0.8377674221992493,f3e6e641daaac78384b27cf36a836cbb168a060799de8c91a92216bae0002ade
hazelnut,dark,hazelnut/hole/001,1,0.5941821336746216,f3e6e641daaac78384b27cf36a836cbb168a060799de8c91a92216bae0002ade
hazelnut,dark,hazelnut/hole/002,1,0.6505824327468872,f3e6e641daaac78384b27cf36a836cbb168a060799de8c91a92216bae0002ade
hazelnut,dark,hazelnut/hole/003,1,0.6712601184844971,f3e6e641daaac78384b27cf36a836cbb168a060799de8c91a92216bae0002ade
hazelnut,dark,hazelnut/hole/004,1,0.6243986487388611,f3e6e641daaac78384b27cf36a836cbb168a060799de8c91a92216bae0002ade
hazelnut,dark,hazelnut/hole/005,1,0.8090908527374268,f3e6e641daaac78384b27cf36a836cbb168a060799de8c91a92216bae0002ade
hazelnut,dark,hazelnut/hole/006,1,0.7550535202026367,f3e6e641daaac78384b27cf36a836cbb168a060799de8c91a92216bae0002ade
hazelnut,dark,hazelnut/hole/007,1,0.5628802180290222,f3e6e641daaac78384b27cf36a836cbb168a060799de8c91a92216bae0002ade
hazelnut,dark,hazelnut/hole/008,1,0.8095271587371826,f3e6e641daaac78384b27cf36a836cbb168a060799de8c91a92216bae0002ade
hazelnut,dark,hazelnut/hole/009,1,0.7141831517219543,f3e6e641daaac78384b27cf36a836cbb168a060799de8c91a92216bae0002ade
hazelnut,dark,hazelnut/hole/010,1,0.7158133387565613,f3e6e641daaac78384b27cf36a836cbb168a060799de8c91a92216bae0002ade
hazelnut,dark,hazelnut/hole/011,1,0.7269365787506104,f3e6e641daaac78384b27cf36a836cbb168a060799de8c91a92216bae0002ade
hazelnut,dark,hazelnut/hole/012,1,0.7312802672386169,f3e6e641daaac78384b27cf36a836cbb168a060799de8c91a92216bae0002ade
hazelnut,dark,hazelnut/hole/013,1,0.6703971028327942,f3e6e641daaac78384b27cf36a836cbb168a060799de8c91a92216bae0002ade
hazelnut,dark,hazelnut/hole/014,1,0.6447135210037231,f3e6e641daaac78384b27cf36a836cbb168a060799de8c91a92216bae0002ade
hazelnut,dark,hazelnut/hole/015,1,0.6904577016830444,f3e6e641daaac78384b27cf36a836cbb168a060799de8c91a92216bae0002ade
hazelnut,dark,hazelnut/hole/016,1,0.6015760898590088,f3e6e641daaac78384b27cf36a836cbb168a060799de8c91a92216bae0002ade
hazelnut,dark,hazelnut/hole/017,1,0.7706961035728455,f3e6e641daaac78384b27cf36a836cbb168a060799de8c91a92216bae0002ade
hazelnut,dark,hazelnut/print/000,1,0.650122880935669,f3e6e641daaac78384b27cf36a836cbb168a060799de8c91a92216bae0002ade
hazelnut,dark,hazelnut/print/001,1,0.744926393032074,f3e6e641daaac78384b27cf36a836cbb168a060799de8c91a92216bae0002ade
hazelnut,dark,hazelnut/print/002,1,0.786166250705719,f3e6e641daaac78384b27cf36a836cbb168a060799de8c91a92216bae0002ade
hazelnut,dark,hazelnut/print/003,1,0.7233790755271912,f3e6e641daaac78384b27cf36a836cbb168a060799de8c91a92216bae0002ade
hazelnut,dark,hazelnut/print/004,1,0.6508170962333679,f3e6e641daaac78384b27cf36a836cbb168a060799de8c91a92216bae0002ade
hazelnut,dark,hazelnut/print/005,1,0.9078291058540344,f3e6e641daaac78384b27cf36a836cbb168a060799de8c91a92216bae0002ade
hazelnut,dark,hazelnut/print/006,1,0.8380584120750427,f3e6e641daaac78384b27cf36a836cbb168a060799de8c91a92216bae0002ade
hazelnut,dark,hazelnut/print/007,1,0.6929218769073486,f3e6e641daaac78384b27cf36a836cbb168a060799de8c91a92216bae0002ade
hazelnut,dark,hazelnut/print/008,1,0.5695991516113281,f3e6e641daaac78384b27cf36a836cbb168a060799de8c91a92216bae0002ade
hazelnut,dark,hazelnut/print/009,1,0.6344500780105591,f3e6e641daaac78384b27cf36a836cbb168a060799de8c91a92216bae0002ade
hazelnut,dark,hazelnut/print/010,1,0.6079616546630859,f3e6e641daaac78384b27cf36a836cbb168a060799de8c91a92216bae0002ade
hazelnut,dark,hazelnut/print/011,1,0.6975454688072205,f3e6e641daaac78384b27cf36a836cbb168a060799de8c91a92216bae0002ade
hazelnut,dark,hazelnut/print/012,1,0.7619126439094543,f3e6e641daaac78384b27cf36a836cbb168a060799de8c91a92216bae0002ade
hazelnut,dark,hazelnut/print/013,1,0.6998224854469299,f3e6e641daaac78384b27cf36a836cbb168a060799de8c91a92216bae0002ade
hazelnut,dark,hazelnut/print/014,1,0.689538300037384,f3e6e641daaac78384b27cf36a836cbb168a060799de8c91a92216bae0002ade
hazelnut,dark,hazelnut/print/015,1,0.8264121413230896,f3e6e641daaac78384b27cf36a836cbb168a060799de8c91a92216bae0002ade
hazelnut,dark,hazelnut/print/016,1,0.7219335436820984,f3e6e641daaac78384b27cf36a836cbb168a060799de8c91a92216bae0002ade
hazelnut,mirnetv2,hazelnut/crack/000,1,0.8032953143119812,f3e6e641daaac78384b27cf36a836cbb168a060799de8c91a92216bae0002ade
hazelnut,mirnetv2,hazelnut/crack/001,1,0.8001019358634949,f3e6e641daaac78384b27cf36a836cbb168a060799de8c91a92216bae0002ade
hazelnut,mirnetv2,hazelnut/crack/002,1,0.42010435461997986,f3e6e641daaac78384b27cf36a836cbb168a060799de8c91a92216bae0002ade
hazelnut,mirnetv2,hazelnut/crack/003,1,0.5336978435516357,f3e6e641daaac78384b27cf36a836cbb168a060799de8c91a92216bae0002ade
hazelnut,mirnetv2,hazelnut/crack/004,1,0.5877053141593933,f3e6e641daaac78384b27cf36a836cbb168a060799de8c91a92216bae0002ade
hazelnut,mirnetv2,hazelnut/crack/005,1,0.47043296694755554,f3e6e641daaac78384b27cf36a836cbb168a060799de8c91a92216bae0002ade
hazelnut,mirnetv2,hazelnut/crack/006,1,0.9854108691215515,f3e6e641daaac78384b27cf36a836cbb168a060799de8c91a92216bae0002ade
hazelnut,mirnetv2,hazelnut/crack/007,1,0.4685230851173401,f3e6e641daaac78384b27cf36a836cbb168a060799de8c91a92216bae0002ade
hazelnut,mirnetv2,hazelnut/crack/008,1,0.7728161215782166,f3e6e641daaac78384b27cf36a836cbb168a060799de8c91a92216bae0002ade
hazelnut,mirnetv2,hazelnut/crack/009,1,0.9129419326782227,f3e6e641daaac78384b27cf36a836cbb168a060799de8c91a92216bae0002ade
hazelnut,mirnetv2,hazelnut/crack/010,1,0.9232183694839478,f3e6e641daaac78384b27cf36a836cbb168a060799de8c91a92216bae0002ade
hazelnut,mirnetv2,hazelnut/crack/011,1,0.8791235685348511,f3e6e641daaac78384b27cf36a836cbb168a060799de8c91a92216bae0002ade
hazelnut,mirnetv2,hazelnut/crack/012,1,0.9599840641021729,f3e6e641daaac78384b27cf36a836cbb168a060799de8c91a92216bae0002ade
hazelnut,mirnetv2,hazelnut/crack/013,1,0.8132690191268921,f3e6e641daaac78384b27cf36a836cbb168a060799de8c91a92216bae0002ade
hazelnut,mirnetv2,hazelnut/crack/014,1,1.0947351455688477,f3e6e641daaac78384b27cf36a836cbb168a060799de8c91a92216bae0002ade
hazelnut,mirnetv2,hazelnut/crack/015,1,0.7893334031105042,f3e6e641daaac78384b27cf36a836cbb168a060799de8c91a92216bae0002ade
hazelnut,mirnetv2,hazelnut/crack/016,1,0.8911876678466797,f3e6e641daaac78384b27cf36a836cbb168a060799de8c91a92216bae0002ade
hazelnut,mirnetv2,hazelnut/crack/017,1,0.7233799695968628,f3e6e641daaac78384b27cf36a836cbb168a060799de8c91a92216bae0002ade
hazelnut,mirnetv2,hazelnut/cut/000,1,0.6259886026382446,f3e6e641daaac78384b27cf36a836cbb168a060799de8c91a92216bae0002ade
hazelnut,mirnetv2,hazelnut/cut/001,1,0.4463508725166321,f3e6e641daaac78384b27cf36a836cbb168a060799de8c91a92216bae0002ade
hazelnut,mirnetv2,hazelnut/cut/002,1,0.7822311520576477,f3e6e641daaac78384b27cf36a836cbb168a060799de8c91a92216bae0002ade
hazelnut,mirnetv2,hazelnut/cut/003,1,1.0199869871139526,f3e6e641daaac78384b27cf36a836cbb168a060799de8c91a92216bae0002ade
hazelnut,mirnetv2,hazelnut/cut/004,1,0.6832168102264404,f3e6e641daaac78384b27cf36a836cbb168a060799de8c91a92216bae0002ade
hazelnut,mirnetv2,hazelnut/cut/005,1,0.7053835988044739,f3e6e641daaac78384b27cf36a836cbb168a060799de8c91a92216bae0002ade
hazelnut,mirnetv2,hazelnut/cut/006,1,0.9014608263969421,f3e6e641daaac78384b27cf36a836cbb168a060799de8c91a92216bae0002ade
hazelnut,mirnetv2,hazelnut/cut/007,1,0.7766602635383606,f3e6e641daaac78384b27cf36a836cbb168a060799de8c91a92216bae0002ade
hazelnut,mirnetv2,hazelnut/cut/008,1,0.677969753742218,f3e6e641daaac78384b27cf36a836cbb168a060799de8c91a92216bae0002ade
hazelnut,mirnetv2,hazelnut/cut/009,1,0.66143798828125,f3e6e641daaac78384b27cf36a836cbb168a060799de8c91a92216bae0002ade
hazelnut,mirnetv2,hazelnut/cut/010,1,0.6358231902122498,f3e6e641daaac78384b27cf36a836cbb168a060799de8c91a92216bae0002ade
hazelnut,mirnetv2,hazelnut/cut/011,1,0.663737952709198,f3e6e641daaac78384b27cf36a836cbb168a060799de8c91a92216bae0002ade
hazelnut,mirnetv2,hazelnut/cut/012,1,0.7285871505737305,f3e6e641daaac78384b27cf36a836cbb168a060799de8c91a92216bae0002ade
hazelnut,mirnetv2,hazelnut/cut/013,1,0.6389307379722595,f3e6e641daaac78384b27cf36a836cbb168a060799de8c91a92216bae0002ade
hazelnut,mirnetv2,hazelnut/cut/014,1,0.7595214247703552,f3e6e641daaac78384b27cf36a836cbb168a060799de8c91a92216bae0002ade
hazelnut,mirnetv2,hazelnut/cut/015,1,0.9598677754402161,f3e6e641daaac78384b27cf36a836cbb168a060799de8c91a92216bae0002ade
hazelnut,mirnetv2,hazelnut/cut/016,1,0.9317701458930969,f3e6e641daaac78384b27cf36a836cbb168a060799de8c91a92216bae0002ade
hazelnut,mirnetv2,hazelnut/good/000,0,0.9848155379295349,f3e6e641daaac78384b27cf36a836cbb168a060799de8c91a92216bae0002ade
hazelnut,mirnetv2,hazelnut/good/001,0,0.8828715682029724,f3e6e641daaac78384b27cf36a836cbb168a060799de8c91a92216bae0002ade
hazelnut,mirnetv2,hazelnut/good/002,0,0.8860843181610107,f3e6e641daaac78384b27cf36a836cbb168a060799de8c91a92216bae0002ade
hazelnut,mirnetv2,hazelnut/good/003,0,0.7425053119659424,f3e6e641daaac78384b27cf36a836cbb168a060799de8c91a92216bae0002ade
hazelnut,mirnetv2,hazelnut/good/004,0,0.6823422312736511,f3e6e641daaac78384b27cf36a836cbb168a060799de8c91a92216bae0002ade
hazelnut,mirnetv2,hazelnut/good/005,0,0.812034010887146,f3e6e641daaac78384b27cf36a836cbb168a060799de8c91a92216bae0002ade
hazelnut,mirnetv2,hazelnut/good/006,0,0.813305139541626,f3e6e641daaac78384b27cf36a836cbb168a060799de8c91a92216bae0002ade
hazelnut,mirnetv2,hazelnut/good/007,0,0.45939669013023376,f3e6e641daaac78384b27cf36a836cbb168a060799de8c91a92216bae0002ade
hazelnut,mirnetv2,hazelnut/good/008,0,0.7959892153739929,f3e6e641daaac78384b27cf36a836cbb168a060799de8c91a92216bae0002ade
hazelnut,mirnetv2,hazelnut/good/009,0,0.6593096852302551,f3e6e641daaac78384b27cf36a836cbb168a060799de8c91a92216bae0002ade
hazelnut,mirnetv2,hazelnut/good/010,0,0.8554596900939941,f3e6e641daaac78384b27cf36a836cbb168a060799de8c91a92216bae0002ade
hazelnut,mirnetv2,hazelnut/good/011,0,0.5898697376251221,f3e6e641daaac78384b27cf36a836cbb168a060799de8c91a92216bae0002ade
hazelnut,mirnetv2,hazelnut/good/012,0,0.5622480511665344,f3e6e641daaac78384b27cf36a836cbb168a060799de8c91a92216bae0002ade
hazelnut,mirnetv2,hazelnut/good/013,0,0.8879548907279968,f3e6e641daaac78384b27cf36a836cbb168a060799de8c91a92216bae0002ade
hazelnut,mirnetv2,hazelnut/good/014,0,0.825821042060852,f3e6e641daaac78384b27cf36a836cbb168a060799de8c91a92216bae0002ade
hazelnut,mirnetv2,hazelnut/good/015,0,0.8979507684707642,f3e6e641daaac78384b27cf36a836cbb168a060799de8c91a92216bae0002ade
hazelnut,mirnetv2,hazelnut/good/016,0,0.6871774792671204,f3e6e641daaac78384b27cf36a836cbb168a060799de8c91a92216bae0002ade
hazelnut,mirnetv2,hazelnut/good/017,0,0.9199458360671997,f3e6e641daaac78384b27cf36a836cbb168a060799de8c91a92216bae0002ade
hazelnut,mirnetv2,hazelnut/good/018,0,0.538459837436676,f3e6e641daaac78384b27cf36a836cbb168a060799de8c91a92216bae0002ade
hazelnut,mirnetv2,hazelnut/good/019,0,0.7148632407188416,f3e6e641daaac78384b27cf36a836cbb168a060799de8c91a92216bae0002ade
hazelnut,mirnetv2,hazelnut/good/020,0,0.6429195404052734,f3e6e641daaac78384b27cf36a836cbb168a060799de8c91a92216bae0002ade
hazelnut,mirnetv2,hazelnut/good/021,0,0.6736358404159546,f3e6e641daaac78384b27cf36a836cbb168a060799de8c91a92216bae0002ade
hazelnut,mirnetv2,hazelnut/good/022,0,0.7246530652046204,f3e6e641daaac78384b27cf36a836cbb168a060799de8c91a92216bae0002ade
hazelnut,mirnetv2,hazelnut/good/023,0,0.7650195956230164,f3e6e641daaac78384b27cf36a836cbb168a060799de8c91a92216bae0002ade
hazelnut,mirnetv2,hazelnut/good/024,0,0.6528760194778442,f3e6e641daaac78384b27cf36a836cbb168a060799de8c91a92216bae0002ade
hazelnut,mirnetv2,hazelnut/good/025,0,0.7681844830513,f3e6e641daaac78384b27cf36a836cbb168a060799de8c91a92216bae0002ade
hazelnut,mirnetv2,hazelnut/good/026,0,0.788146436214447,f3e6e641daaac78384b27cf36a836cbb168a060799de8c91a92216bae0002ade
hazelnut,mirnetv2,hazelnut/good/027,0,0.5903681516647339,f3e6e641daaac78384b27cf36a836cbb168a060799de8c91a92216bae0002ade
hazelnut,mirnetv2,hazelnut/good/028,0,0.7490469813346863,f3e6e641daaac78384b27cf36a836cbb168a060799de8c91a92216bae0002ade
hazelnut,mirnetv2,hazelnut/good/029,0,0.7616583704948425,f3e6e641daaac78384b27cf36a836cbb168a060799de8c91a92216bae0002ade
hazelnut,mirnetv2,hazelnut/good/030,0,0.48956429958343506,f3e6e641daaac78384b27cf36a836cbb168a060799de8c91a92216bae0002ade
hazelnut,mirnetv2,hazelnut/good/031,0,0.9609616994857788,f3e6e641daaac78384b27cf36a836cbb168a060799de8c91a92216bae0002ade
hazelnut,mirnetv2,hazelnut/good/032,0,0.8585332036018372,f3e6e641daaac78384b27cf36a836cbb168a060799de8c91a92216bae0002ade
hazelnut,mirnetv2,hazelnut/good/033,0,0.4929341673851013,f3e6e641daaac78384b27cf36a836cbb168a060799de8c91a92216bae0002ade
hazelnut,mirnetv2,hazelnut/good/034,0,1.1148701906204224,f3e6e641daaac78384b27cf36a836cbb168a060799de8c91a92216bae0002ade
hazelnut,mirnetv2,hazelnut/good/035,0,0.9131669402122498,f3e6e641daaac78384b27cf36a836cbb168a060799de8c91a92216bae0002ade
hazelnut,mirnetv2,hazelnut/good/036,0,0.8621473908424377,f3e6e641daaac78384b27cf36a836cbb168a060799de8c91a92216bae0002ade
hazelnut,mirnetv2,hazelnut/good/037,0,0.77630215883255,f3e6e641daaac78384b27cf36a836cbb168a060799de8c91a92216bae0002ade
hazelnut,mirnetv2,hazelnut/good/038,0,0.879690408706665,f3e6e641daaac78384b27cf36a836cbb168a060799de8c91a92216bae0002ade
hazelnut,mirnetv2,hazelnut/good/039,0,0.450522243976593,f3e6e641daaac78384b27cf36a836cbb168a060799de8c91a92216bae0002ade
hazelnut,mirnetv2,hazelnut/hole/000,1,0.5591892004013062,f3e6e641daaac78384b27cf36a836cbb168a060799de8c91a92216bae0002ade
hazelnut,mirnetv2,hazelnut/hole/001,1,0.6234514117240906,f3e6e641daaac78384b27cf36a836cbb168a060799de8c91a92216bae0002ade
hazelnut,mirnetv2,hazelnut/hole/002,1,0.7089524865150452,f3e6e641daaac78384b27cf36a836cbb168a060799de8c91a92216bae0002ade
hazelnut,mirnetv2,hazelnut/hole/003,1,0.831447958946228,f3e6e641daaac78384b27cf36a836cbb168a060799de8c91a92216bae0002ade
hazelnut,mirnetv2,hazelnut/hole/004,1,0.546299397945404,f3e6e641daaac78384b27cf36a836cbb168a060799de8c91a92216bae0002ade
hazelnut,mirnetv2,hazelnut/hole/005,1,0.648695707321167,f3e6e641daaac78384b27cf36a836cbb168a060799de8c91a92216bae0002ade
hazelnut,mirnetv2,hazelnut/hole/006,1,0.5179755091667175,f3e6e641daaac78384b27cf36a836cbb168a060799de8c91a92216bae0002ade
hazelnut,mirnetv2,hazelnut/hole/007,1,0.7028419971466064,f3e6e641daaac78384b27cf36a836cbb168a060799de8c91a92216bae0002ade
hazelnut,mirnetv2,hazelnut/hole/008,1,0.4348571002483368,f3e6e641daaac78384b27cf36a836cbb168a060799de8c91a92216bae0002ade
hazelnut,mirnetv2,hazelnut/hole/009,1,0.8705129027366638,f3e6e641daaac78384b27cf36a836cbb168a060799de8c91a92216bae0002ade
hazelnut,mirnetv2,hazelnut/hole/010,1,0.5871106386184692,f3e6e641daaac78384b27cf36a836cbb168a060799de8c91a92216bae0002ade
hazelnut,mirnetv2,hazelnut/hole/011,1,0.44800665974617004,f3e6e641daaac78384b27cf36a836cbb168a060799de8c91a92216bae0002ade
hazelnut,mirnetv2,hazelnut/hole/012,1,0.9112610220909119,f3e6e641daaac78384b27cf36a836cbb168a060799de8c91a92216bae0002ade
hazelnut,mirnetv2,hazelnut/hole/013,1,0.5734919905662537,f3e6e641daaac78384b27cf36a836cbb168a060799de8c91a92216bae0002ade
hazelnut,mirnetv2,hazelnut/hole/014,1,0.8586545586585999,f3e6e641daaac78384b27cf36a836cbb168a060799de8c91a92216bae0002ade
hazelnut,mirnetv2,hazelnut/hole/015,1,0.7527567148208618,f3e6e641daaac78384b27cf36a836cbb168a060799de8c91a92216bae0002ade
hazelnut,mirnetv2,hazelnut/hole/016,1,0.7402405738830566,f3e6e641daaac78384b27cf36a836cbb168a060799de8c91a92216bae0002ade
hazelnut,mirnetv2,hazelnut/hole/017,1,1.0509783029556274,f3e6e641daaac78384b27cf36a836cbb168a060799de8c91a92216bae0002ade
hazelnut,mirnetv2,hazelnut/print/000,1,0.9502705335617065,f3e6e641daaac78384b27cf36a836cbb168a060799de8c91a92216bae0002ade
hazelnut,mirnetv2,hazelnut/print/001,1,1.0466755628585815,f3e6e641daaac78384b27cf36a836cbb168a060799de8c91a92216bae0002ade
hazelnut,mirnetv2,hazelnut/print/002,1,0.4536626935005188,f3e6e641daaac78384b27cf36a836cbb168a060799de8c91a92216bae0002ade
hazelnut,mirnetv2,hazelnut/print/003,1,0.4685729444026947,f3e6e641daaac78384b27cf36a836cbb168a060799de8c91a92216bae0002ade
hazelnut,mirnetv2,hazelnut/print/004,1,0.6975547671318054,f3e6e641daaac78384b27cf36a836cbb168a060799de8c91a92216bae0002ade
hazelnut,mirnetv2,hazelnut/print/005,1,0.4295154809951782,f3e6e641daaac78384b27cf36a836cbb168a060799de8c91a92216bae0002ade
hazelnut,mirnetv2,hazelnut/print/006,1,0.6172198057174683,f3e6e641daaac78384b27cf36a836cbb168a060799de8c91a92216bae0002ade
hazelnut,mirnetv2,hazelnut/print/007,1,0.907956063747406,f3e6e641daaac78384b27cf36a836cbb168a060799de8c91a92216bae0002ade
hazelnut,mirnetv2,hazelnut/print/008,1,0.5798048377037048,f3e6e641daaac78384b27cf36a836cbb168a060799de8c91a92216bae0002ade
hazelnut,mirnetv2,hazelnut/print/009,1,0.506645143032074,f3e6e641daaac78384b27cf36a836cbb168a060799de8c91a92216bae0002ade
hazelnut,mirnetv2,hazelnut/print/010,1,0.9441914558410645,f3e6e641daaac78384b27cf36a836cbb168a060799de8c91a92216bae0002ade
hazelnut,mirnetv2,hazelnut/print/011,1,1.0498813390731812,f3e6e641daaac78384b27cf36a836cbb168a060799de8c91a92216bae0002ade
hazelnut,mirnetv2,hazelnut/print/012,1,0.5055767893791199,f3e6e641daaac78384b27cf36a836cbb168a060799de8c91a92216bae0002ade
hazelnut,mirnetv2,hazelnut/print/013,1,0.8468679189682007,f3e6e641daaac78384b27cf36a836cbb168a060799de8c91a92216bae0002ade
hazelnut,mirnetv2,hazelnut/print/014,1,0.8479048013687134,f3e6e641daaac78384b27cf36a836cbb168a060799de8c91a92216bae0002ade
hazelnut,mirnetv2,hazelnut/print/015,1,0.4223584532737732,f3e6e641daaac78384b27cf36a836cbb168a060799de8c91a92216bae0002ade
hazelnut,mirnetv2,hazelnut/print/016,1,0.6006320714950562,f3e6e641daaac78384b27cf36a836cbb168a060799de8c91a92216bae0002ade
hazelnut,icra,hazelnut/crack/000,1,0.5303993821144104,f3e6e641daaac78384b27cf36a836cbb168a060799de8c91a92216bae0002ade
hazelnut,icra,hazelnut/crack/001,1,0.6262536644935608,f3e6e641daaac78384b27cf36a836cbb168a060799de8c91a92216bae0002ade
hazelnut,icra,hazelnut/crack/002,1,0.2756192684173584,f3e6e641daaac78384b27cf36a836cbb168a060799de8c91a92216bae0002ade
hazelnut,icra,hazelnut/crack/003,1,0.4645986258983612,f3e6e641daaac78384b27cf36a836cbb168a060799de8c91a92216bae0002ade
hazelnut,icra,hazelnut/crack/004,1,0.42009493708610535,f3e6e641daaac78384b27cf36a836cbb168a060799de8c91a92216bae0002ade
hazelnut,icra,hazelnut/crack/005,1,0.27350375056266785,f3e6e641daaac78384b27cf36a836cbb168a060799de8c91a92216bae0002ade
hazelnut,icra,hazelnut/crack/006,1,0.4841277003288269,f3e6e641daaac78384b27cf36a836cbb168a060799de8c91a92216bae0002ade
hazelnut,icra,hazelnut/crack/007,1,0.3646396994590759,f3e6e641daaac78384b27cf36a836cbb168a060799de8c91a92216bae0002ade
hazelnut,icra,hazelnut/crack/008,1,0.6581839323043823,f3e6e641daaac78384b27cf36a836cbb168a060799de8c91a92216bae0002ade
hazelnut,icra,hazelnut/crack/009,1,0.5830963253974915,f3e6e641daaac78384b27cf36a836cbb168a060799de8c91a92216bae0002ade
hazelnut,icra,hazelnut/crack/010,1,0.6844063401222229,f3e6e641daaac78384b27cf36a836cbb168a060799de8c91a92216bae0002ade
hazelnut,icra,hazelnut/crack/011,1,0.541135311126709,f3e6e641daaac78384b27cf36a836cbb168a060799de8c91a92216bae0002ade
hazelnut,icra,hazelnut/crack/012,1,0.43431681394577026,f3e6e641daaac78384b27cf36a836cbb168a060799de8c91a92216bae0002ade
hazelnut,icra,hazelnut/crack/013,1,0.33499568700790405,f3e6e641daaac78384b27cf36a836cbb168a060799de8c91a92216bae0002ade
hazelnut,icra,hazelnut/crack/014,1,0.5576985478401184,f3e6e641daaac78384b27cf36a836cbb168a060799de8c91a92216bae0002ade
hazelnut,icra,hazelnut/crack/015,1,0.37223032116889954,f3e6e641daaac78384b27cf36a836cbb168a060799de8c91a92216bae0002ade
hazelnut,icra,hazelnut/crack/016,1,0.45601511001586914,f3e6e641daaac78384b27cf36a836cbb168a060799de8c91a92216bae0002ade
hazelnut,icra,hazelnut/crack/017,1,0.49711012840270996,f3e6e641daaac78384b27cf36a836cbb168a060799de8c91a92216bae0002ade
hazelnut,icra,hazelnut/cut/000,1,0.2552482485771179,f3e6e641daaac78384b27cf36a836cbb168a060799de8c91a92216bae0002ade
hazelnut,icra,hazelnut/cut/001,1,0.2752653956413269,f3e6e641daaac78384b27cf36a836cbb168a060799de8c91a92216bae0002ade
hazelnut,icra,hazelnut/cut/002,1,0.4076656699180603,f3e6e641daaac78384b27cf36a836cbb168a060799de8c91a92216bae0002ade
hazelnut,icra,hazelnut/cut/003,1,0.5647192597389221,f3e6e641daaac78384b27cf36a836cbb168a060799de8c91a92216bae0002ade
hazelnut,icra,hazelnut/cut/004,1,0.35565245151519775,f3e6e641daaac78384b27cf36a836cbb168a060799de8c91a92216bae0002ade
hazelnut,icra,hazelnut/cut/005,1,0.458539217710495,f3e6e641daaac78384b27cf36a836cbb168a060799de8c91a92216bae0002ade
hazelnut,icra,hazelnut/cut/006,1,0.42778509855270386,f3e6e641daaac78384b27cf36a836cbb168a060799de8c91a92216bae0002ade
hazelnut,icra,hazelnut/cut/007,1,0.3582785129547119,f3e6e641daaac78384b27cf36a836cbb168a060799de8c91a92216bae0002ade
hazelnut,icra,hazelnut/cut/008,1,0.26435503363609314,f3e6e641daaac78384b27cf36a836cbb168a060799de8c91a92216bae0002ade
hazelnut,icra,hazelnut/cut/009,1,0.5000717639923096,f3e6e641daaac78384b27cf36a836cbb168a060799de8c91a92216bae0002ade
hazelnut,icra,hazelnut/cut/010,1,0.36387860774993896,f3e6e641daaac78384b27cf36a836cbb168a060799de8c91a92216bae0002ade
hazelnut,icra,hazelnut/cut/011,1,0.48303940892219543,f3e6e641daaac78384b27cf36a836cbb168a060799de8c91a92216bae0002ade
hazelnut,icra,hazelnut/cut/012,1,0.27817502617836,f3e6e641daaac78384b27cf36a836cbb168a060799de8c91a92216bae0002ade
hazelnut,icra,hazelnut/cut/013,1,0.4436902701854706,f3e6e641daaac78384b27cf36a836cbb168a060799de8c91a92216bae0002ade
hazelnut,icra,hazelnut/cut/014,1,0.4974203109741211,f3e6e641daaac78384b27cf36a836cbb168a060799de8c91a92216bae0002ade
hazelnut,icra,hazelnut/cut/015,1,0.4546678960323334,f3e6e641daaac78384b27cf36a836cbb168a060799de8c91a92216bae0002ade
hazelnut,icra,hazelnut/cut/016,1,0.5047239661216736,f3e6e641daaac78384b27cf36a836cbb168a060799de8c91a92216bae0002ade
hazelnut,icra,hazelnut/good/000,0,0.5373082160949707,f3e6e641daaac78384b27cf36a836cbb168a060799de8c91a92216bae0002ade
hazelnut,icra,hazelnut/good/001,0,0.4600299596786499,f3e6e641daaac78384b27cf36a836cbb168a060799de8c91a92216bae0002ade
hazelnut,icra,hazelnut/good/002,0,0.46464839577674866,f3e6e641daaac78384b27cf36a836cbb168a060799de8c91a92216bae0002ade
hazelnut,icra,hazelnut/good/003,0,0.5204982757568359,f3e6e641daaac78384b27cf36a836cbb168a060799de8c91a92216bae0002ade
hazelnut,icra,hazelnut/good/004,0,0.46621158719062805,f3e6e641daaac78384b27cf36a836cbb168a060799de8c91a92216bae0002ade
hazelnut,icra,hazelnut/good/005,0,0.38665440678596497,f3e6e641daaac78384b27cf36a836cbb168a060799de8c91a92216bae0002ade
hazelnut,icra,hazelnut/good/006,0,0.4161352515220642,f3e6e641daaac78384b27cf36a836cbb168a060799de8c91a92216bae0002ade
hazelnut,icra,hazelnut/good/007,0,0.37083736062049866,f3e6e641daaac78384b27cf36a836cbb168a060799de8c91a92216bae0002ade
hazelnut,icra,hazelnut/good/008,0,0.4435541033744812,f3e6e641daaac78384b27cf36a836cbb168a060799de8c91a92216bae0002ade
hazelnut,icra,hazelnut/good/009,0,0.47397106885910034,f3e6e641daaac78384b27cf36a836cbb168a060799de8c91a92216bae0002ade
hazelnut,icra,hazelnut/good/010,0,0.44434165954589844,f3e6e641daaac78384b27cf36a836cbb168a060799de8c91a92216bae0002ade
hazelnut,icra,hazelnut/good/011,0,0.4256362020969391,f3e6e641daaac78384b27cf36a836cbb168a060799de8c91a92216bae0002ade
hazelnut,icra,hazelnut/good/012,0,0.3870808184146881,f3e6e641daaac78384b27cf36a836cbb168a060799de8c91a92216bae0002ade
hazelnut,icra,hazelnut/good/013,0,0.4588988125324249,f3e6e641daaac78384b27cf36a836cbb168a060799de8c91a92216bae0002ade
hazelnut,icra,hazelnut/good/014,0,0.42711079120635986,f3e6e641daaac78384b27cf36a836cbb168a060799de8c91a92216bae0002ade
hazelnut,icra,hazelnut/good/015,0,0.4281512498855591,f3e6e641daaac78384b27cf36a836cbb168a060799de8c91a92216bae0002ade
hazelnut,icra,hazelnut/good/016,0,0.3894108831882477,f3e6e641daaac78384b27cf36a836cbb168a060799de8c91a92216bae0002ade
hazelnut,icra,hazelnut/good/017,0,0.48552003502845764,f3e6e641daaac78384b27cf36a836cbb168a060799de8c91a92216bae0002ade
hazelnut,icra,hazelnut/good/018,0,0.4125056862831116,f3e6e641daaac78384b27cf36a836cbb168a060799de8c91a92216bae0002ade
hazelnut,icra,hazelnut/good/019,0,0.4734041690826416,f3e6e641daaac78384b27cf36a836cbb168a060799de8c91a92216bae0002ade
hazelnut,icra,hazelnut/good/020,0,0.30790987610816956,f3e6e641daaac78384b27cf36a836cbb168a060799de8c91a92216bae0002ade
hazelnut,icra,hazelnut/good/021,0,0.3423120379447937,f3e6e641daaac78384b27cf36a836cbb168a060799de8c91a92216bae0002ade
hazelnut,icra,hazelnut/good/022,0,0.4647735357284546,f3e6e641daaac78384b27cf36a836cbb168a060799de8c91a92216bae0002ade
hazelnut,icra,hazelnut/good/023,0,0.4961322546005249,f3e6e641daaac78384b27cf36a836cbb168a060799de8c91a92216bae0002ade
hazelnut,icra,hazelnut/good/024,0,0.45049071311950684,f3e6e641daaac78384b27cf36a836cbb168a060799de8c91a92216bae0002ade
hazelnut,icra,hazelnut/good/025,0,0.4907754957675934,f3e6e641daaac78384b27cf36a836cbb168a060799de8c91a92216bae0002ade
hazelnut,icra,hazelnut/good/026,0,0.4377935230731964,f3e6e641daaac78384b27cf36a836cbb168a060799de8c91a92216bae0002ade
hazelnut,icra,hazelnut/good/027,0,0.30387601256370544,f3e6e641daaac78384b27cf36a836cbb168a060799de8c91a92216bae0002ade
hazelnut,icra,hazelnut/good/028,0,0.46025967597961426,f3e6e641daaac78384b27cf36a836cbb168a060799de8c91a92216bae0002ade
hazelnut,icra,hazelnut/good/029,0,0.4575909376144409,f3e6e641daaac78384b27cf36a836cbb168a060799de8c91a92216bae0002ade
hazelnut,icra,hazelnut/good/030,0,0.3779103457927704,f3e6e641daaac78384b27cf36a836cbb168a060799de8c91a92216bae0002ade
hazelnut,icra,hazelnut/good/031,0,0.5245746374130249,f3e6e641daaac78384b27cf36a836cbb168a060799de8c91a92216bae0002ade
hazelnut,icra,hazelnut/good/032,0,0.4558710753917694,f3e6e641daaac78384b27cf36a836cbb168a060799de8c91a92216bae0002ade
hazelnut,icra,hazelnut/good/033,0,0.25496625900268555,f3e6e641daaac78384b27cf36a836cbb168a060799de8c91a92216bae0002ade
hazelnut,icra,hazelnut/good/034,0,0.5868603587150574,f3e6e641daaac78384b27cf36a836cbb168a060799de8c91a92216bae0002ade
hazelnut,icra,hazelnut/good/035,0,0.421597421169281,f3e6e641daaac78384b27cf36a836cbb168a060799de8c91a92216bae0002ade
hazelnut,icra,hazelnut/good/036,0,0.4036717414855957,f3e6e641daaac78384b27cf36a836cbb168a060799de8c91a92216bae0002ade
hazelnut,icra,hazelnut/good/037,0,0.5074776411056519,f3e6e641daaac78384b27cf36a836cbb168a060799de8c91a92216bae0002ade
hazelnut,icra,hazelnut/good/038,0,0.43252918124198914,f3e6e641daaac78384b27cf36a836cbb168a060799de8c91a92216bae0002ade
hazelnut,icra,hazelnut/good/039,0,0.23821446299552917,f3e6e641daaac78384b27cf36a836cbb168a060799de8c91a92216bae0002ade
hazelnut,icra,hazelnut/hole/000,1,0.5141904950141907,f3e6e641daaac78384b27cf36a836cbb168a060799de8c91a92216bae0002ade
hazelnut,icra,hazelnut/hole/001,1,0.4533850848674774,f3e6e641daaac78384b27cf36a836cbb168a060799de8c91a92216bae0002ade
hazelnut,icra,hazelnut/hole/002,1,0.39980918169021606,f3e6e641daaac78384b27cf36a836cbb168a060799de8c91a92216bae0002ade
hazelnut,icra,hazelnut/hole/003,1,0.47030630707740784,f3e6e641daaac78384b27cf36a836cbb168a060799de8c91a92216bae0002ade
hazelnut,icra,hazelnut/hole/004,1,0.4315554201602936,f3e6e641daaac78384b27cf36a836cbb168a060799de8c91a92216bae0002ade
hazelnut,icra,hazelnut/hole/005,1,0.31578582525253296,f3e6e641daaac78384b27cf36a836cbb168a060799de8c91a92216bae0002ade
hazelnut,icra,hazelnut/hole/006,1,0.2508479356765747,f3e6e641daaac78384b27cf36a836cbb168a060799de8c91a92216bae0002ade
hazelnut,icra,hazelnut/hole/007,1,0.5083720684051514,f3e6e641daaac78384b27cf36a836cbb168a060799de8c91a92216bae0002ade
hazelnut,icra,hazelnut/hole/008,1,0.29110535979270935,f3e6e641daaac78384b27cf36a836cbb168a060799de8c91a92216bae0002ade
hazelnut,icra,hazelnut/hole/009,1,0.3746964931488037,f3e6e641daaac78384b27cf36a836cbb168a060799de8c91a92216bae0002ade
hazelnut,icra,hazelnut/hole/010,1,0.5125247836112976,f3e6e641daaac78384b27cf36a836cbb168a060799de8c91a92216bae0002ade
hazelnut,icra,hazelnut/hole/011,1,0.2893460988998413,f3e6e641daaac78384b27cf36a836cbb168a060799de8c91a92216bae0002ade
hazelnut,icra,hazelnut/hole/012,1,0.4281809628009796,f3e6e641daaac78384b27cf36a836cbb168a060799de8c91a92216bae0002ade
hazelnut,icra,hazelnut/hole/013,1,0.3917311429977417,f3e6e641daaac78384b27cf36a836cbb168a060799de8c91a92216bae0002ade
hazelnut,icra,hazelnut/hole/014,1,0.4685531556606293,f3e6e641daaac78384b27cf36a836cbb168a060799de8c91a92216bae0002ade
hazelnut,icra,hazelnut/hole/015,1,0.40372994542121887,f3e6e641daaac78384b27cf36a836cbb168a060799de8c91a92216bae0002ade
hazelnut,icra,hazelnut/hole/016,1,0.4872097969055176,f3e6e641daaac78384b27cf36a836cbb168a060799de8c91a92216bae0002ade
hazelnut,icra,hazelnut/hole/017,1,0.6249030828475952,f3e6e641daaac78384b27cf36a836cbb168a060799de8c91a92216bae0002ade
hazelnut,icra,hazelnut/print/000,1,0.45533064007759094,f3e6e641daaac78384b27cf36a836cbb168a060799de8c91a92216bae0002ade
hazelnut,icra,hazelnut/print/001,1,0.4418585002422333,f3e6e641daaac78384b27cf36a836cbb168a060799de8c91a92216bae0002ade
hazelnut,icra,hazelnut/print/002,1,0.37750279903411865,f3e6e641daaac78384b27cf36a836cbb168a060799de8c91a92216bae0002ade
hazelnut,icra,hazelnut/print/003,1,0.3676382005214691,f3e6e641daaac78384b27cf36a836cbb168a060799de8c91a92216bae0002ade
hazelnut,icra,hazelnut/print/004,1,0.3462145924568176,f3e6e641daaac78384b27cf36a836cbb168a060799de8c91a92216bae0002ade
hazelnut,icra,hazelnut/print/005,1,0.3457956910133362,f3e6e641daaac78384b27cf36a836cbb168a060799de8c91a92216bae0002ade
hazelnut,icra,hazelnut/print/006,1,0.38019388914108276,f3e6e641daaac78384b27cf36a836cbb168a060799de8c91a92216bae0002ade
hazelnut,icra,hazelnut/print/007,1,0.3918670117855072,f3e6e641daaac78384b27cf36a836cbb168a060799de8c91a92216bae0002ade
hazelnut,icra,hazelnut/print/008,1,0.36909911036491394,f3e6e641daaac78384b27cf36a836cbb168a060799de8c91a92216bae0002ade
hazelnut,icra,hazelnut/print/009,1,0.3684743344783783,f3e6e641daaac78384b27cf36a836cbb168a060799de8c91a92216bae0002ade
hazelnut,icra,hazelnut/print/010,1,0.45945706963539124,f3e6e641daaac78384b27cf36a836cbb168a060799de8c91a92216bae0002ade
hazelnut,icra,hazelnut/print/011,1,0.5513070225715637,f3e6e641daaac78384b27cf36a836cbb168a060799de8c91a92216bae0002ade
hazelnut,icra,hazelnut/print/012,1,0.31002670526504517,f3e6e641daaac78384b27cf36a836cbb168a060799de8c91a92216bae0002ade
hazelnut,icra,hazelnut/print/013,1,0.2521715462207794,f3e6e641daaac78384b27cf36a836cbb168a060799de8c91a92216bae0002ade
hazelnut,icra,hazelnut/print/014,1,0.34686151146888733,f3e6e641daaac78384b27cf36a836cbb168a060799de8c91a92216bae0002ade
hazelnut,icra,hazelnut/print/015,1,0.30040886998176575,f3e6e641daaac78384b27cf36a836cbb168a060799de8c91a92216bae0002ade
hazelnut,icra,hazelnut/print/016,1,0.3262474834918976,f3e6e641daaac78384b27cf36a836cbb168a060799de8c91a92216bae0002ade
leather,dark,leather/color/000,1,0.9498977661132812,5148eb4aade700e5d9e671c10b7a3c454aefb6e29c75b3042c1a352bb33e1aae
leather,dark,leather/color/001,1,1.086467981338501,5148eb4aade700e5d9e671c10b7a3c454aefb6e29c75b3042c1a352bb33e1aae
leather,dark,leather/color/002,1,1.128926157951355,5148eb4aade700e5d9e671c10b7a3c454aefb6e29c75b3042c1a352bb33e1aae
leather,dark,leather/color/003,1,0.9575983285903931,5148eb4aade700e5d9e671c10b7a3c454aefb6e29c75b3042c1a352bb33e1aae
leather,dark,leather/color/004,1,0.9132528305053711,5148eb4aade700e5d9e671c10b7a3c454aefb6e29c75b3042c1a352bb33e1aae
leather,dark,leather/color/005,1,0.9336488246917725,5148eb4aade700e5d9e671c10b7a3c454aefb6e29c75b3042c1a352bb33e1aae
leather,dark,leather/color/006,1,1.2161999940872192,5148eb4aade700e5d9e671c10b7a3c454aefb6e29c75b3042c1a352bb33e1aae
leather,dark,leather/color/007,1,0.9814853668212891,5148eb4aade700e5d9e671c10b7a3c454aefb6e29c75b3042c1a352bb33e1aae
leather,dark,leather/color/008,1,1.0332542657852173,5148eb4aade700e5d9e671c10b7a3c454aefb6e29c75b3042c1a352bb33e1aae
leather,dark,leather/color/009,1,0.9205725789070129,5148eb4aade700e5d9e671c10b7a3c454aefb6e29c75b3042c1a352bb33e1aae
leather,dark,leather/color/010,1,1.1296617984771729,5148eb4aade700e5d9e671c10b7a3c454aefb6e29c75b3042c1a352bb33e1aae
leather,dark,leather/color/011,1,1.1598284244537354,5148eb4aade700e5d9e671c10b7a3c454aefb6e29c75b3042c1a352bb33e1aae
leather,dark,leather/color/012,1,1.2710856199264526,5148eb4aade700e5d9e671c10b7a3c454aefb6e29c75b3042c1a352bb33e1aae
leather,dark,leather/color/013,1,1.1709537506103516,5148eb4aade700e5d9e671c10b7a3c454aefb6e29c75b3042c1a352bb33e1aae
leather,dark,leather/color/014,1,1.1966075897216797,5148eb4aade700e5d9e671c10b7a3c454aefb6e29c75b3042c1a352bb33e1aae
leather,dark,leather/color/015,1,1.1296547651290894,5148eb4aade700e5d9e671c10b7a3c454aefb6e29c75b3042c1a352bb33e1aae
leather,dark,leather/color/016,1,0.9799755215644836,5148eb4aade700e5d9e671c10b7a3c454aefb6e29c75b3042c1a352bb33e1aae
leather,dark,leather/color/017,1,0.8956432938575745,5148eb4aade700e5d9e671c10b7a3c454aefb6e29c75b3042c1a352bb33e1aae
leather,dark,leather/color/018,1,1.3001490831375122,5148eb4aade700e5d9e671c10b7a3c454aefb6e29c75b3042c1a352bb33e1aae
leather,dark,leather/cut/000,1,1.369958519935608,5148eb4aade700e5d9e671c10b7a3c454aefb6e29c75b3042c1a352bb33e1aae
leather,dark,leather/cut/001,1,1.2358813285827637,5148eb4aade700e5d9e671c10b7a3c454aefb6e29c75b3042c1a352bb33e1aae
leather,dark,leather/cut/002,1,1.3569056987762451,5148eb4aade700e5d9e671c10b7a3c454aefb6e29c75b3042c1a352bb33e1aae
leather,dark,leather/cut/003,1,1.1708711385726929,5148eb4aade700e5d9e671c10b7a3c454aefb6e29c75b3042c1a352bb33e1aae
leather,dark,leather/cut/004,1,0.9622484445571899,5148eb4aade700e5d9e671c10b7a3c454aefb6e29c75b3042c1a352bb33e1aae
leather,dark,leather/cut/005,1,1.4091895818710327,5148eb4aade700e5d9e671c10b7a3c454aefb6e29c75b3042c1a352bb33e1aae
leather,dark,leather/cut/006,1,1.2720214128494263,5148eb4aade700e5d9e671c10b7a3c454aefb6e29c75b3042c1a352bb33e1aae
leather,dark,leather/cut/007,1,1.2965718507766724,5148eb4aade700e5d9e671c10b7a3c454aefb6e29c75b3042c1a352bb33e1aae
leather,dark,leather/cut/008,1,0.92220139503479,5148eb4aade700e5d9e671c10b7a3c454aefb6e29c75b3042c1a352bb33e1aae
leather,dark,leather/cut/009,1,0.9840213656425476,5148eb4aade700e5d9e671c10b7a3c454aefb6e29c75b3042c1a352bb33e1aae
leather,dark,leather/cut/010,1,0.8887355923652649,5148eb4aade700e5d9e671c10b7a3c454aefb6e29c75b3042c1a352bb33e1aae
leather,dark,leather/cut/011,1,1.354620099067688,5148eb4aade700e5d9e671c10b7a3c454aefb6e29c75b3042c1a352bb33e1aae
leather,dark,leather/cut/012,1,0.9137886762619019,5148eb4aade700e5d9e671c10b7a3c454aefb6e29c75b3042c1a352bb33e1aae
leather,dark,leather/cut/013,1,0.9726826548576355,5148eb4aade700e5d9e671c10b7a3c454aefb6e29c75b3042c1a352bb33e1aae
leather,dark,leather/cut/014,1,1.4181785583496094,5148eb4aade700e5d9e671c10b7a3c454aefb6e29c75b3042c1a352bb33e1aae
leather,dark,leather/cut/015,1,1.344731092453003,5148eb4aade700e5d9e671c10b7a3c454aefb6e29c75b3042c1a352bb33e1aae
leather,dark,leather/cut/016,1,1.3549269437789917,5148eb4aade700e5d9e671c10b7a3c454aefb6e29c75b3042c1a352bb33e1aae
leather,dark,leather/cut/017,1,1.2583426237106323,5148eb4aade700e5d9e671c10b7a3c454aefb6e29c75b3042c1a352bb33e1aae
leather,dark,leather/cut/018,1,1.0803405046463013,5148eb4aade700e5d9e671c10b7a3c454aefb6e29c75b3042c1a352bb33e1aae
leather,dark,leather/fold/000,1,0.8904837369918823,5148eb4aade700e5d9e671c10b7a3c454aefb6e29c75b3042c1a352bb33e1aae
leather,dark,leather/fold/001,1,0.9438501000404358,5148eb4aade700e5d9e671c10b7a3c454aefb6e29c75b3042c1a352bb33e1aae
leather,dark,leather/fold/002,1,1.2570048570632935,5148eb4aade700e5d9e671c10b7a3c454aefb6e29c75b3042c1a352bb33e1aae
leather,dark,leather/fold/003,1,1.0477479696273804,5148eb4aade700e5d9e671c10b7a3c454aefb6e29c75b3042c1a352bb33e1aae
leather,dark,leather/fold/004,1,0.8657904267311096,5148eb4aade700e5d9e671c10b7a3c454aefb6e29c75b3042c1a352bb33e1aae
leather,dark,leather/fold/005,1,1.07024347782135,5148eb4aade700e5d9e671c10b7a3c454aefb6e29c75b3042c1a352bb33e1aae
leather,dark,leather/fold/006,1,0.8743529915809631,5148eb4aade700e5d9e671c10b7a3c454aefb6e29c75b3042c1a352bb33e1aae
leather,dark,leather/fold/007,1,1.011176586151123,5148eb4aade700e5d9e671c10b7a3c454aefb6e29c75b3042c1a352bb33e1aae
leather,dark,leather/fold/008,1,0.8965041041374207,5148eb4aade700e5d9e671c10b7a3c454aefb6e29c75b3042c1a352bb33e1aae
leather,dark,leather/fold/009,1,0.8963963389396667,5148eb4aade700e5d9e671c10b7a3c454aefb6e29c75b3042c1a352bb33e1aae
leather,dark,leather/fold/010,1,1.156375765800476,5148eb4aade700e5d9e671c10b7a3c454aefb6e29c75b3042c1a352bb33e1aae
leather,dark,leather/fold/011,1,1.0678688287734985,5148eb4aade700e5d9e671c10b7a3c454aefb6e29c75b3042c1a352bb33e1aae
leather,dark,leather/fold/012,1,1.1765084266662598,5148eb4aade700e5d9e671c10b7a3c454aefb6e29c75b3042c1a352bb33e1aae
leather,dark,leather/fold/013,1,0.9793943762779236,5148eb4aade700e5d9e671c10b7a3c454aefb6e29c75b3042c1a352bb33e1aae
leather,dark,leather/fold/014,1,0.9746889472007751,5148eb4aade700e5d9e671c10b7a3c454aefb6e29c75b3042c1a352bb33e1aae
leather,dark,leather/fold/015,1,0.7960594296455383,5148eb4aade700e5d9e671c10b7a3c454aefb6e29c75b3042c1a352bb33e1aae
leather,dark,leather/fold/016,1,1.0242811441421509,5148eb4aade700e5d9e671c10b7a3c454aefb6e29c75b3042c1a352bb33e1aae
leather,dark,leather/glue/000,1,1.340542197227478,5148eb4aade700e5d9e671c10b7a3c454aefb6e29c75b3042c1a352bb33e1aae
leather,dark,leather/glue/001,1,1.2729583978652954,5148eb4aade700e5d9e671c10b7a3c454aefb6e29c75b3042c1a352bb33e1aae
leather,dark,leather/glue/002,1,0.9191724061965942,5148eb4aade700e5d9e671c10b7a3c454aefb6e29c75b3042c1a352bb33e1aae
leather,dark,leather/glue/003,1,0.9569653868675232,5148eb4aade700e5d9e671c10b7a3c454aefb6e29c75b3042c1a352bb33e1aae
leather,dark,leather/glue/004,1,0.9146600961685181,5148eb4aade700e5d9e671c10b7a3c454aefb6e29c75b3042c1a352bb33e1aae
leather,dark,leather/glue/005,1,0.8807807564735413,5148eb4aade700e5d9e671c10b7a3c454aefb6e29c75b3042c1a352bb33e1aae
leather,dark,leather/glue/006,1,1.160649061203003,5148eb4aade700e5d9e671c10b7a3c454aefb6e29c75b3042c1a352bb33e1aae
leather,dark,leather/glue/007,1,1.5066430568695068,5148eb4aade700e5d9e671c10b7a3c454aefb6e29c75b3042c1a352bb33e1aae
leather,dark,leather/glue/008,1,1.0948588848114014,5148eb4aade700e5d9e671c10b7a3c454aefb6e29c75b3042c1a352bb33e1aae
leather,dark,leather/glue/009,1,1.0176525115966797,5148eb4aade700e5d9e671c10b7a3c454aefb6e29c75b3042c1a352bb33e1aae
leather,dark,leather/glue/010,1,0.9568495750427246,5148eb4aade700e5d9e671c10b7a3c454aefb6e29c75b3042c1a352bb33e1aae
leather,dark,leather/glue/011,1,1.140413761138916,5148eb4aade700e5d9e671c10b7a3c454aefb6e29c75b3042c1a352bb33e1aae
leather,dark,leather/glue/012,1,1.2026255130767822,5148eb4aade700e5d9e671c10b7a3c454aefb6e29c75b3042c1a352bb33e1aae
leather,dark,leather/glue/013,1,1.074497938156128,5148eb4aade700e5d9e671c10b7a3c454aefb6e29c75b3042c1a352bb33e1aae
leather,dark,leather/glue/014,1,1.3425931930541992,5148eb4aade700e5d9e671c10b7a3c454aefb6e29c75b3042c1a352bb33e1aae
leather,dark,leather/glue/015,1,1.1571274995803833,5148eb4aade700e5d9e671c10b7a3c454aefb6e29c75b3042c1a352bb33e1aae
leather,dark,leather/glue/016,1,1.2339093685150146,5148eb4aade700e5d9e671c10b7a3c454aefb6e29c75b3042c1a352bb33e1aae
leather,dark,leather/glue/017,1,0.908688485622406,5148eb4aade700e5d9e671c10b7a3c454aefb6e29c75b3042c1a352bb33e1aae
leather,dark,leather/glue/018,1,1.151283860206604,5148eb4aade700e5d9e671c10b7a3c454aefb6e29c75b3042c1a352bb33e1aae
leather,dark,leather/good/000,0,1.0930287837982178,5148eb4aade700e5d9e671c10b7a3c454aefb6e29c75b3042c1a352bb33e1aae
leather,dark,leather/good/001,0,1.3288295269012451,5148eb4aade700e5d9e671c10b7a3c454aefb6e29c75b3042c1a352bb33e1aae
leather,dark,leather/good/002,0,0.9071307182312012,5148eb4aade700e5d9e671c10b7a3c454aefb6e29c75b3042c1a352bb33e1aae
leather,dark,leather/good/003,0,1.028342604637146,5148eb4aade700e5d9e671c10b7a3c454aefb6e29c75b3042c1a352bb33e1aae
leather,dark,leather/good/004,0,1.032300353050232,5148eb4aade700e5d9e671c10b7a3c454aefb6e29c75b3042c1a352bb33e1aae
leather,dark,leather/good/005,0,0.8916397094726562,5148eb4aade700e5d9e671c10b7a3c454aefb6e29c75b3042c1a352bb33e1aae
leather,dark,leather/good/006,0,1.2596235275268555,5148eb4aade700e5d9e671c10b7a3c454aefb6e29c75b3042c1a352bb33e1aae
leather,dark,leather/good/007,0,1.0949140787124634,5148eb4aade700e5d9e671c10b7a3c454aefb6e29c75b3042c1a352bb33e1aae
leather,dark,leather/good/008,0,0.9023939967155457,5148eb4aade700e5d9e671c10b7a3c454aefb6e29c75b3042c1a352bb33e1aae
leather,dark,leather/good/009,0,1.138335943222046,5148eb4aade700e5d9e671c10b7a3c454aefb6e29c75b3042c1a352bb33e1aae
leather,dark,leather/good/010,0,1.1094597578048706,5148eb4aade700e5d9e671c10b7a3c454aefb6e29c75b3042c1a352bb33e1aae
leather,dark,leather/good/011,0,1.0399978160858154,5148eb4aade700e5d9e671c10b7a3c454aefb6e29c75b3042c1a352bb33e1aae
leather,dark,leather/good/012,0,1.0077426433563232,5148eb4aade700e5d9e671c10b7a3c454aefb6e29c75b3042c1a352bb33e1aae
leather,dark,leather/good/013,0,1.1339432001113892,5148eb4aade700e5d9e671c10b7a3c454aefb6e29c75b3042c1a352bb33e1aae
leather,dark,leather/good/014,0,1.0029925107955933,5148eb4aade700e5d9e671c10b7a3c454aefb6e29c75b3042c1a352bb33e1aae
leather,dark,leather/good/015,0,0.9497580528259277,5148eb4aade700e5d9e671c10b7a3c454aefb6e29c75b3042c1a352bb33e1aae
leather,dark,leather/good/016,0,0.9934723973274231,5148eb4aade700e5d9e671c10b7a3c454aefb6e29c75b3042c1a352bb33e1aae
leather,dark,leather/good/017,0,0.9259889125823975,5148eb4aade700e5d9e671c10b7a3c454aefb6e29c75b3042c1a352bb33e1aae
leather,dark,leather/good/018,0,1.276368498802185,5148eb4aade700e5d9e671c10b7a3c454aefb6e29c75b3042c1a352bb33e1aae
leather,dark,leather/good/019,0,0.9198306798934937,5148eb4aade700e5d9e671c10b7a3c454aefb6e29c75b3042c1a352bb33e1aae
leather,dark,leather/good/020,0,1.0045092105865479,5148eb4aade700e5d9e671c10b7a3c454aefb6e29c75b3042c1a352bb33e1aae
leather,dark,leather/good/021,0,1.207687497138977,5148eb4aade700e5d9e671c10b7a3c454aefb6e29c75b3042c1a352bb33e1aae
leather,dark,leather/good/022,0,1.0140317678451538,5148eb4aade700e5d9e671c10b7a3c454aefb6e29c75b3042c1a352bb33e1aae
leather,dark,leather/good/023,0,0.9044033885002136,5148eb4aade700e5d9e671c10b7a3c454aefb6e29c75b3042c1a352bb33e1aae
leather,dark,leather/good/024,0,1.1717243194580078,5148eb4aade700e5d9e671c10b7a3c454aefb6e29c75b3042c1a352bb33e1aae
leather,dark,leather/good/025,0,1.1453808546066284,5148eb4aade700e5d9e671c10b7a3c454aefb6e29c75b3042c1a352bb33e1aae
leather,dark,leather/good/026,0,1.1006404161453247,5148eb4aade700e5d9e671c10b7a3c454aefb6e29c75b3042c1a352bb33e1aae
leather,dark,leather/good/027,0,0.9324763417243958,5148eb4aade700e5d9e671c10b7a3c454aefb6e29c75b3042c1a352bb33e1aae
leather,dark,leather/good/028,0,0.9134246110916138,5148eb4aade700e5d9e671c10b7a3c454aefb6e29c75b3042c1a352bb33e1aae
leather,dark,leather/good/029,0,0.9857604503631592,5148eb4aade700e5d9e671c10b7a3c454aefb6e29c75b3042c1a352bb33e1aae
leather,dark,leather/good/030,0,1.1669811010360718,5148eb4aade700e5d9e671c10b7a3c454aefb6e29c75b3042c1a352bb33e1aae
leather,dark,leather/good/031,0,1.029316782951355,5148eb4aade700e5d9e671c10b7a3c454aefb6e29c75b3042c1a352bb33e1aae
leather,dark,leather/poke/000,1,1.1393818855285645,5148eb4aade700e5d9e671c10b7a3c454aefb6e29c75b3042c1a352bb33e1aae
leather,dark,leather/poke/001,1,1.1240360736846924,5148eb4aade700e5d9e671c10b7a3c454aefb6e29c75b3042c1a352bb33e1aae
leather,dark,leather/poke/002,1,1.2233597040176392,5148eb4aade700e5d9e671c10b7a3c454aefb6e29c75b3042c1a352bb33e1aae
leather,dark,leather/poke/003,1,0.9680071473121643,5148eb4aade700e5d9e671c10b7a3c454aefb6e29c75b3042c1a352bb33e1aae
leather,dark,leather/poke/004,1,1.111649513244629,5148eb4aade700e5d9e671c10b7a3c454aefb6e29c75b3042c1a352bb33e1aae
leather,dark,leather/poke/005,1,1.0136001110076904,5148eb4aade700e5d9e671c10b7a3c454aefb6e29c75b3042c1a352bb33e1aae
leather,dark,leather/poke/006,1,0.8562566637992859,5148eb4aade700e5d9e671c10b7a3c454aefb6e29c75b3042c1a352bb33e1aae
leather,dark,leather/poke/007,1,1.1561083793640137,5148eb4aade700e5d9e671c10b7a3c454aefb6e29c75b3042c1a352bb33e1aae
leather,dark,leather/poke/008,1,1.2292290925979614,5148eb4aade700e5d9e671c10b7a3c454aefb6e29c75b3042c1a352bb33e1aae
leather,dark,leather/poke/009,1,0.882360577583313,5148eb4aade700e5d9e671c10b7a3c454aefb6e29c75b3042c1a352bb33e1aae
leather,dark,leather/poke/010,1,0.8726962804794312,5148eb4aade700e5d9e671c10b7a3c454aefb6e29c75b3042c1a352bb33e1aae
leather,dark,leather/poke/011,1,1.2065789699554443,5148eb4aade700e5d9e671c10b7a3c454aefb6e29c75b3042c1a352bb33e1aae
leather,dark,leather/poke/012,1,1.048638105392456,5148eb4aade700e5d9e671c10b7a3c454aefb6e29c75b3042c1a352bb33e1aae
leather,dark,leather/poke/013,1,0.8790051937103271,5148eb4aade700e5d9e671c10b7a3c454aefb6e29c75b3042c1a352bb33e1aae
leather,dark,leather/poke/014,1,0.9790619611740112,5148eb4aade700e5d9e671c10b7a3c454aefb6e29c75b3042c1a352bb33e1aae
leather,dark,leather/poke/015,1,0.8664177656173706,5148eb4aade700e5d9e671c10b7a3c454aefb6e29c75b3042c1a352bb33e1aae
leather,dark,leather/poke/016,1,0.7871888279914856,5148eb4aade700e5d9e671c10b7a3c454aefb6e29c75b3042c1a352bb33e1aae
leather,dark,leather/poke/017,1,1.085082769393921,5148eb4aade700e5d9e671c10b7a3c454aefb6e29c75b3042c1a352bb33e1aae
leather,mirnetv2,leather/color/000,1,1.03693687915802,5148eb4aade700e5d9e671c10b7a3c454aefb6e29c75b3042c1a352bb33e1aae
leather,mirnetv2,leather/color/001,1,0.9177300930023193,5148eb4aade700e5d9e671c10b7a3c454aefb6e29c75b3042c1a352bb33e1aae
leather,mirnetv2,leather/color/002,1,1.007689118385315,5148eb4aade700e5d9e671c10b7a3c454aefb6e29c75b3042c1a352bb33e1aae
leather,mirnetv2,leather/color/003,1,1.0059672594070435,5148eb4aade700e5d9e671c10b7a3c454aefb6e29c75b3042c1a352bb33e1aae
leather,mirnetv2,leather/color/004,1,0.9850607514381409,5148eb4aade700e5d9e671c10b7a3c454aefb6e29c75b3042c1a352bb33e1aae
leather,mirnetv2,leather/color/005,1,0.778587818145752,5148eb4aade700e5d9e671c10b7a3c454aefb6e29c75b3042c1a352bb33e1aae
leather,mirnetv2,leather/color/006,1,1.08647620677948,5148eb4aade700e5d9e671c10b7a3c454aefb6e29c75b3042c1a352bb33e1aae
leather,mirnetv2,leather/color/007,1,0.7837445735931396,5148eb4aade700e5d9e671c10b7a3c454aefb6e29c75b3042c1a352bb33e1aae
leather,mirnetv2,leather/color/008,1,0.8742347359657288,5148eb4aade700e5d9e671c10b7a3c454aefb6e29c75b3042c1a352bb33e1aae
leather,mirnetv2,leather/color/009,1,0.8329132199287415,5148eb4aade700e5d9e671c10b7a3c454aefb6e29c75b3042c1a352bb33e1aae
leather,mirnetv2,leather/color/010,1,0.9767922163009644,5148eb4aade700e5d9e671c10b7a3c454aefb6e29c75b3042c1a352bb33e1aae
leather,mirnetv2,leather/color/011,1,1.1664800643920898,5148eb4aade700e5d9e671c10b7a3c454aefb6e29c75b3042c1a352bb33e1aae
leather,mirnetv2,leather/color/012,1,1.1650627851486206,5148eb4aade700e5d9e671c10b7a3c454aefb6e29c75b3042c1a352bb33e1aae
leather,mirnetv2,leather/color/013,1,1.2058696746826172,5148eb4aade700e5d9e671c10b7a3c454aefb6e29c75b3042c1a352bb33e1aae
leather,mirnetv2,leather/color/014,1,1.07771635055542,5148eb4aade700e5d9e671c10b7a3c454aefb6e29c75b3042c1a352bb33e1aae
leather,mirnetv2,leather/color/015,1,1.11459481716156,5148eb4aade700e5d9e671c10b7a3c454aefb6e29c75b3042c1a352bb33e1aae
leather,mirnetv2,leather/color/016,1,1.0407567024230957,5148eb4aade700e5d9e671c10b7a3c454aefb6e29c75b3042c1a352bb33e1aae
leather,mirnetv2,leather/color/017,1,0.9685200452804565,5148eb4aade700e5d9e671c10b7a3c454aefb6e29c75b3042c1a352bb33e1aae
leather,mirnetv2,leather/color/018,1,1.2849639654159546,5148eb4aade700e5d9e671c10b7a3c454aefb6e29c75b3042c1a352bb33e1aae
leather,mirnetv2,leather/cut/000,1,1.2312248945236206,5148eb4aade700e5d9e671c10b7a3c454aefb6e29c75b3042c1a352bb33e1aae
leather,mirnetv2,leather/cut/001,1,1.1441235542297363,5148eb4aade700e5d9e671c10b7a3c454aefb6e29c75b3042c1a352bb33e1aae
leather,mirnetv2,leather/cut/002,1,1.2832268476486206,5148eb4aade700e5d9e671c10b7a3c454aefb6e29c75b3042c1a352bb33e1aae
leather,mirnetv2,leather/cut/003,1,1.093811273574829,5148eb4aade700e5d9e671c10b7a3c454aefb6e29c75b3042c1a352bb33e1aae
leather,mirnetv2,leather/cut/004,1,0.8832982778549194,5148eb4aade700e5d9e671c10b7a3c454aefb6e29c75b3042c1a352bb33e1aae
leather,mirnetv2,leather/cut/005,1,1.1068480014801025,5148eb4aade700e5d9e671c10b7a3c454aefb6e29c75b3042c1a352bb33e1aae
leather,mirnetv2,leather/cut/006,1,1.1014347076416016,5148eb4aade700e5d9e671c10b7a3c454aefb6e29c75b3042c1a352bb33e1aae
leather,mirnetv2,leather/cut/007,1,1.1083563566207886,5148eb4aade700e5d9e671c10b7a3c454aefb6e29c75b3042c1a352bb33e1aae
leather,mirnetv2,leather/cut/008,1,0.9138509035110474,5148eb4aade700e5d9e671c10b7a3c454aefb6e29c75b3042c1a352bb33e1aae
leather,mirnetv2,leather/cut/009,1,0.8884017467498779,5148eb4aade700e5d9e671c10b7a3c454aefb6e29c75b3042c1a352bb33e1aae
leather,mirnetv2,leather/cut/010,1,1.0444217920303345,5148eb4aade700e5d9e671c10b7a3c454aefb6e29c75b3042c1a352bb33e1aae
leather,mirnetv2,leather/cut/011,1,1.0637630224227905,5148eb4aade700e5d9e671c10b7a3c454aefb6e29c75b3042c1a352bb33e1aae
leather,mirnetv2,leather/cut/012,1,0.8368234038352966,5148eb4aade700e5d9e671c10b7a3c454aefb6e29c75b3042c1a352bb33e1aae
leather,mirnetv2,leather/cut/013,1,1.1295974254608154,5148eb4aade700e5d9e671c10b7a3c454aefb6e29c75b3042c1a352bb33e1aae
leather,mirnetv2,leather/cut/014,1,1.2189964056015015,5148eb4aade700e5d9e671c10b7a3c454aefb6e29c75b3042c1a352bb33e1aae
leather,mirnetv2,leather/cut/015,1,1.1184121370315552,5148eb4aade700e5d9e671c10b7a3c454aefb6e29c75b3042c1a352bb33e1aae
leather,mirnetv2,leather/cut/016,1,1.146323561668396,5148eb4aade700e5d9e671c10b7a3c454aefb6e29c75b3042c1a352bb33e1aae
leather,mirnetv2,leather/cut/017,1,1.125762939453125,5148eb4aade700e5d9e671c10b7a3c454aefb6e29c75b3042c1a352bb33e1aae
leather,mirnetv2,leather/cut/018,1,0.9428694248199463,5148eb4aade700e5d9e671c10b7a3c454aefb6e29c75b3042c1a352bb33e1aae
leather,mirnetv2,leather/fold/000,1,0.9095820188522339,5148eb4aade700e5d9e671c10b7a3c454aefb6e29c75b3042c1a352bb33e1aae
leather,mirnetv2,leather/fold/001,1,0.7937481999397278,5148eb4aade700e5d9e671c10b7a3c454aefb6e29c75b3042c1a352bb33e1aae
leather,mirnetv2,leather/fold/002,1,1.0959179401397705,5148eb4aade700e5d9e671c10b7a3c454aefb6e29c75b3042c1a352bb33e1aae
leather,mirnetv2,leather/fold/003,1,0.8809114694595337,5148eb4aade700e5d9e671c10b7a3c454aefb6e29c75b3042c1a352bb33e1aae
leather,mirnetv2,leather/fold/004,1,0.7243167161941528,5148eb4aade700e5d9e671c10b7a3c454aefb6e29c75b3042c1a352bb33e1aae
leather,mirnetv2,leather/fold/005,1,1.1604719161987305,5148eb4aade700e5d9e671c10b7a3c454aefb6e29c75b3042c1a352bb33e1aae
leather,mirnetv2,leather/fold/006,1,0.8548744320869446,5148eb4aade700e5d9e671c10b7a3c454aefb6e29c75b3042c1a352bb33e1aae
leather,mirnetv2,leather/fold/007,1,1.1611089706420898,5148eb4aade700e5d9e671c10b7a3c454aefb6e29c75b3042c1a352bb33e1aae
leather,mirnetv2,leather/fold/008,1,0.9734517931938171,5148eb4aade700e5d9e671c10b7a3c454aefb6e29c75b3042c1a352bb33e1aae
leather,mirnetv2,leather/fold/009,1,0.8320174217224121,5148eb4aade700e5d9e671c10b7a3c454aefb6e29c75b3042c1a352bb33e1aae
leather,mirnetv2,leather/fold/010,1,1.052158236503601,5148eb4aade700e5d9e671c10b7a3c454aefb6e29c75b3042c1a352bb33e1aae
leather,mirnetv2,leather/fold/011,1,0.9106903076171875,5148eb4aade700e5d9e671c10b7a3c454aefb6e29c75b3042c1a352bb33e1aae
leather,mirnetv2,leather/fold/012,1,1.2589497566223145,5148eb4aade700e5d9e671c10b7a3c454aefb6e29c75b3042c1a352bb33e1aae
leather,mirnetv2,leather/fold/013,1,0.8061527013778687,5148eb4aade700e5d9e671c10b7a3c454aefb6e29c75b3042c1a352bb33e1aae
leather,mirnetv2,leather/fold/014,1,0.8128973841667175,5148eb4aade700e5d9e671c10b7a3c454aefb6e29c75b3042c1a352bb33e1aae
leather,mirnetv2,leather/fold/015,1,0.8628203272819519,5148eb4aade700e5d9e671c10b7a3c454aefb6e29c75b3042c1a352bb33e1aae
leather,mirnetv2,leather/fold/016,1,0.9310057163238525,5148eb4aade700e5d9e671c10b7a3c454aefb6e29c75b3042c1a352bb33e1aae
leather,mirnetv2,leather/glue/000,1,1.0433167219161987,5148eb4aade700e5d9e671c10b7a3c454aefb6e29c75b3042c1a352bb33e1aae
leather,mirnetv2,leather/glue/001,1,1.199863076210022,5148eb4aade700e5d9e671c10b7a3c454aefb6e29c75b3042c1a352bb33e1aae
leather,mirnetv2,leather/glue/002,1,0.9175768494606018,5148eb4aade700e5d9e671c10b7a3c454aefb6e29c75b3042c1a352bb33e1aae
leather,mirnetv2,leather/glue/003,1,1.0692225694656372,5148eb4aade700e5d9e671c10b7a3c454aefb6e29c75b3042c1a352bb33e1aae
leather,mirnetv2,leather/glue/004,1,1.1172146797180176,5148eb4aade700e5d9e671c10b7a3c454aefb6e29c75b3042c1a352bb33e1aae
leather,mirnetv2,leather/glue/005,1,0.8418548703193665,5148eb4aade700e5d9e671c10b7a3c454aefb6e29c75b3042c1a352bb33e1aae
leather,mirnetv2,leather/glue/006,1,1.1463830471038818,5148eb4aade700e5d9e671c10b7a3c454aefb6e29c75b3042c1a352bb33e1aae
leather,mirnetv2,leather/glue/007,1,1.2760735750198364,5148eb4aade700e5d9e671c10b7a3c454aefb6e29c75b3042c1a352bb33e1aae
leather,mirnetv2,leather/glue/008,1,0.9990362524986267,5148eb4aade700e5d9e671c10b7a3c454aefb6e29c75b3042c1a352bb33e1aae
leather,mirnetv2,leather/glue/009,1,0.9950093626976013,5148eb4aade700e5d9e671c10b7a3c454aefb6e29c75b3042c1a352bb33e1aae
leather,mirnetv2,leather/glue/010,1,0.834165632724762,5148eb4aade700e5d9e671c10b7a3c454aefb6e29c75b3042c1a352bb33e1aae
leather,mirnetv2,leather/glue/011,1,1.0013582706451416,5148eb4aade700e5d9e671c10b7a3c454aefb6e29c75b3042c1a352bb33e1aae
leather,mirnetv2,leather/glue/012,1,1.2228232622146606,5148eb4aade700e5d9e671c10b7a3c454aefb6e29c75b3042c1a352bb33e1aae
leather,mirnetv2,leather/glue/013,1,1.1482000350952148,5148eb4aade700e5d9e671c10b7a3c454aefb6e29c75b3042c1a352bb33e1aae
leather,mirnetv2,leather/glue/014,1,1.1599820852279663,5148eb4aade700e5d9e671c10b7a3c454aefb6e29c75b3042c1a352bb33e1aae
leather,mirnetv2,leather/glue/015,1,0.9825108051300049,5148eb4aade700e5d9e671c10b7a3c454aefb6e29c75b3042c1a352bb33e1aae
leather,mirnetv2,leather/glue/016,1,1.2685537338256836,5148eb4aade700e5d9e671c10b7a3c454aefb6e29c75b3042c1a352bb33e1aae
leather,mirnetv2,leather/glue/017,1,1.030795931816101,5148eb4aade700e5d9e671c10b7a3c454aefb6e29c75b3042c1a352bb33e1aae
leather,mirnetv2,leather/glue/018,1,1.1565730571746826,5148eb4aade700e5d9e671c10b7a3c454aefb6e29c75b3042c1a352bb33e1aae
leather,mirnetv2,leather/good/000,0,1.0947983264923096,5148eb4aade700e5d9e671c10b7a3c454aefb6e29c75b3042c1a352bb33e1aae
leather,mirnetv2,leather/good/001,0,1.3174442052841187,5148eb4aade700e5d9e671c10b7a3c454aefb6e29c75b3042c1a352bb33e1aae
leather,mirnetv2,leather/good/002,0,1.0291754007339478,5148eb4aade700e5d9e671c10b7a3c454aefb6e29c75b3042c1a352bb33e1aae
leather,mirnetv2,leather/good/003,0,0.8060652613639832,5148eb4aade700e5d9e671c10b7a3c454aefb6e29c75b3042c1a352bb33e1aae
leather,mirnetv2,leather/good/004,0,0.8306269645690918,5148eb4aade700e5d9e671c10b7a3c454aefb6e29c75b3042c1a352bb33e1aae
leather,mirnetv2,leather/good/005,0,0.8595020771026611,5148eb4aade700e5d9e671c10b7a3c454aefb6e29c75b3042c1a352bb33e1aae
leather,mirnetv2,leather/good/006,0,1.2132951021194458,5148eb4aade700e5d9e671c10b7a3c454aefb6e29c75b3042c1a352bb33e1aae
leather,mirnetv2,leather/good/007,0,0.8914995789527893,5148eb4aade700e5d9e671c10b7a3c454aefb6e29c75b3042c1a352bb33e1aae
leather,mirnetv2,leather/good/008,0,0.8446815609931946,5148eb4aade700e5d9e671c10b7a3c454aefb6e29c75b3042c1a352bb33e1aae
leather,mirnetv2,leather/good/009,0,1.1085572242736816,5148eb4aade700e5d9e671c10b7a3c454aefb6e29c75b3042c1a352bb33e1aae
leather,mirnetv2,leather/good/010,0,0.9153401255607605,5148eb4aade700e5d9e671c10b7a3c454aefb6e29c75b3042c1a352bb33e1aae
leather,mirnetv2,leather/good/011,0,0.8299794793128967,5148eb4aade700e5d9e671c10b7a3c454aefb6e29c75b3042c1a352bb33e1aae
leather,mirnetv2,leather/good/012,0,0.8507207632064819,5148eb4aade700e5d9e671c10b7a3c454aefb6e29c75b3042c1a352bb33e1aae
leather,mirnetv2,leather/good/013,0,0.9557111859321594,5148eb4aade700e5d9e671c10b7a3c454aefb6e29c75b3042c1a352bb33e1aae
leather,mirnetv2,leather/good/014,0,1.1594765186309814,5148eb4aade700e5d9e671c10b7a3c454aefb6e29c75b3042c1a352bb33e1aae
leather,mirnetv2,leather/good/015,0,1.1079761981964111,5148eb4aade700e5d9e671c10b7a3c454aefb6e29c75b3042c1a352bb33e1aae
leather,mirnetv2,leather/good/016,0,1.000144124031067,5148eb4aade700e5d9e671c10b7a3c454aefb6e29c75b3042c1a352bb33e1aae
leather,mirnetv2,leather/good/017,0,1.0378382205963135,5148eb4aade700e5d9e671c10b7a3c454aefb6e29c75b3042c1a352bb33e1aae
leather,mirnetv2,leather/good/018,0,1.0619862079620361,5148eb4aade700e5d9e671c10b7a3c454aefb6e29c75b3042c1a352bb33e1aae
leather,mirnetv2,leather/good/019,0,0.824687659740448,5148eb4aade700e5d9e671c10b7a3c454aefb6e29c75b3042c1a352bb33e1aae
leather,mirnetv2,leather/good/020,0,0.9609054327011108,5148eb4aade700e5d9e671c10b7a3c454aefb6e29c75b3042c1a352bb33e1aae
leather,mirnetv2,leather/good/021,0,1.1909198760986328,5148eb4aade700e5d9e671c10b7a3c454aefb6e29c75b3042c1a352bb33e1aae
leather,mirnetv2,leather/good/022,0,0.9137377142906189,5148eb4aade700e5d9e671c10b7a3c454aefb6e29c75b3042c1a352bb33e1aae
leather,mirnetv2,leather/good/023,0,0.7840632200241089,5148eb4aade700e5d9e671c10b7a3c454aefb6e29c75b3042c1a352bb33e1aae
leather,mirnetv2,leather/good/024,0,1.0734891891479492,5148eb4aade700e5d9e671c10b7a3c454aefb6e29c75b3042c1a352bb33e1aae
leather,mirnetv2,leather/good/025,0,1.2022080421447754,5148eb4aade700e5d9e671c10b7a3c454aefb6e29c75b3042c1a352bb33e1aae
leather,mirnetv2,leather/good/026,0,0.9811649918556213,5148eb4aade700e5d9e671c10b7a3c454aefb6e29c75b3042c1a352bb33e1aae
leather,mirnetv2,leather/good/027,0,1.0581750869750977,5148eb4aade700e5d9e671c10b7a3c454aefb6e29c75b3042c1a352bb33e1aae
leather,mirnetv2,leather/good/028,0,0.9507872462272644,5148eb4aade700e5d9e671c10b7a3c454aefb6e29c75b3042c1a352bb33e1aae
leather,mirnetv2,leather/good/029,0,0.8625342845916748,5148eb4aade700e5d9e671c10b7a3c454aefb6e29c75b3042c1a352bb33e1aae
leather,mirnetv2,leather/good/030,0,0.9791064262390137,5148eb4aade700e5d9e671c10b7a3c454aefb6e29c75b3042c1a352bb33e1aae
leather,mirnetv2,leather/good/031,0,0.9891113042831421,5148eb4aade700e5d9e671c10b7a3c454aefb6e29c75b3042c1a352bb33e1aae
leather,mirnetv2,leather/poke/000,1,1.2169337272644043,5148eb4aade700e5d9e671c10b7a3c454aefb6e29c75b3042c1a352bb33e1aae
leather,mirnetv2,leather/poke/001,1,1.0702301263809204,5148eb4aade700e5d9e671c10b7a3c454aefb6e29c75b3042c1a352bb33e1aae
leather,mirnetv2,leather/poke/002,1,1.167884111404419,5148eb4aade700e5d9e671c10b7a3c454aefb6e29c75b3042c1a352bb33e1aae
leather,mirnetv2,leather/poke/003,1,0.9558210372924805,5148eb4aade700e5d9e671c10b7a3c454aefb6e29c75b3042c1a352bb33e1aae
leather,mirnetv2,leather/poke/004,1,1.0845640897750854,5148eb4aade700e5d9e671c10b7a3c454aefb6e29c75b3042c1a352bb33e1aae
leather,mirnetv2,leather/poke/005,1,0.9295551180839539,5148eb4aade700e5d9e671c10b7a3c454aefb6e29c75b3042c1a352bb33e1aae
leather,mirnetv2,leather/poke/006,1,1.0146870613098145,5148eb4aade700e5d9e671c10b7a3c454aefb6e29c75b3042c1a352bb33e1aae
leather,mirnetv2,leather/poke/007,1,1.0100510120391846,5148eb4aade700e5d9e671c10b7a3c454aefb6e29c75b3042c1a352bb33e1aae
leather,mirnetv2,leather/poke/008,1,1.1243107318878174,5148eb4aade700e5d9e671c10b7a3c454aefb6e29c75b3042c1a352bb33e1aae
leather,mirnetv2,leather/poke/009,1,0.8837798237800598,5148eb4aade700e5d9e671c10b7a3c454aefb6e29c75b3042c1a352bb33e1aae
leather,mirnetv2,leather/poke/010,1,0.9264037013053894,5148eb4aade700e5d9e671c10b7a3c454aefb6e29c75b3042c1a352bb33e1aae
leather,mirnetv2,leather/poke/011,1,1.0963730812072754,5148eb4aade700e5d9e671c10b7a3c454aefb6e29c75b3042c1a352bb33e1aae
leather,mirnetv2,leather/poke/012,1,0.9518411755561829,5148eb4aade700e5d9e671c10b7a3c454aefb6e29c75b3042c1a352bb33e1aae
leather,mirnetv2,leather/poke/013,1,0.8487313985824585,5148eb4aade700e5d9e671c10b7a3c454aefb6e29c75b3042c1a352bb33e1aae
leather,mirnetv2,leather/poke/014,1,0.8016492128372192,5148eb4aade700e5d9e671c10b7a3c454aefb6e29c75b3042c1a352bb33e1aae
leather,mirnetv2,leather/poke/015,1,0.8412386178970337,5148eb4aade700e5d9e671c10b7a3c454aefb6e29c75b3042c1a352bb33e1aae
leather,mirnetv2,leather/poke/016,1,0.7970852851867676,5148eb4aade700e5d9e671c10b7a3c454aefb6e29c75b3042c1a352bb33e1aae
leather,mirnetv2,leather/poke/017,1,1.0464050769805908,5148eb4aade700e5d9e671c10b7a3c454aefb6e29c75b3042c1a352bb33e1aae
leather,icra,leather/color/000,1,0.48468706011772156,5148eb4aade700e5d9e671c10b7a3c454aefb6e29c75b3042c1a352bb33e1aae
leather,icra,leather/color/001,1,0.483115553855896,5148eb4aade700e5d9e671c10b7a3c454aefb6e29c75b3042c1a352bb33e1aae
leather,icra,leather/color/002,1,0.5584961771965027,5148eb4aade700e5d9e671c10b7a3c454aefb6e29c75b3042c1a352bb33e1aae
leather,icra,leather/color/003,1,0.5506434440612793,5148eb4aade700e5d9e671c10b7a3c454aefb6e29c75b3042c1a352bb33e1aae
leather,icra,leather/color/004,1,0.40884509682655334,5148eb4aade700e5d9e671c10b7a3c454aefb6e29c75b3042c1a352bb33e1aae
leather,icra,leather/color/005,1,0.44556209444999695,5148eb4aade700e5d9e671c10b7a3c454aefb6e29c75b3042c1a352bb33e1aae
leather,icra,leather/color/006,1,0.5592129230499268,5148eb4aade700e5d9e671c10b7a3c454aefb6e29c75b3042c1a352bb33e1aae
leather,icra,leather/color/007,1,0.45170706510543823,5148eb4aade700e5d9e671c10b7a3c454aefb6e29c75b3042c1a352bb33e1aae
leather,icra,leather/color/008,1,0.4988168478012085,5148eb4aade700e5d9e671c10b7a3c454aefb6e29c75b3042c1a352bb33e1aae
leather,icra,leather/color/009,1,0.4291542172431946,5148eb4aade700e5d9e671c10b7a3c454aefb6e29c75b3042c1a352bb33e1aae
leather,icra,leather/color/010,1,0.5234344005584717,5148eb4aade700e5d9e671c10b7a3c454aefb6e29c75b3042c1a352bb33e1aae
leather,icra,leather/color/011,1,0.5735530257225037,5148eb4aade700e5d9e671c10b7a3c454aefb6e29c75b3042c1a352bb33e1aae
leather,icra,leather/color/012,1,0.6257615685462952,5148eb4aade700e5d9e671c10b7a3c454aefb6e29c75b3042c1a352bb33e1aae
leather,icra,leather/color/013,1,0.5565920472145081,5148eb4aade700e5d9e671c10b7a3c454aefb6e29c75b3042c1a352bb33e1aae
leather,icra,leather/color/014,1,0.5643423795700073,5148eb4aade700e5d9e671c10b7a3c454aefb6e29c75b3042c1a352bb33e1aae
leather,icra,leather/color/015,1,0.5599843263626099,5148eb4aade700e5d9e671c10b7a3c454aefb6e29c75b3042c1a352bb33e1aae
leather,icra,leather/color/016,1,0.45999595522880554,5148eb4aade700e5d9e671c10b7a3c454aefb6e29c75b3042c1a352bb33e1aae
leather,icra,leather/color/017,1,0.4395478069782257,5148eb4aade700e5d9e671c10b7a3c454aefb6e29c75b3042c1a352bb33e1aae
leather,icra,leather/color/018,1,0.6203235387802124,5148eb4aade700e5d9e671c10b7a3c454aefb6e29c75b3042c1a352bb33e1aae
leather,icra,leather/cut/000,1,0.6629032492637634,5148eb4aade700e5d9e671c10b7a3c454aefb6e29c75b3042c1a352bb33e1aae
leather,icra,leather/cut/001,1,0.6299636960029602,5148eb4aade700e5d9e671c10b7a3c454aefb6e29c75b3042c1a352bb33e1aae
leather,icra,leather/cut/002,1,0.7079031467437744,5148eb4aade700e5d9e671c10b7a3c454aefb6e29c75b3042c1a352bb33e1aae
leather,icra,leather/cut/003,1,0.6112966537475586,5148eb4aade700e5d9e671c10b7a3c454aefb6e29c75b3042c1a352bb33e1aae
leather,icra,leather/cut/004,1,0.5030189752578735,5148eb4aade700e5d9e671c10b7a3c454aefb6e29c75b3042c1a352bb33e1aae
leather,icra,leather/cut/005,1,0.6260105967521667,5148eb4aade700e5d9e671c10b7a3c454aefb6e29c75b3042c1a352bb33e1aae
leather,icra,leather/cut/006,1,0.6085801124572754,5148eb4aade700e5d9e671c10b7a3c454aefb6e29c75b3042c1a352bb33e1aae
leather,icra,leather/cut/007,1,0.6489437818527222,5148eb4aade700e5d9e671c10b7a3c454aefb6e29c75b3042c1a352bb33e1aae
leather,icra,leather/cut/008,1,0.49900785088539124,5148eb4aade700e5d9e671c10b7a3c454aefb6e29c75b3042c1a352bb33e1aae
leather,icra,leather/cut/009,1,0.47756749391555786,5148eb4aade700e5d9e671c10b7a3c454aefb6e29c75b3042c1a352bb33e1aae
leather,icra,leather/cut/010,1,0.3890758454799652,5148eb4aade700e5d9e671c10b7a3c454aefb6e29c75b3042c1a352bb33e1aae
leather,icra,leather/cut/011,1,0.6252923011779785,5148eb4aade700e5d9e671c10b7a3c454aefb6e29c75b3042c1a352bb33e1aae
leather,icra,leather/cut/012,1,0.4341607987880707,5148eb4aade700e5d9e671c10b7a3c454aefb6e29c75b3042c1a352bb33e1aae
leather,icra,leather/cut/013,1,0.4784371256828308,5148eb4aade700e5d9e671c10b7a3c454aefb6e29c75b3042c1a352bb33e1aae
leather,icra,leather/cut/014,1,0.6584259271621704,5148eb4aade700e5d9e671c10b7a3c454aefb6e29c75b3042c1a352bb33e1aae
leather,icra,leather/cut/015,1,0.6067022085189819,5148eb4aade700e5d9e671c10b7a3c454aefb6e29c75b3042c1a352bb33e1aae
leather,icra,leather/cut/016,1,0.6667219996452332,5148eb4aade700e5d9e671c10b7a3c454aefb6e29c75b3042c1a352bb33e1aae
leather,icra,leather/cut/017,1,0.5442898273468018,5148eb4aade700e5d9e671c10b7a3c454aefb6e29c75b3042c1a352bb33e1aae
leather,icra,leather/cut/018,1,0.5520737767219543,5148eb4aade700e5d9e671c10b7a3c454aefb6e29c75b3042c1a352bb33e1aae
leather,icra,leather/fold/000,1,0.46027037501335144,5148eb4aade700e5d9e671c10b7a3c454aefb6e29c75b3042c1a352bb33e1aae
leather,icra,leather/fold/001,1,0.40070801973342896,5148eb4aade700e5d9e671c10b7a3c454aefb6e29c75b3042c1a352bb33e1aae
leather,icra,leather/fold/002,1,0.5827928185462952,5148eb4aade700e5d9e671c10b7a3c454aefb6e29c75b3042c1a352bb33e1aae
leather,icra,leather/fold/003,1,0.5063005089759827,5148eb4aade700e5d9e671c10b7a3c454aefb6e29c75b3042c1a352bb33e1aae
leather,icra,leather/fold/004,1,0.3977314233779907,5148eb4aade700e5d9e671c10b7a3c454aefb6e29c75b3042c1a352bb33e1aae
leather,icra,leather/fold/005,1,0.4981982409954071,5148eb4aade700e5d9e671c10b7a3c454aefb6e29c75b3042c1a352bb33e1aae
leather,icra,leather/fold/006,1,0.37836822867393494,5148eb4aade700e5d9e671c10b7a3c454aefb6e29c75b3042c1a352bb33e1aae
leather,icra,leather/fold/007,1,0.45598557591438293,5148eb4aade700e5d9e671c10b7a3c454aefb6e29c75b3042c1a352bb33e1aae
leather,icra,leather/fold/008,1,0.49562668800354004,5148eb4aade700e5d9e671c10b7a3c454aefb6e29c75b3042c1a352bb33e1aae
leather,icra,leather/fold/009,1,0.44152116775512695,5148eb4aade700e5d9e671c10b7a3c454aefb6e29c75b3042c1a352bb33e1aae
leather,icra,leather/fold/010,1,0.5578911900520325,5148eb4aade700e5d9e671c10b7a3c454aefb6e29c75b3042c1a352bb33e1aae
leather,icra,leather/fold/011,1,0.4625967741012573,5148eb4aade700e5d9e671c10b7a3c454aefb6e29c75b3042c1a352bb33e1aae
leather,icra,leather/fold/012,1,0.6060439348220825,5148eb4aade700e5d9e671c10b7a3c454aefb6e29c75b3042c1a352bb33e1aae
leather,icra,leather/fold/013,1,0.46970096230506897,5148eb4aade700e5d9e671c10b7a3c454aefb6e29c75b3042c1a352bb33e1aae
leather,icra,leather/fold/014,1,0.47521406412124634,5148eb4aade700e5d9e671c10b7a3c454aefb6e29c75b3042c1a352bb33e1aae
leather,icra,leather/fold/015,1,0.4128551185131073,5148eb4aade700e5d9e671c10b7a3c454aefb6e29c75b3042c1a352bb33e1aae
leather,icra,leather/fold/016,1,0.4770590364933014,5148eb4aade700e5d9e671c10b7a3c454aefb6e29c75b3042c1a352bb33e1aae
leather,icra,leather/glue/000,1,0.5762667059898376,5148eb4aade700e5d9e671c10b7a3c454aefb6e29c75b3042c1a352bb33e1aae
leather,icra,leather/glue/001,1,0.5770651698112488,5148eb4aade700e5d9e671c10b7a3c454aefb6e29c75b3042c1a352bb33e1aae
leather,icra,leather/glue/002,1,0.4877137541770935,5148eb4aade700e5d9e671c10b7a3c454aefb6e29c75b3042c1a352bb33e1aae
leather,icra,leather/glue/003,1,0.4312094748020172,5148eb4aade700e5d9e671c10b7a3c454aefb6e29c75b3042c1a352bb33e1aae
leather,icra,leather/glue/004,1,0.41052088141441345,5148eb4aade700e5d9e671c10b7a3c454aefb6e29c75b3042c1a352bb33e1aae
leather,icra,leather/glue/005,1,0.39025238156318665,5148eb4aade700e5d9e671c10b7a3c454aefb6e29c75b3042c1a352bb33e1aae
leather,icra,leather/glue/006,1,0.48225659132003784,5148eb4aade700e5d9e671c10b7a3c454aefb6e29c75b3042c1a352bb33e1aae
leather,icra,leather/glue/007,1,0.6938172578811646,5148eb4aade700e5d9e671c10b7a3c454aefb6e29c75b3042c1a352bb33e1aae
leather,icra,leather/glue/008,1,0.5093199610710144,5148eb4aade700e5d9e671c10b7a3c454aefb6e29c75b3042c1a352bb33e1aae
leather,icra,leather/glue/009,1,0.4436365067958832,5148eb4aade700e5d9e671c10b7a3c454aefb6e29c75b3042c1a352bb33e1aae
leather,icra,leather/glue/010,1,0.48967862129211426,5148eb4aade700e5d9e671c10b7a3c454aefb6e29c75b3042c1a352bb33e1aae
leather,icra,leather/glue/011,1,0.5889959335327148,5148eb4aade700e5d9e671c10b7a3c454aefb6e29c75b3042c1a352bb33e1aae
leather,icra,leather/glue/012,1,0.5919193029403687,5148eb4aade700e5d9e671c10b7a3c454aefb6e29c75b3042c1a352bb33e1aae
leather,icra,leather/glue/013,1,0.5011181235313416,5148eb4aade700e5d9e671c10b7a3c454aefb6e29c75b3042c1a352bb33e1aae
leather,icra,leather/glue/014,1,0.6008435487747192,5148eb4aade700e5d9e671c10b7a3c454aefb6e29c75b3042c1a352bb33e1aae
leather,icra,leather/glue/015,1,0.5662739276885986,5148eb4aade700e5d9e671c10b7a3c454aefb6e29c75b3042c1a352bb33e1aae
leather,icra,leather/glue/016,1,0.6225970983505249,5148eb4aade700e5d9e671c10b7a3c454aefb6e29c75b3042c1a352bb33e1aae
leather,icra,leather/glue/017,1,0.43343132734298706,5148eb4aade700e5d9e671c10b7a3c454aefb6e29c75b3042c1a352bb33e1aae
leather,icra,leather/glue/018,1,0.5791510343551636,5148eb4aade700e5d9e671c10b7a3c454aefb6e29c75b3042c1a352bb33e1aae
leather,icra,leather/good/000,0,0.48726245760917664,5148eb4aade700e5d9e671c10b7a3c454aefb6e29c75b3042c1a352bb33e1aae
leather,icra,leather/good/001,0,0.7077545523643494,5148eb4aade700e5d9e671c10b7a3c454aefb6e29c75b3042c1a352bb33e1aae
leather,icra,leather/good/002,0,0.4148719310760498,5148eb4aade700e5d9e671c10b7a3c454aefb6e29c75b3042c1a352bb33e1aae
leather,icra,leather/good/003,0,0.4534609019756317,5148eb4aade700e5d9e671c10b7a3c454aefb6e29c75b3042c1a352bb33e1aae
leather,icra,leather/good/004,0,0.47240182757377625,5148eb4aade700e5d9e671c10b7a3c454aefb6e29c75b3042c1a352bb33e1aae
leather,icra,leather/good/005,0,0.422974556684494,5148eb4aade700e5d9e671c10b7a3c454aefb6e29c75b3042c1a352bb33e1aae
leather,icra,leather/good/006,0,0.5875875353813171,5148eb4aade700e5d9e671c10b7a3c454aefb6e29c75b3042c1a352bb33e1aae
leather,icra,leather/good/007,0,0.4982638955116272,5148eb4aade700e5d9e671c10b7a3c454aefb6e29c75b3042c1a352bb33e1aae
leather,icra,leather/good/008,0,0.4573621153831482,5148eb4aade700e5d9e671c10b7a3c454aefb6e29c75b3042c1a352bb33e1aae
leather,icra,leather/good/009,0,0.48637136816978455,5148eb4aade700e5d9e671c10b7a3c454aefb6e29c75b3042c1a352bb33e1aae
leather,icra,leather/good/010,0,0.49356237053871155,5148eb4aade700e5d9e671c10b7a3c454aefb6e29c75b3042c1a352bb33e1aae
leather,icra,leather/good/011,0,0.46688759326934814,5148eb4aade700e5d9e671c10b7a3c454aefb6e29c75b3042c1a352bb33e1aae
leather,icra,leather/good/012,0,0.4767667055130005,5148eb4aade700e5d9e671c10b7a3c454aefb6e29c75b3042c1a352bb33e1aae
leather,icra,leather/good/013,0,0.5322832465171814,5148eb4aade700e5d9e671c10b7a3c454aefb6e29c75b3042c1a352bb33e1aae
leather,icra,leather/good/014,0,0.39281806349754333,5148eb4aade700e5d9e671c10b7a3c454aefb6e29c75b3042c1a352bb33e1aae
leather,icra,leather/good/015,0,0.4572660028934479,5148eb4aade700e5d9e671c10b7a3c454aefb6e29c75b3042c1a352bb33e1aae
leather,icra,leather/good/016,0,0.45348620414733887,5148eb4aade700e5d9e671c10b7a3c454aefb6e29c75b3042c1a352bb33e1aae
leather,icra,leather/good/017,0,0.481890469789505,5148eb4aade700e5d9e671c10b7a3c454aefb6e29c75b3042c1a352bb33e1aae
leather,icra,leather/good/018,0,0.5475159883499146,5148eb4aade700e5d9e671c10b7a3c454aefb6e29c75b3042c1a352bb33e1aae
leather,icra,leather/good/019,0,0.45897749066352844,5148eb4aade700e5d9e671c10b7a3c454aefb6e29c75b3042c1a352bb33e1aae
leather,icra,leather/good/020,0,0.4982666075229645,5148eb4aade700e5d9e671c10b7a3c454aefb6e29c75b3042c1a352bb33e1aae
leather,icra,leather/good/021,0,0.594325065612793,5148eb4aade700e5d9e671c10b7a3c454aefb6e29c75b3042c1a352bb33e1aae
leather,icra,leather/good/022,0,0.4955381155014038,5148eb4aade700e5d9e671c10b7a3c454aefb6e29c75b3042c1a352bb33e1aae
leather,icra,leather/good/023,0,0.4165063798427582,5148eb4aade700e5d9e671c10b7a3c454aefb6e29c75b3042c1a352bb33e1aae
leather,icra,leather/good/024,0,0.5503342747688293,5148eb4aade700e5d9e671c10b7a3c454aefb6e29c75b3042c1a352bb33e1aae
leather,icra,leather/good/025,0,0.5538689494132996,5148eb4aade700e5d9e671c10b7a3c454aefb6e29c75b3042c1a352bb33e1aae
leather,icra,leather/good/026,0,0.5560355186462402,5148eb4aade700e5d9e671c10b7a3c454aefb6e29c75b3042c1a352bb33e1aae
leather,icra,leather/good/027,0,0.5897438526153564,5148eb4aade700e5d9e671c10b7a3c454aefb6e29c75b3042c1a352bb33e1aae
leather,icra,leather/good/028,0,0.5071337223052979,5148eb4aade700e5d9e671c10b7a3c454aefb6e29c75b3042c1a352bb33e1aae
leather,icra,leather/good/029,0,0.5386202931404114,5148eb4aade700e5d9e671c10b7a3c454aefb6e29c75b3042c1a352bb33e1aae
leather,icra,leather/good/030,0,0.5009191036224365,5148eb4aade700e5d9e671c10b7a3c454aefb6e29c75b3042c1a352bb33e1aae
leather,icra,leather/good/031,0,0.46130505204200745,5148eb4aade700e5d9e671c10b7a3c454aefb6e29c75b3042c1a352bb33e1aae
leather,icra,leather/poke/000,1,0.5365832448005676,5148eb4aade700e5d9e671c10b7a3c454aefb6e29c75b3042c1a352bb33e1aae
leather,icra,leather/poke/001,1,0.5190191864967346,5148eb4aade700e5d9e671c10b7a3c454aefb6e29c75b3042c1a352bb33e1aae
leather,icra,leather/poke/002,1,0.6530673503875732,5148eb4aade700e5d9e671c10b7a3c454aefb6e29c75b3042c1a352bb33e1aae
leather,icra,leather/poke/003,1,0.47003528475761414,5148eb4aade700e5d9e671c10b7a3c454aefb6e29c75b3042c1a352bb33e1aae
leather,icra,leather/poke/004,1,0.5393276810646057,5148eb4aade700e5d9e671c10b7a3c454aefb6e29c75b3042c1a352bb33e1aae
leather,icra,leather/poke/005,1,0.5175759196281433,5148eb4aade700e5d9e671c10b7a3c454aefb6e29c75b3042c1a352bb33e1aae
leather,icra,leather/poke/006,1,0.4085659980773926,5148eb4aade700e5d9e671c10b7a3c454aefb6e29c75b3042c1a352bb33e1aae
leather,icra,leather/poke/007,1,0.5557178258895874,5148eb4aade700e5d9e671c10b7a3c454aefb6e29c75b3042c1a352bb33e1aae
leather,icra,leather/poke/008,1,0.6164742112159729,5148eb4aade700e5d9e671c10b7a3c454aefb6e29c75b3042c1a352bb33e1aae
leather,icra,leather/poke/009,1,0.42369040846824646,5148eb4aade700e5d9e671c10b7a3c454aefb6e29c75b3042c1a352bb33e1aae
leather,icra,leather/poke/010,1,0.41602566838264465,5148eb4aade700e5d9e671c10b7a3c454aefb6e29c75b3042c1a352bb33e1aae
leather,icra,leather/poke/011,1,0.49916163086891174,5148eb4aade700e5d9e671c10b7a3c454aefb6e29c75b3042c1a352bb33e1aae
leather,icra,leather/poke/012,1,0.5166631937026978,5148eb4aade700e5d9e671c10b7a3c454aefb6e29c75b3042c1a352bb33e1aae
leather,icra,leather/poke/013,1,0.45118123292922974,5148eb4aade700e5d9e671c10b7a3c454aefb6e29c75b3042c1a352bb33e1aae
leather,icra,leather/poke/014,1,0.4441013038158417,5148eb4aade700e5d9e671c10b7a3c454aefb6e29c75b3042c1a352bb33e1aae
leather,icra,leather/poke/015,1,0.47873684763908386,5148eb4aade700e5d9e671c10b7a3c454aefb6e29c75b3042c1a352bb33e1aae
leather,icra,leather/poke/016,1,0.39406105875968933,5148eb4aade700e5d9e671c10b7a3c454aefb6e29c75b3042c1a352bb33e1aae
leather,icra,leather/poke/017,1,0.5123945474624634,5148eb4aade700e5d9e671c10b7a3c454aefb6e29c75b3042c1a352bb33e1aae
metal_nut,dark,metal_nut/bent/000,1,0.4389500021934509,1eba2448649683f43493f9c9ed1de303e6205cf457ecb352643069d528d0a349
metal_nut,dark,metal_nut/bent/001,1,0.49038827419281006,1eba2448649683f43493f9c9ed1de303e6205cf457ecb352643069d528d0a349
metal_nut,dark,metal_nut/bent/002,1,0.5317508578300476,1eba2448649683f43493f9c9ed1de303e6205cf457ecb352643069d528d0a349
metal_nut,dark,metal_nut/bent/003,1,0.44928058981895447,1eba2448649683f43493f9c9ed1de303e6205cf457ecb352643069d528d0a349
metal_nut,dark,metal_nut/bent/004,1,0.43901050090789795,1eba2448649683f43493f9c9ed1de303e6205cf457ecb352643069d528d0a349
metal_nut,dark,metal_nut/bent/005,1,0.4570530354976654,1eba2448649683f43493f9c9ed1de303e6205cf457ecb352643069d528d0a349
metal_nut,dark,metal_nut/bent/006,1,0.563223659992218,1eba2448649683f43493f9c9ed1de303e6205cf457ecb352643069d528d0a349
metal_nut,dark,metal_nut/bent/007,1,0.48566558957099915,1eba2448649683f43493f9c9ed1de303e6205cf457ecb352643069d528d0a349
metal_nut,dark,metal_nut/bent/008,1,0.5256409049034119,1eba2448649683f43493f9c9ed1de303e6205cf457ecb352643069d528d0a349
metal_nut,dark,metal_nut/bent/009,1,0.47517260909080505,1eba2448649683f43493f9c9ed1de303e6205cf457ecb352643069d528d0a349
metal_nut,dark,metal_nut/bent/010,1,0.556909441947937,1eba2448649683f43493f9c9ed1de303e6205cf457ecb352643069d528d0a349
metal_nut,dark,metal_nut/bent/011,1,0.5572466254234314,1eba2448649683f43493f9c9ed1de303e6205cf457ecb352643069d528d0a349
metal_nut,dark,metal_nut/bent/012,1,0.6027472019195557,1eba2448649683f43493f9c9ed1de303e6205cf457ecb352643069d528d0a349
metal_nut,dark,metal_nut/bent/013,1,0.5480912923812866,1eba2448649683f43493f9c9ed1de303e6205cf457ecb352643069d528d0a349
metal_nut,dark,metal_nut/bent/014,1,0.5349310636520386,1eba2448649683f43493f9c9ed1de303e6205cf457ecb352643069d528d0a349
metal_nut,dark,metal_nut/bent/015,1,0.5469565987586975,1eba2448649683f43493f9c9ed1de303e6205cf457ecb352643069d528d0a349
metal_nut,dark,metal_nut/bent/016,1,0.49890056252479553,1eba2448649683f43493f9c9ed1de303e6205cf457ecb352643069d528d0a349
metal_nut,dark,metal_nut/bent/017,1,0.4282715320587158,1eba2448649683f43493f9c9ed1de303e6205cf457ecb352643069d528d0a349
metal_nut,dark,metal_nut/bent/018,1,0.5578376054763794,1eba2448649683f43493f9c9ed1de303e6205cf457ecb352643069d528d0a349
metal_nut,dark,metal_nut/bent/019,1,0.5510326623916626,1eba2448649683f43493f9c9ed1de303e6205cf457ecb352643069d528d0a349
metal_nut,dark,metal_nut/bent/020,1,0.5412033200263977,1eba2448649683f43493f9c9ed1de303e6205cf457ecb352643069d528d0a349
metal_nut,dark,metal_nut/bent/021,1,0.5729002952575684,1eba2448649683f43493f9c9ed1de303e6205cf457ecb352643069d528d0a349
metal_nut,dark,metal_nut/bent/022,1,0.4962030351161957,1eba2448649683f43493f9c9ed1de303e6205cf457ecb352643069d528d0a349
metal_nut,dark,metal_nut/bent/023,1,0.44929689168930054,1eba2448649683f43493f9c9ed1de303e6205cf457ecb352643069d528d0a349
metal_nut,dark,metal_nut/bent/024,1,0.5626581311225891,1eba2448649683f43493f9c9ed1de303e6205cf457ecb352643069d528d0a349
metal_nut,dark,metal_nut/color/000,1,0.5762624144554138,1eba2448649683f43493f9c9ed1de303e6205cf457ecb352643069d528d0a349
metal_nut,dark,metal_nut/color/001,1,0.5771197080612183,1eba2448649683f43493f9c9ed1de303e6205cf457ecb352643069d528d0a349
metal_nut,dark,metal_nut/color/002,1,0.437447190284729,1eba2448649683f43493f9c9ed1de303e6205cf457ecb352643069d528d0a349
metal_nut,dark,metal_nut/color/003,1,0.46862170100212097,1eba2448649683f43493f9c9ed1de303e6205cf457ecb352643069d528d0a349
metal_nut,dark,metal_nut/color/004,1,0.43096858263015747,1eba2448649683f43493f9c9ed1de303e6205cf457ecb352643069d528d0a349
metal_nut,dark,metal_nut/color/005,1,0.5677218437194824,1eba2448649683f43493f9c9ed1de303e6205cf457ecb352643069d528d0a349
metal_nut,dark,metal_nut/color/006,1,0.4296533763408661,1eba2448649683f43493f9c9ed1de303e6205cf457ecb352643069d528d0a349
metal_nut,dark,metal_nut/color/007,1,0.4295291602611542,1eba2448649683f43493f9c9ed1de303e6205cf457ecb352643069d528d0a349
metal_nut,dark,metal_nut/color/008,1,0.5720443725585938,1eba2448649683f43493f9c9ed1de303e6205cf457ecb352643069d528d0a349
metal_nut,dark,metal_nut/color/009,1,0.5031717419624329,1eba2448649683f43493f9c9ed1de303e6205cf457ecb352643069d528d0a349
metal_nut,dark,metal_nut/color/010,1,0.5266391038894653,1eba2448649683f43493f9c9ed1de303e6205cf457ecb352643069d528d0a349
metal_nut,dark,metal_nut/color/011,1,0.4934673309326172,1eba2448649683f43493f9c9ed1de303e6205cf457ecb352643069d528d0a349
metal_nut,dark,metal_nut/color/012,1,0.5015667080879211,1eba2448649683f43493f9c9ed1de303e6205cf457ecb352643069d528d0a349
metal_nut,dark,metal_nut/color/013,1,0.38942915201187134,1eba2448649683f43493f9c9ed1de303e6205cf457ecb352643069d528d0a349
metal_nut,dark,metal_nut/color/014,1,0.42206183075904846,1eba2448649683f43493f9c9ed1de303e6205cf457ecb352643069d528d0a349
metal_nut,dark,metal_nut/color/015,1,0.5465224385261536,1eba2448649683f43493f9c9ed1de303e6205cf457ecb352643069d528d0a349
metal_nut,dark,metal_nut/color/016,1,0.5406540632247925,1eba2448649683f43493f9c9ed1de303e6205cf457ecb352643069d528d0a349
metal_nut,dark,metal_nut/color/017,1,0.4161551296710968,1eba2448649683f43493f9c9ed1de303e6205cf457ecb352643069d528d0a349
metal_nut,dark,metal_nut/color/018,1,0.5367482304573059,1eba2448649683f43493f9c9ed1de303e6205cf457ecb352643069d528d0a349
metal_nut,dark,metal_nut/color/019,1,0.4649880528450012,1eba2448649683f43493f9c9ed1de303e6205cf457ecb352643069d528d0a349
metal_nut,dark,metal_nut/color/020,1,0.4831978380680084,1eba2448649683f43493f9c9ed1de303e6205cf457ecb352643069d528d0a349
metal_nut,dark,metal_nut/color/021,1,0.41369038820266724,1eba2448649683f43493f9c9ed1de303e6205cf457ecb352643069d528d0a349
metal_nut,dark,metal_nut/flip/000,1,0.5188281536102295,1eba2448649683f43493f9c9ed1de303e6205cf457ecb352643069d528d0a349
metal_nut,dark,metal_nut/flip/001,1,0.6115882396697998,1eba2448649683f43493f9c9ed1de303e6205cf457ecb352643069d528d0a349
metal_nut,dark,metal_nut/flip/002,1,0.5802211165428162,1eba2448649683f43493f9c9ed1de303e6205cf457ecb352643069d528d0a349
metal_nut,dark,metal_nut/flip/003,1,0.5970976948738098,1eba2448649683f43493f9c9ed1de303e6205cf457ecb352643069d528d0a349
metal_nut,dark,metal_nut/flip/004,1,0.5678938627243042,1eba2448649683f43493f9c9ed1de303e6205cf457ecb352643069d528d0a349
metal_nut,dark,metal_nut/flip/005,1,0.5945221185684204,1eba2448649683f43493f9c9ed1de303e6205cf457ecb352643069d528d0a349
metal_nut,dark,metal_nut/flip/006,1,0.501745343208313,1eba2448649683f43493f9c9ed1de303e6205cf457ecb352643069d528d0a349
metal_nut,dark,metal_nut/flip/007,1,0.5455633401870728,1eba2448649683f43493f9c9ed1de303e6205cf457ecb352643069d528d0a349
metal_nut,dark,metal_nut/flip/008,1,0.6126582622528076,1eba2448649683f43493f9c9ed1de303e6205cf457ecb352643069d528d0a349
metal_nut,dark,metal_nut/flip/009,1,0.6138815879821777,1eba2448649683f43493f9c9ed1de303e6205cf457ecb352643069d528d0a349
metal_nut,dark,metal_nut/flip/010,1,0.5194931626319885,1eba2448649683f43493f9c9ed1de303e6205cf457ecb352643069d528d0a349
metal_nut,dark,metal_nut/flip/011,1,0.5578749179840088,1eba2448649683f43493f9c9ed1de303e6205cf457ecb352643069d528d0a349
metal_nut,dark,metal_nut/flip/012,1,0.5088092684745789,1eba2448649683f43493f9c9ed1de303e6205cf457ecb352643069d528d0a349
metal_nut,dark,metal_nut/flip/013,1,0.5326016545295715,1eba2448649683f43493f9c9ed1de303e6205cf457ecb352643069d528d0a349
metal_nut,dark,metal_nut/flip/014,1,0.6041623950004578,1eba2448649683f43493f9c9ed1de303e6205cf457ecb352643069d528d0a349
metal_nut,dark,metal_nut/flip/015,1,0.6825959086418152,1eba2448649683f43493f9c9ed1de303e6205cf457ecb352643069d528d0a349
metal_nut,dark,metal_nut/flip/016,1,0.6043485403060913,1eba2448649683f43493f9c9ed1de303e6205cf457ecb352643069d528d0a349
metal_nut,dark,metal_nut/flip/017,1,0.6059779524803162,1eba2448649683f43493f9c9ed1de303e6205cf457ecb352643069d528d0a349
metal_nut,dark,metal_nut/flip/018,1,0.5620577931404114,1eba2448649683f43493f9c9ed1de303e6205cf457ecb352643069d528d0a349
metal_nut,dark,metal_nut/flip/019,1,0.5866283774375916,1eba2448649683f43493f9c9ed1de303e6205cf457ecb352643069d528d0a349
metal_nut,dark,metal_nut/flip/020,1,0.591860830783844,1eba2448649683f43493f9c9ed1de303e6205cf457ecb352643069d528d0a349
metal_nut,dark,metal_nut/flip/021,1,0.6163708567619324,1eba2448649683f43493f9c9ed1de303e6205cf457ecb352643069d528d0a349
metal_nut,dark,metal_nut/flip/022,1,0.7419222593307495,1eba2448649683f43493f9c9ed1de303e6205cf457ecb352643069d528d0a349
metal_nut,dark,metal_nut/good/000,0,0.569788932800293,1eba2448649683f43493f9c9ed1de303e6205cf457ecb352643069d528d0a349
metal_nut,dark,metal_nut/good/001,0,0.5907183885574341,1eba2448649683f43493f9c9ed1de303e6205cf457ecb352643069d528d0a349
metal_nut,dark,metal_nut/good/002,0,0.4604262709617615,1eba2448649683f43493f9c9ed1de303e6205cf457ecb352643069d528d0a349
metal_nut,dark,metal_nut/good/003,0,0.5818013548851013,1eba2448649683f43493f9c9ed1de303e6205cf457ecb352643069d528d0a349
metal_nut,dark,metal_nut/good/004,0,0.4912804365158081,1eba2448649683f43493f9c9ed1de303e6205cf457ecb352643069d528d0a349
metal_nut,dark,metal_nut/good/005,0,0.556410014629364,1eba2448649683f43493f9c9ed1de303e6205cf457ecb352643069d528d0a349
metal_nut,dark,metal_nut/good/006,0,0.39518600702285767,1eba2448649683f43493f9c9ed1de303e6205cf457ecb352643069d528d0a349
metal_nut,dark,metal_nut/good/007,0,0.45887160301208496,1eba2448649683f43493f9c9ed1de303e6205cf457ecb352643069d528d0a349
metal_nut,dark,metal_nut/good/008,0,0.47016727924346924,1eba2448649683f43493f9c9ed1de303e6205cf457ecb352643069d528d0a349
metal_nut,dark,metal_nut/good/009,0,0.39441969990730286,1eba2448649683f43493f9c9ed1de303e6205cf457ecb352643069d528d0a349
metal_nut,dark,metal_nut/good/010,0,0.5087230801582336,1eba2448649683f43493f9c9ed1de303e6205cf457ecb352643069d528d0a349
metal_nut,dark,metal_nut/good/011,0,0.47742047905921936,1eba2448649683f43493f9c9ed1de303e6205cf457ecb352643069d528d0a349
metal_nut,dark,metal_nut/good/012,0,0.3849521577358246,1eba2448649683f43493f9c9ed1de303e6205cf457ecb352643069d528d0a349
metal_nut,dark,metal_nut/good/013,0,0.4704730212688446,1eba2448649683f43493f9c9ed1de303e6205cf457ecb352643069d528d0a349
metal_nut,dark,metal_nut/good/014,0,0.4905768632888794,1eba2448649683f43493f9c9ed1de303e6205cf457ecb352643069d528d0a349
metal_nut,dark,metal_nut/good/015,0,0.4902545213699341,1eba2448649683f43493f9c9ed1de303e6205cf457ecb352643069d528d0a349
metal_nut,dark,metal_nut/good/016,0,0.5139392018318176,1eba2448649683f43493f9c9ed1de303e6205cf457ecb352643069d528d0a349
metal_nut,dark,metal_nut/good/017,0,0.5273072123527527,1eba2448649683f43493f9c9ed1de303e6205cf457ecb352643069d528d0a349
metal_nut,dark,metal_nut/good/018,0,0.4761205315589905,1eba2448649683f43493f9c9ed1de303e6205cf457ecb352643069d528d0a349
metal_nut,dark,metal_nut/good/019,0,0.4028269946575165,1eba2448649683f43493f9c9ed1de303e6205cf457ecb352643069d528d0a349
metal_nut,dark,metal_nut/good/020,0,0.45914921164512634,1eba2448649683f43493f9c9ed1de303e6205cf457ecb352643069d528d0a349
metal_nut,dark,metal_nut/good/021,0,0.40315723419189453,1eba2448649683f43493f9c9ed1de303e6205cf457ecb352643069d528d0a349
metal_nut,dark,metal_nut/scratch/000,1,0.5768423080444336,1eba2448649683f43493f9c9ed1de303e6205cf457ecb352643069d528d0a349
metal_nut,dark,metal_nut/scratch/001,1,0.46022912859916687,1eba2448649683f43493f9c9ed1de303e6205cf457ecb352643069d528d0a349
metal_nut,dark,metal_nut/scratch/002,1,0.5314216613769531,1eba2448649683f43493f9c9ed1de303e6205cf457ecb352643069d528d0a349
metal_nut,dark,metal_nut/scratch/003,1,0.6226556897163391,1eba2448649683f43493f9c9ed1de303e6205cf457ecb352643069d528d0a349
metal_nut,dark,metal_nut/scratch/004,1,0.5193535685539246,1eba2448649683f43493f9c9ed1de303e6205cf457ecb352643069d528d0a349
metal_nut,dark,metal_nut/scratch/005,1,0.4763968884944916,1eba2448649683f43493f9c9ed1de303e6205cf457ecb352643069d528d0a349
metal_nut,dark,metal_nut/scratch/006,1,0.5858974456787109,1eba2448649683f43493f9c9ed1de303e6205cf457ecb352643069d528d0a349
metal_nut,dark,metal_nut/scratch/007,1,0.5625655055046082,1eba2448649683f43493f9c9ed1de303e6205cf457ecb352643069d528d0a349
metal_nut,dark,metal_nut/scratch/008,1,0.5844746232032776,1eba2448649683f43493f9c9ed1de303e6205cf457ecb352643069d528d0a349
metal_nut,dark,metal_nut/scratch/009,1,0.38353392481803894,1eba2448649683f43493f9c9ed1de303e6205cf457ecb352643069d528d0a349
metal_nut,dark,metal_nut/scratch/010,1,0.4632178843021393,1eba2448649683f43493f9c9ed1de303e6205cf457ecb352643069d528d0a349
metal_nut,dark,metal_nut/scratch/011,1,0.48430106043815613,1eba2448649683f43493f9c9ed1de303e6205cf457ecb352643069d528d0a349
metal_nut,dark,metal_nut/scratch/012,1,0.6032770276069641,1eba2448649683f43493f9c9ed1de303e6205cf457ecb352643069d528d0a349
metal_nut,dark,metal_nut/scratch/013,1,0.5132803320884705,1eba2448649683f43493f9c9ed1de303e6205cf457ecb352643069d528d0a349
metal_nut,dark,metal_nut/scratch/014,1,0.5171679258346558,1eba2448649683f43493f9c9ed1de303e6205cf457ecb352643069d528d0a349
metal_nut,dark,metal_nut/scratch/015,1,0.5280413627624512,1eba2448649683f43493f9c9ed1de303e6205cf457ecb352643069d528d0a349
metal_nut,dark,metal_nut/scratch/016,1,0.5945309996604919,1eba2448649683f43493f9c9ed1de303e6205cf457ecb352643069d528d0a349
metal_nut,dark,metal_nut/scratch/017,1,0.48809054493904114,1eba2448649683f43493f9c9ed1de303e6205cf457ecb352643069d528d0a349
metal_nut,dark,metal_nut/scratch/018,1,0.5280686616897583,1eba2448649683f43493f9c9ed1de303e6205cf457ecb352643069d528d0a349
metal_nut,dark,metal_nut/scratch/019,1,0.5254826545715332,1eba2448649683f43493f9c9ed1de303e6205cf457ecb352643069d528d0a349
metal_nut,dark,metal_nut/scratch/020,1,0.45788806676864624,1eba2448649683f43493f9c9ed1de303e6205cf457ecb352643069d528d0a349
metal_nut,dark,metal_nut/scratch/021,1,0.5790399312973022,1eba2448649683f43493f9c9ed1de303e6205cf457ecb352643069d528d0a349
metal_nut,dark,metal_nut/scratch/022,1,0.5530752539634705,1eba2448649683f43493f9c9ed1de303e6205cf457ecb352643069d528d0a349
metal_nut,mirnetv2,metal_nut/bent/000,1,0.6832037568092346,1eba2448649683f43493f9c9ed1de303e6205cf457ecb352643069d528d0a349
metal_nut,mirnetv2,metal_nut/bent/001,1,0.8279348015785217,1eba2448649683f43493f9c9ed1de303e6205cf457ecb352643069d528d0a349
metal_nut,mirnetv2,metal_nut/bent/002,1,0.6415624618530273,1eba2448649683f43493f9c9ed1de303e6205cf457ecb352643069d528d0a349
metal_nut,mirnetv2,metal_nut/bent/003,1,0.6117711663246155,1eba2448649683f43493f9c9ed1de303e6205cf457ecb352643069d528d0a349
metal_nut,mirnetv2,metal_nut/bent/004,1,0.6565843820571899,1eba2448649683f43493f9c9ed1de303e6205cf457ecb352643069d528d0a349
metal_nut,mirnetv2,metal_nut/bent/005,1,0.7805760502815247,1eba2448649683f43493f9c9ed1de303e6205cf457ecb352643069d528d0a349
metal_nut,mirnetv2,metal_nut/bent/006,1,0.848010241985321,1eba2448649683f43493f9c9ed1de303e6205cf457ecb352643069d528d0a349
metal_nut,mirnetv2,metal_nut/bent/007,1,0.6690395474433899,1eba2448649683f43493f9c9ed1de303e6205cf457ecb352643069d528d0a349
metal_nut,mirnetv2,metal_nut/bent/008,1,0.742868185043335,1eba2448649683f43493f9c9ed1de303e6205cf457ecb352643069d528d0a349
metal_nut,mirnetv2,metal_nut/bent/009,1,0.7225980162620544,1eba2448649683f43493f9c9ed1de303e6205cf457ecb352643069d528d0a349
metal_nut,mirnetv2,metal_nut/bent/010,1,0.8941094875335693,1eba2448649683f43493f9c9ed1de303e6205cf457ecb352643069d528d0a349
metal_nut,mirnetv2,metal_nut/bent/011,1,0.7996566891670227,1eba2448649683f43493f9c9ed1de303e6205cf457ecb352643069d528d0a349
metal_nut,mirnetv2,metal_nut/bent/012,1,0.6440826058387756,1eba2448649683f43493f9c9ed1de303e6205cf457ecb352643069d528d0a349
metal_nut,mirnetv2,metal_nut/bent/013,1,0.4791535437107086,1eba2448649683f43493f9c9ed1de303e6205cf457ecb352643069d528d0a349
metal_nut,mirnetv2,metal_nut/bent/014,1,0.9025590419769287,1eba2448649683f43493f9c9ed1de303e6205cf457ecb352643069d528d0a349
metal_nut,mirnetv2,metal_nut/bent/015,1,0.5652325749397278,1eba2448649683f43493f9c9ed1de303e6205cf457ecb352643069d528d0a349
metal_nut,mirnetv2,metal_nut/bent/016,1,0.6360002756118774,1eba2448649683f43493f9c9ed1de303e6205cf457ecb352643069d528d0a349
metal_nut,mirnetv2,metal_nut/bent/017,1,0.6271146535873413,1eba2448649683f43493f9c9ed1de303e6205cf457ecb352643069d528d0a349
metal_nut,mirnetv2,metal_nut/bent/018,1,0.618276834487915,1eba2448649683f43493f9c9ed1de303e6205cf457ecb352643069d528d0a349
metal_nut,mirnetv2,metal_nut/bent/019,1,0.8690328001976013,1eba2448649683f43493f9c9ed1de303e6205cf457ecb352643069d528d0a349
metal_nut,mirnetv2,metal_nut/bent/020,1,0.8689858913421631,1eba2448649683f43493f9c9ed1de303e6205cf457ecb352643069d528d0a349
metal_nut,mirnetv2,metal_nut/bent/021,1,0.8557993173599243,1eba2448649683f43493f9c9ed1de303e6205cf457ecb352643069d528d0a349
metal_nut,mirnetv2,metal_nut/bent/022,1,0.6489760875701904,1eba2448649683f43493f9c9ed1de303e6205cf457ecb352643069d528d0a349
metal_nut,mirnetv2,metal_nut/bent/023,1,0.7045542001724243,1eba2448649683f43493f9c9ed1de303e6205cf457ecb352643069d528d0a349
metal_nut,mirnetv2,metal_nut/bent/024,1,0.8130401372909546,1eba2448649683f43493f9c9ed1de303e6205cf457ecb352643069d528d0a349
metal_nut,mirnetv2,metal_nut/color/000,1,0.9027791619300842,1eba2448649683f43493f9c9ed1de303e6205cf457ecb352643069d528d0a349
metal_nut,mirnetv2,metal_nut/color/001,1,0.6195406317710876,1eba2448649683f43493f9c9ed1de303e6205cf457ecb352643069d528d0a349
metal_nut,mirnetv2,metal_nut/color/002,1,0.7138243317604065,1eba2448649683f43493f9c9ed1de303e6205cf457ecb352643069d528d0a349
metal_nut,mirnetv2,metal_nut/color/003,1,0.6705678701400757,1eba2448649683f43493f9c9ed1de303e6205cf457ecb352643069d528d0a349
metal_nut,mirnetv2,metal_nut/color/004,1,0.6884281635284424,1eba2448649683f43493f9c9ed1de303e6205cf457ecb352643069d528d0a349
metal_nut,mirnetv2,metal_nut/color/005,1,0.5723158121109009,1eba2448649683f43493f9c9ed1de303e6205cf457ecb352643069d528d0a349
metal_nut,mirnetv2,metal_nut/color/006,1,0.45980948209762573,1eba2448649683f43493f9c9ed1de303e6205cf457ecb352643069d528d0a349
metal_nut,mirnetv2,metal_nut/color/007,1,0.47119471430778503,1eba2448649683f43493f9c9ed1de303e6205cf457ecb352643069d528d0a349
metal_nut,mirnetv2,metal_nut/color/008,1,0.8289986252784729,1eba2448649683f43493f9c9ed1de303e6205cf457ecb352643069d528d0a349
metal_nut,mirnetv2,metal_nut/color/009,1,0.7366079092025757,1eba2448649683f43493f9c9ed1de303e6205cf457ecb352643069d528d0a349
metal_nut,mirnetv2,metal_nut/color/010,1,0.5445125102996826,1eba2448649683f43493f9c9ed1de303e6205cf457ecb352643069d528d0a349
metal_nut,mirnetv2,metal_nut/color/011,1,0.5346505045890808,1eba2448649683f43493f9c9ed1de303e6205cf457ecb352643069d528d0a349
metal_nut,mirnetv2,metal_nut/color/012,1,0.7142782807350159,1eba2448649683f43493f9c9ed1de303e6205cf457ecb352643069d528d0a349
metal_nut,mirnetv2,metal_nut/color/013,1,0.5813367962837219,1eba2448649683f43493f9c9ed1de303e6205cf457ecb352643069d528d0a349
metal_nut,mirnetv2,metal_nut/color/014,1,0.6432138085365295,1eba2448649683f43493f9c9ed1de303e6205cf457ecb352643069d528d0a349
metal_nut,mirnetv2,metal_nut/color/015,1,0.8229050636291504,1eba2448649683f43493f9c9ed1de303e6205cf457ecb352643069d528d0a349
metal_nut,mirnetv2,metal_nut/color/016,1,0.6385430693626404,1eba2448649683f43493f9c9ed1de303e6205cf457ecb352643069d528d0a349
metal_nut,mirnetv2,metal_nut/color/017,1,0.5614839196205139,1eba2448649683f43493f9c9ed1de303e6205cf457ecb352643069d528d0a349
metal_nut,mirnetv2,metal_nut/color/018,1,0.8007423877716064,1eba2448649683f43493f9c9ed1de303e6205cf457ecb352643069d528d0a349
metal_nut,mirnetv2,metal_nut/color/019,1,0.6084786653518677,1eba2448649683f43493f9c9ed1de303e6205cf457ecb352643069d528d0a349
metal_nut,mirnetv2,metal_nut/color/020,1,0.6728735566139221,1eba2448649683f43493f9c9ed1de303e6205cf457ecb352643069d528d0a349
metal_nut,mirnetv2,metal_nut/color/021,1,0.5814799070358276,1eba2448649683f43493f9c9ed1de303e6205cf457ecb352643069d528d0a349
metal_nut,mirnetv2,metal_nut/flip/000,1,0.5883289575576782,1eba2448649683f43493f9c9ed1de303e6205cf457ecb352643069d528d0a349
metal_nut,mirnetv2,metal_nut/flip/001,1,0.722968339920044,1eba2448649683f43493f9c9ed1de303e6205cf457ecb352643069d528d0a349
metal_nut,mirnetv2,metal_nut/flip/002,1,0.7568860650062561,1eba2448649683f43493f9c9ed1de303e6205cf457ecb352643069d528d0a349
metal_nut,mirnetv2,metal_nut/flip/003,1,0.7293230891227722,1eba2448649683f43493f9c9ed1de303e6205cf457ecb352643069d528d0a349
metal_nut,mirnetv2,metal_nut/flip/004,1,0.4445241689682007,1eba2448649683f43493f9c9ed1de303e6205cf457ecb352643069d528d0a349
metal_nut,mirnetv2,metal_nut/flip/005,1,0.4757089614868164,1eba2448649683f43493f9c9ed1de303e6205cf457ecb352643069d528d0a349
metal_nut,mirnetv2,metal_nut/flip/006,1,0.5918077230453491,1eba2448649683f43493f9c9ed1de303e6205cf457ecb352643069d528d0a349
metal_nut,mirnetv2,metal_nut/flip/007,1,0.7083765268325806,1eba2448649683f43493f9c9ed1de303e6205cf457ecb352643069d528d0a349
metal_nut,mirnetv2,metal_nut/flip/008,1,0.46473339200019836,1eba2448649683f43493f9c9ed1de303e6205cf457ecb352643069d528d0a349
metal_nut,mirnetv2,metal_nut/flip/009,1,0.5087645649909973,1eba2448649683f43493f9c9ed1de303e6205cf457ecb352643069d528d0a349
metal_nut,mirnetv2,metal_nut/flip/010,1,0.40457624197006226,1eba2448649683f43493f9c9ed1de303e6205cf457ecb352643069d528d0a349
metal_nut,mirnetv2,metal_nut/flip/011,1,0.7375214695930481,1eba2448649683f43493f9c9ed1de303e6205cf457ecb352643069d528d0a349
metal_nut,mirnetv2,metal_nut/flip/012,1,0.696274995803833,1eba2448649683f43493f9c9ed1de303e6205cf457ecb352643069d528d0a349
metal_nut,mirnetv2,metal_nut/flip/013,1,0.573715090751648,1eba2448649683f43493f9c9ed1de303e6205cf457ecb352643069d528d0a349
metal_nut,mirnetv2,metal_nut/flip/014,1,0.5403319001197815,1eba2448649683f43493f9c9ed1de303e6205cf457ecb352643069d528d0a349
metal_nut,mirnetv2,metal_nut/flip/015,1,0.5317564606666565,1eba2448649683f43493f9c9ed1de303e6205cf457ecb352643069d528d0a349
metal_nut,mirnetv2,metal_nut/flip/016,1,0.7488774657249451,1eba2448649683f43493f9c9ed1de303e6205cf457ecb352643069d528d0a349
metal_nut,mirnetv2,metal_nut/flip/017,1,0.9288530349731445,1eba2448649683f43493f9c9ed1de303e6205cf457ecb352643069d528d0a349
metal_nut,mirnetv2,metal_nut/flip/018,1,0.6518818736076355,1eba2448649683f43493f9c9ed1de303e6205cf457ecb352643069d528d0a349
metal_nut,mirnetv2,metal_nut/flip/019,1,0.7410203814506531,1eba2448649683f43493f9c9ed1de303e6205cf457ecb352643069d528d0a349
metal_nut,mirnetv2,metal_nut/flip/020,1,0.541174590587616,1eba2448649683f43493f9c9ed1de303e6205cf457ecb352643069d528d0a349
metal_nut,mirnetv2,metal_nut/flip/021,1,0.6015840172767639,1eba2448649683f43493f9c9ed1de303e6205cf457ecb352643069d528d0a349
metal_nut,mirnetv2,metal_nut/flip/022,1,0.6351461410522461,1eba2448649683f43493f9c9ed1de303e6205cf457ecb352643069d528d0a349
metal_nut,mirnetv2,metal_nut/good/000,0,0.6828739643096924,1eba2448649683f43493f9c9ed1de303e6205cf457ecb352643069d528d0a349
metal_nut,mirnetv2,metal_nut/good/001,0,0.9662938117980957,1eba2448649683f43493f9c9ed1de303e6205cf457ecb352643069d528d0a349
metal_nut,mirnetv2,metal_nut/good/002,0,0.701183557510376,1eba2448649683f43493f9c9ed1de303e6205cf457ecb352643069d528d0a349
metal_nut,mirnetv2,metal_nut/good/003,0,0.8937249779701233,1eba2448649683f43493f9c9ed1de303e6205cf457ecb352643069d528d0a349
metal_nut,mirnetv2,metal_nut/good/004,0,0.8417723774909973,1eba2448649683f43493f9c9ed1de303e6205cf457ecb352643069d528d0a349
metal_nut,mirnetv2,metal_nut/good/005,0,0.6250514388084412,1eba2448649683f43493f9c9ed1de303e6205cf457ecb352643069d528d0a349
metal_nut,mirnetv2,metal_nut/good/006,0,0.5973672866821289,1eba2448649683f43493f9c9ed1de303e6205cf457ecb352643069d528d0a349
metal_nut,mirnetv2,metal_nut/good/007,0,0.5869820713996887,1eba2448649683f43493f9c9ed1de303e6205cf457ecb352643069d528d0a349
metal_nut,mirnetv2,metal_nut/good/008,0,0.6955313086509705,1eba2448649683f43493f9c9ed1de303e6205cf457ecb352643069d528d0a349
metal_nut,mirnetv2,metal_nut/good/009,0,0.5490102171897888,1eba2448649683f43493f9c9ed1de303e6205cf457ecb352643069d528d0a349
metal_nut,mirnetv2,metal_nut/good/010,0,0.6922459602355957,1eba2448649683f43493f9c9ed1de303e6205cf457ecb352643069d528d0a349
metal_nut,mirnetv2,metal_nut/good/011,0,0.6901995539665222,1eba2448649683f43493f9c9ed1de303e6205cf457ecb352643069d528d0a349
metal_nut,mirnetv2,metal_nut/good/012,0,0.530883252620697,1eba2448649683f43493f9c9ed1de303e6205cf457ecb352643069d528d0a349
metal_nut,mirnetv2,metal_nut/good/013,0,0.5693610906600952,1eba2448649683f43493f9c9ed1de303e6205cf457ecb352643069d528d0a349
metal_nut,mirnetv2,metal_nut/good/014,0,0.7153015732765198,1eba2448649683f43493f9c9ed1de303e6205cf457ecb352643069d528d0a349
metal_nut,mirnetv2,metal_nut/good/015,0,0.7357216477394104,1eba2448649683f43493f9c9ed1de303e6205cf457ecb352643069d528d0a349
metal_nut,mirnetv2,metal_nut/good/016,0,0.6616008281707764,1eba2448649683f43493f9c9ed1de303e6205cf457ecb352643069d528d0a349
metal_nut,mirnetv2,metal_nut/good/017,0,0.496809720993042,1eba2448649683f43493f9c9ed1de303e6205cf457ecb352643069d528d0a349
metal_nut,mirnetv2,metal_nut/good/018,0,0.611602246761322,1eba2448649683f43493f9c9ed1de303e6205cf457ecb352643069d528d0a349
metal_nut,mirnetv2,metal_nut/good/019,0,0.5670010447502136,1eba2448649683f43493f9c9ed1de303e6205cf457ecb352643069d528d0a349
metal_nut,mirnetv2,metal_nut/good/020,0,0.6786725521087646,1eba2448649683f43493f9c9ed1de303e6205cf457ecb352643069d528d0a349
metal_nut,mirnetv2,metal_nut/good/021,0,0.5518008470535278,1eba2448649683f43493f9c9ed1de303e6205cf457ecb352643069d528d0a349
metal_nut,mirnetv2,metal_nut/scratch/000,1,0.8821680545806885,1eba2448649683f43493f9c9ed1de303e6205cf457ecb352643069d528d0a349
metal_nut,mirnetv2,metal_nut/scratch/001,1,0.5479282140731812,1eba2448649683f43493f9c9ed1de303e6205cf457ecb352643069d528d0a349
metal_nut,mirnetv2,metal_nut/scratch/002,1,0.5739041566848755,1eba2448649683f43493f9c9ed1de303e6205cf457ecb352643069d528d0a349
metal_nut,mirnetv2,metal_nut/scratch/003,1,0.8965173959732056,1eba2448649683f43493f9c9ed1de303e6205cf457ecb352643069d528d0a349
metal_nut,mirnetv2,metal_nut/scratch/004,1,0.6562415361404419,1eba2448649683f43493f9c9ed1de303e6205cf457ecb352643069d528d0a349
metal_nut,mirnetv2,metal_nut/scratch/005,1,0.40021535754203796,1eba2448649683f43493f9c9ed1de303e6205cf457ecb352643069d528d0a349
metal_nut,mirnetv2,metal_nut/scratch/006,1,0.6070391535758972,1eba2448649683f43493f9c9ed1de303e6205cf457ecb352643069d528d0a349
metal_nut,mirnetv2,metal_nut/scratch/007,1,0.6200876235961914,1eba2448649683f43493f9c9ed1de303e6205cf457ecb352643069d528d0a349
metal_nut,mirnetv2,metal_nut/scratch/008,1,0.5149344801902771,1eba2448649683f43493f9c9ed1de303e6205cf457ecb352643069d528d0a349
metal_nut,mirnetv2,metal_nut/scratch/009,1,0.5465533137321472,1eba2448649683f43493f9c9ed1de303e6205cf457ecb352643069d528d0a349
metal_nut,mirnetv2,metal_nut/scratch/010,1,0.5464301109313965,1eba2448649683f43493f9c9ed1de303e6205cf457ecb352643069d528d0a349
metal_nut,mirnetv2,metal_nut/scratch/011,1,0.7682543992996216,1eba2448649683f43493f9c9ed1de303e6205cf457ecb352643069d528d0a349
metal_nut,mirnetv2,metal_nut/scratch/012,1,0.9542142748832703,1eba2448649683f43493f9c9ed1de303e6205cf457ecb352643069d528d0a349
metal_nut,mirnetv2,metal_nut/scratch/013,1,0.8256839513778687,1eba2448649683f43493f9c9ed1de303e6205cf457ecb352643069d528d0a349
metal_nut,mirnetv2,metal_nut/scratch/014,1,0.5290425419807434,1eba2448649683f43493f9c9ed1de303e6205cf457ecb352643069d528d0a349
metal_nut,mirnetv2,metal_nut/scratch/015,1,0.7800973653793335,1eba2448649683f43493f9c9ed1de303e6205cf457ecb352643069d528d0a349
metal_nut,mirnetv2,metal_nut/scratch/016,1,0.9830982685089111,1eba2448649683f43493f9c9ed1de303e6205cf457ecb352643069d528d0a349
metal_nut,mirnetv2,metal_nut/scratch/017,1,0.4566182494163513,1eba2448649683f43493f9c9ed1de303e6205cf457ecb352643069d528d0a349
metal_nut,mirnetv2,metal_nut/scratch/018,1,0.7227162718772888,1eba2448649683f43493f9c9ed1de303e6205cf457ecb352643069d528d0a349
metal_nut,mirnetv2,metal_nut/scratch/019,1,0.5432593822479248,1eba2448649683f43493f9c9ed1de303e6205cf457ecb352643069d528d0a349
metal_nut,mirnetv2,metal_nut/scratch/020,1,0.6115391850471497,1eba2448649683f43493f9c9ed1de303e6205cf457ecb352643069d528d0a349
metal_nut,mirnetv2,metal_nut/scratch/021,1,0.4960249960422516,1eba2448649683f43493f9c9ed1de303e6205cf457ecb352643069d528d0a349
metal_nut,mirnetv2,metal_nut/scratch/022,1,0.6769893765449524,1eba2448649683f43493f9c9ed1de303e6205cf457ecb352643069d528d0a349
metal_nut,icra,metal_nut/bent/000,1,0.3193902373313904,1eba2448649683f43493f9c9ed1de303e6205cf457ecb352643069d528d0a349
metal_nut,icra,metal_nut/bent/001,1,0.464322954416275,1eba2448649683f43493f9c9ed1de303e6205cf457ecb352643069d528d0a349
metal_nut,icra,metal_nut/bent/002,1,0.34281715750694275,1eba2448649683f43493f9c9ed1de303e6205cf457ecb352643069d528d0a349
metal_nut,icra,metal_nut/bent/003,1,0.29724791646003723,1eba2448649683f43493f9c9ed1de303e6205cf457ecb352643069d528d0a349
metal_nut,icra,metal_nut/bent/004,1,0.28175365924835205,1eba2448649683f43493f9c9ed1de303e6205cf457ecb352643069d528d0a349
metal_nut,icra,metal_nut/bent/005,1,0.4054626226425171,1eba2448649683f43493f9c9ed1de303e6205cf457ecb352643069d528d0a349
metal_nut,icra,metal_nut/bent/006,1,0.5578233599662781,1eba2448649683f43493f9c9ed1de303e6205cf457ecb352643069d528d0a349
metal_nut,icra,metal_nut/bent/007,1,0.4622092843055725,1eba2448649683f43493f9c9ed1de303e6205cf457ecb352643069d528d0a349
metal_nut,icra,metal_nut/bent/008,1,0.5006805062294006,1eba2448649683f43493f9c9ed1de303e6205cf457ecb352643069d528d0a349
metal_nut,icra,metal_nut/bent/009,1,0.3271592855453491,1eba2448649683f43493f9c9ed1de303e6205cf457ecb352643069d528d0a349
metal_nut,icra,metal_nut/bent/010,1,0.5698794722557068,1eba2448649683f43493f9c9ed1de303e6205cf457ecb352643069d528d0a349
metal_nut,icra,metal_nut/bent/011,1,0.5722368955612183,1eba2448649683f43493f9c9ed1de303e6205cf457ecb352643069d528d0a349
metal_nut,icra,metal_nut/bent/012,1,0.45551052689552307,1eba2448649683f43493f9c9ed1de303e6205cf457ecb352643069d528d0a349
metal_nut,icra,metal_nut/bent/013,1,0.34477612376213074,1eba2448649683f43493f9c9ed1de303e6205cf457ecb352643069d528d0a349
metal_nut,icra,metal_nut/bent/014,1,0.5521492958068848,1eba2448649683f43493f9c9ed1de303e6205cf457ecb352643069d528d0a349
metal_nut,icra,metal_nut/bent/015,1,0.2851397395133972,1eba2448649683f43493f9c9ed1de303e6205cf457ecb352643069d528d0a349
metal_nut,icra,metal_nut/bent/016,1,0.41585901379585266,1eba2448649683f43493f9c9ed1de303e6205cf457ecb352643069d528d0a349
metal_nut,icra,metal_nut/bent/017,1,0.24147671461105347,1eba2448649683f43493f9c9ed1de303e6205cf457ecb352643069d528d0a349
metal_nut,icra,metal_nut/bent/018,1,0.5940245389938354,1eba2448649683f43493f9c9ed1de303e6205cf457ecb352643069d528d0a349
metal_nut,icra,metal_nut/bent/019,1,0.537955105304718,1eba2448649683f43493f9c9ed1de303e6205cf457ecb352643069d528d0a349
metal_nut,icra,metal_nut/bent/020,1,0.38529640436172485,1eba2448649683f43493f9c9ed1de303e6205cf457ecb352643069d528d0a349
metal_nut,icra,metal_nut/bent/021,1,0.5489543676376343,1eba2448649683f43493f9c9ed1de303e6205cf457ecb352643069d528d0a349
metal_nut,icra,metal_nut/bent/022,1,0.4660548269748688,1eba2448649683f43493f9c9ed1de303e6205cf457ecb352643069d528d0a349
metal_nut,icra,metal_nut/bent/023,1,0.379312127828598,1eba2448649683f43493f9c9ed1de303e6205cf457ecb352643069d528d0a349
metal_nut,icra,metal_nut/bent/024,1,0.5224448442459106,1eba2448649683f43493f9c9ed1de303e6205cf457ecb352643069d528d0a349
metal_nut,icra,metal_nut/color/000,1,0.6051630973815918,1eba2448649683f43493f9c9ed1de303e6205cf457ecb352643069d528d0a349
metal_nut,icra,metal_nut/color/001,1,0.35706856846809387,1eba2448649683f43493f9c9ed1de303e6205cf457ecb352643069d528d0a349
metal_nut,icra,metal_nut/color/002,1,0.3612881898880005,1eba2448649683f43493f9c9ed1de303e6205cf457ecb352643069d528d0a349
metal_nut,icra,metal_nut/color/003,1,0.46398138999938965,1eba2448649683f43493f9c9ed1de303e6205cf457ecb352643069d528d0a349
metal_nut,icra,metal_nut/color/004,1,0.4365517795085907,1eba2448649683f43493f9c9ed1de303e6205cf457ecb352643069d528d0a349
metal_nut,icra,metal_nut/color/005,1,0.5063998103141785,1eba2448649683f43493f9c9ed1de303e6205cf457ecb352643069d528d0a349
metal_nut,icra,metal_nut/color/006,1,0.22130538523197174,1eba2448649683f43493f9c9ed1de303e6205cf457ecb352643069d528d0a349
metal_nut,icra,metal_nut/color/007,1,0.25320857763290405,1eba2448649683f43493f9c9ed1de303e6205cf457ecb352643069d528d0a349
metal_nut,icra,metal_nut/color/008,1,0.5719072222709656,1eba2448649683f43493f9c9ed1de303e6205cf457ecb352643069d528d0a349
metal_nut,icra,metal_nut/color/009,1,0.5080186128616333,1eba2448649683f43493f9c9ed1de303e6205cf457ecb352643069d528d0a349
metal_nut,icra,metal_nut/color/010,1,0.5000181794166565,1eba2448649683f43493f9c9ed1de303e6205cf457ecb352643069d528d0a349
metal_nut,icra,metal_nut/color/011,1,0.4108894467353821,1eba2448649683f43493f9c9ed1de303e6205cf457ecb352643069d528d0a349
metal_nut,icra,metal_nut/color/012,1,0.4716208577156067,1eba2448649683f43493f9c9ed1de303e6205cf457ecb352643069d528d0a349
metal_nut,icra,metal_nut/color/013,1,0.28964465856552124,1eba2448649683f43493f9c9ed1de303e6205cf457ecb352643069d528d0a349
metal_nut,icra,metal_nut/color/014,1,0.43534648418426514,1eba2448649683f43493f9c9ed1de303e6205cf457ecb352643069d528d0a349
metal_nut,icra,metal_nut/color/015,1,0.47075900435447693,1eba2448649683f43493f9c9ed1de303e6205cf457ecb352643069d528d0a349
metal_nut,icra,metal_nut/color/016,1,0.3014862835407257,1eba2448649683f43493f9c9ed1de303e6205cf457ecb352643069d528d0a349
metal_nut,icra,metal_nut/color/017,1,0.5979668498039246,1eba2448649683f43493f9c9ed1de303e6205cf457ecb352643069d528d0a349
metal_nut,icra,metal_nut/color/018,1,0.38703012466430664,1eba2448649683f43493f9c9ed1de303e6205cf457ecb352643069d528d0a349
metal_nut,icra,metal_nut/color/019,1,0.28289687633514404,1eba2448649683f43493f9c9ed1de303e6205cf457ecb352643069d528d0a349
metal_nut,icra,metal_nut/color/020,1,0.43626868724823,1eba2448649683f43493f9c9ed1de303e6205cf457ecb352643069d528d0a349
metal_nut,icra,metal_nut/color/021,1,0.42601585388183594,1eba2448649683f43493f9c9ed1de303e6205cf457ecb352643069d528d0a349
metal_nut,icra,metal_nut/flip/000,1,0.3341023325920105,1eba2448649683f43493f9c9ed1de303e6205cf457ecb352643069d528d0a349
metal_nut,icra,metal_nut/flip/001,1,0.44608089327812195,1eba2448649683f43493f9c9ed1de303e6205cf457ecb352643069d528d0a349
metal_nut,icra,metal_nut/flip/002,1,0.42217832803726196,1eba2448649683f43493f9c9ed1de303e6205cf457ecb352643069d528d0a349
metal_nut,icra,metal_nut/flip/003,1,0.42661699652671814,1eba2448649683f43493f9c9ed1de303e6205cf457ecb352643069d528d0a349
metal_nut,icra,metal_nut/flip/004,1,0.33034420013427734,1eba2448649683f43493f9c9ed1de303e6205cf457ecb352643069d528d0a349
metal_nut,icra,metal_nut/flip/005,1,0.3008480370044708,1eba2448649683f43493f9c9ed1de303e6205cf457ecb352643069d528d0a349
metal_nut,icra,metal_nut/flip/006,1,0.4167414605617523,1eba2448649683f43493f9c9ed1de303e6205cf457ecb352643069d528d0a349
metal_nut,icra,metal_nut/flip/007,1,0.39632710814476013,1eba2448649683f43493f9c9ed1de303e6205cf457ecb352643069d528d0a349
metal_nut,icra,metal_nut/flip/008,1,0.3902477025985718,1eba2448649683f43493f9c9ed1de303e6205cf457ecb352643069d528d0a349
metal_nut,icra,metal_nut/flip/009,1,0.3158543109893799,1eba2448649683f43493f9c9ed1de303e6205cf457ecb352643069d528d0a349
metal_nut,icra,metal_nut/flip/010,1,0.38162750005722046,1eba2448649683f43493f9c9ed1de303e6205cf457ecb352643069d528d0a349
metal_nut,icra,metal_nut/flip/011,1,0.3709525465965271,1eba2448649683f43493f9c9ed1de303e6205cf457ecb352643069d528d0a349
metal_nut,icra,metal_nut/flip/012,1,0.3358701765537262,1eba2448649683f43493f9c9ed1de303e6205cf457ecb352643069d528d0a349
metal_nut,icra,metal_nut/flip/013,1,0.28124144673347473,1eba2448649683f43493f9c9ed1de303e6205cf457ecb352643069d528d0a349
metal_nut,icra,metal_nut/flip/014,1,0.2964501678943634,1eba2448649683f43493f9c9ed1de303e6205cf457ecb352643069d528d0a349
metal_nut,icra,metal_nut/flip/015,1,0.34185677766799927,1eba2448649683f43493f9c9ed1de303e6205cf457ecb352643069d528d0a349
metal_nut,icra,metal_nut/flip/016,1,0.3612707853317261,1eba2448649683f43493f9c9ed1de303e6205cf457ecb352643069d528d0a349
metal_nut,icra,metal_nut/flip/017,1,0.4478650987148285,1eba2448649683f43493f9c9ed1de303e6205cf457ecb352643069d528d0a349
metal_nut,icra,metal_nut/flip/018,1,0.40057656168937683,1eba2448649683f43493f9c9ed1de303e6205cf457ecb352643069d528d0a349
metal_nut,icra,metal_nut/flip/019,1,0.4610040485858917,1eba2448649683f43493f9c9ed1de303e6205cf457ecb352643069d528d0a349
metal_nut,icra,metal_nut/flip/020,1,0.38615983724594116,1eba2448649683f43493f9c9ed1de303e6205cf457ecb352643069d528d0a349
metal_nut,icra,metal_nut/flip/021,1,0.3998766839504242,1eba2448649683f43493f9c9ed1de303e6205cf457ecb352643069d528d0a349
metal_nut,icra,metal_nut/flip/022,1,0.37754586338996887,1eba2448649683f43493f9c9ed1de303e6205cf457ecb352643069d528d0a349
metal_nut,icra,metal_nut/good/000,0,0.3820571303367615,1eba2448649683f43493f9c9ed1de303e6205cf457ecb352643069d528d0a349
metal_nut,icra,metal_nut/good/001,0,0.5850726366043091,1eba2448649683f43493f9c9ed1de303e6205cf457ecb352643069d528d0a349
metal_nut,icra,metal_nut/good/002,0,0.2827633321285248,1eba2448649683f43493f9c9ed1de303e6205cf457ecb352643069d528d0a349
metal_nut,icra,metal_nut/good/003,0,0.6588817238807678,1eba2448649683f43493f9c9ed1de303e6205cf457ecb352643069d528d0a349
metal_nut,icra,metal_nut/good/004,0,0.43996745347976685,1eba2448649683f43493f9c9ed1de303e6205cf457ecb352643069d528d0a349
metal_nut,icra,metal_nut/good/005,0,0.4302075505256653,1eba2448649683f43493f9c9ed1de303e6205cf457ecb352643069d528d0a349
metal_nut,icra,metal_nut/good/006,0,0.268069863319397,1eba2448649683f43493f9c9ed1de303e6205cf457ecb352643069d528d0a349
metal_nut,icra,metal_nut/good/007,0,0.5588544607162476,1eba2448649683f43493f9c9ed1de303e6205cf457ecb352643069d528d0a349
metal_nut,icra,metal_nut/good/008,0,0.447365403175354,1eba2448649683f43493f9c9ed1de303e6205cf457ecb352643069d528d0a349
metal_nut,icra,metal_nut/good/009,0,0.33171162009239197,1eba2448649683f43493f9c9ed1de303e6205cf457ecb352643069d528d0a349
metal_nut,icra,metal_nut/good/010,0,0.5072727799415588,1eba2448649683f43493f9c9ed1de303e6205cf457ecb352643069d528d0a349
metal_nut,icra,metal_nut/good/011,0,0.47626596689224243,1eba2448649683f43493f9c9ed1de303e6205cf457ecb352643069d528d0a349
metal_nut,icra,metal_nut/good/012,0,0.48298630118370056,1eba2448649683f43493f9c9ed1de303e6205cf457ecb352643069d528d0a349
metal_nut,icra,metal_nut/good/013,0,0.3671823740005493,1eba2448649683f43493f9c9ed1de303e6205cf457ecb352643069d528d0a349
metal_nut,icra,metal_nut/good/014,0,0.40544968843460083,1eba2448649683f43493f9c9ed1de303e6205cf457ecb352643069d528d0a349
metal_nut,icra,metal_nut/good/015,0,0.48911452293395996,1eba2448649683f43493f9c9ed1de303e6205cf457ecb352643069d528d0a349
metal_nut,icra,metal_nut/good/016,0,0.27425381541252136,1eba2448649683f43493f9c9ed1de303e6205cf457ecb352643069d528d0a349
metal_nut,icra,metal_nut/good/017,0,0.2511335015296936,1eba2448649683f43493f9c9ed1de303e6205cf457ecb352643069d528d0a349
metal_nut,icra,metal_nut/good/018,0,0.22836188971996307,1eba2448649683f43493f9c9ed1de303e6205cf457ecb352643069d528d0a349
metal_nut,icra,metal_nut/good/019,0,0.33633002638816833,1eba2448649683f43493f9c9ed1de303e6205cf457ecb352643069d528d0a349
metal_nut,icra,metal_nut/good/020,0,0.5058503150939941,1eba2448649683f43493f9c9ed1de303e6205cf457ecb352643069d528d0a349
metal_nut,icra,metal_nut/good/021,0,0.29564809799194336,1eba2448649683f43493f9c9ed1de303e6205cf457ecb352643069d528d0a349
metal_nut,icra,metal_nut/scratch/000,1,0.5369784832000732,1eba2448649683f43493f9c9ed1de303e6205cf457ecb352643069d528d0a349
metal_nut,icra,metal_nut/scratch/001,1,0.2577905058860779,1eba2448649683f43493f9c9ed1de303e6205cf457ecb352643069d528d0a349
metal_nut,icra,metal_nut/scratch/002,1,0.2891582250595093,1eba2448649683f43493f9c9ed1de303e6205cf457ecb352643069d528d0a349
metal_nut,icra,metal_nut/scratch/003,1,0.6234416365623474,1eba2448649683f43493f9c9ed1de303e6205cf457ecb352643069d528d0a349
metal_nut,icra,metal_nut/scratch/004,1,0.44622287154197693,1eba2448649683f43493f9c9ed1de303e6205cf457ecb352643069d528d0a349
metal_nut,icra,metal_nut/scratch/005,1,0.2886578142642975,1eba2448649683f43493f9c9ed1de303e6205cf457ecb352643069d528d0a349
metal_nut,icra,metal_nut/scratch/006,1,0.373089075088501,1eba2448649683f43493f9c9ed1de303e6205cf457ecb352643069d528d0a349
metal_nut,icra,metal_nut/scratch/007,1,0.3045164942741394,1eba2448649683f43493f9c9ed1de303e6205cf457ecb352643069d528d0a349
metal_nut,icra,metal_nut/scratch/008,1,0.3419724702835083,1eba2448649683f43493f9c9ed1de303e6205cf457ecb352643069d528d0a349
metal_nut,icra,metal_nut/scratch/009,1,0.2892149090766907,1eba2448649683f43493f9c9ed1de303e6205cf457ecb352643069d528d0a349
metal_nut,icra,metal_nut/scratch/010,1,0.2574694752693176,1eba2448649683f43493f9c9ed1de303e6205cf457ecb352643069d528d0a349
metal_nut,icra,metal_nut/scratch/011,1,0.40984660387039185,1eba2448649683f43493f9c9ed1de303e6205cf457ecb352643069d528d0a349
metal_nut,icra,metal_nut/scratch/012,1,0.5568047165870667,1eba2448649683f43493f9c9ed1de303e6205cf457ecb352643069d528d0a349
metal_nut,icra,metal_nut/scratch/013,1,0.5331180095672607,1eba2448649683f43493f9c9ed1de303e6205cf457ecb352643069d528d0a349
metal_nut,icra,metal_nut/scratch/014,1,0.3064848780632019,1eba2448649683f43493f9c9ed1de303e6205cf457ecb352643069d528d0a349
metal_nut,icra,metal_nut/scratch/015,1,0.5532967448234558,1eba2448649683f43493f9c9ed1de303e6205cf457ecb352643069d528d0a349
metal_nut,icra,metal_nut/scratch/016,1,0.6218096017837524,1eba2448649683f43493f9c9ed1de303e6205cf457ecb352643069d528d0a349
metal_nut,icra,metal_nut/scratch/017,1,0.27493810653686523,1eba2448649683f43493f9c9ed1de303e6205cf457ecb352643069d528d0a349
metal_nut,icra,metal_nut/scratch/018,1,0.5443029999732971,1eba2448649683f43493f9c9ed1de303e6205cf457ecb352643069d528d0a349
metal_nut,icra,metal_nut/scratch/019,1,0.3039036691188812,1eba2448649683f43493f9c9ed1de303e6205cf457ecb352643069d528d0a349
metal_nut,icra,metal_nut/scratch/020,1,0.22340461611747742,1eba2448649683f43493f9c9ed1de303e6205cf457ecb352643069d528d0a349
metal_nut,icra,metal_nut/scratch/021,1,0.30652695894241333,1eba2448649683f43493f9c9ed1de303e6205cf457ecb352643069d528d0a349
metal_nut,icra,metal_nut/scratch/022,1,0.5368542671203613,1eba2448649683f43493f9c9ed1de303e6205cf457ecb352643069d528d0a349
pill,dark,pill/color/000,1,0.49717625975608826,16c7632d1aac319d2d3e9d2c8315de4b56b42a4d19fa270efabe351730277d90
pill,dark,pill/color/001,1,0.48641854524612427,16c7632d1aac319d2d3e9d2c8315de4b56b42a4d19fa270efabe351730277d90
pill,dark,pill/color/002,1,0.46888959407806396,16c7632d1aac319d2d3e9d2c8315de4b56b42a4d19fa270efabe351730277d90
pill,dark,pill/color/003,1,0.4607720971107483,16c7632d1aac319d2d3e9d2c8315de4b56b42a4d19fa270efabe351730277d90
pill,dark,pill/color/004,1,0.46254587173461914,16c7632d1aac319d2d3e9d2c8315de4b56b42a4d19fa270efabe351730277d90
pill,dark,pill/color/005,1,0.4853832423686981,16c7632d1aac319d2d3e9d2c8315de4b56b42a4d19fa270efabe351730277d90
pill,dark,pill/color/006,1,0.5080873966217041,16c7632d1aac319d2d3e9d2c8315de4b56b42a4d19fa270efabe351730277d90
pill,dark,pill/color/007,1,0.4866830110549927,16c7632d1aac319d2d3e9d2c8315de4b56b42a4d19fa270efabe351730277d90
pill,dark,pill/color/008,1,0.48845401406288147,16c7632d1aac319d2d3e9d2c8315de4b56b42a4d19fa270efabe351730277d90
pill,dark,pill/color/009,1,0.5377486348152161,16c7632d1aac319d2d3e9d2c8315de4b56b42a4d19fa270efabe351730277d90
pill,dark,pill/color/010,1,0.50506192445755,16c7632d1aac319d2d3e9d2c8315de4b56b42a4d19fa270efabe351730277d90
pill,dark,pill/color/011,1,0.49098289012908936,16c7632d1aac319d2d3e9d2c8315de4b56b42a4d19fa270efabe351730277d90
pill,dark,pill/color/012,1,0.5475889444351196,16c7632d1aac319d2d3e9d2c8315de4b56b42a4d19fa270efabe351730277d90
pill,dark,pill/color/013,1,0.5063265562057495,16c7632d1aac319d2d3e9d2c8315de4b56b42a4d19fa270efabe351730277d90
pill,dark,pill/color/014,1,0.5743809342384338,16c7632d1aac319d2d3e9d2c8315de4b56b42a4d19fa270efabe351730277d90
pill,dark,pill/color/015,1,0.5206984877586365,16c7632d1aac319d2d3e9d2c8315de4b56b42a4d19fa270efabe351730277d90
pill,dark,pill/color/016,1,0.5465337038040161,16c7632d1aac319d2d3e9d2c8315de4b56b42a4d19fa270efabe351730277d90
pill,dark,pill/color/017,1,0.46088796854019165,16c7632d1aac319d2d3e9d2c8315de4b56b42a4d19fa270efabe351730277d90
pill,dark,pill/color/018,1,0.4834771454334259,16c7632d1aac319d2d3e9d2c8315de4b56b42a4d19fa270efabe351730277d90
pill,dark,pill/color/019,1,0.5550724864006042,16c7632d1aac319d2d3e9d2c8315de4b56b42a4d19fa270efabe351730277d90
pill,dark,pill/color/020,1,0.4808735251426697,16c7632d1aac319d2d3e9d2c8315de4b56b42a4d19fa270efabe351730277d90
pill,dark,pill/color/021,1,0.5455945134162903,16c7632d1aac319d2d3e9d2c8315de4b56b42a4d19fa270efabe351730277d90
pill,dark,pill/color/022,1,0.47401440143585205,16c7632d1aac319d2d3e9d2c8315de4b56b42a4d19fa270efabe351730277d90
pill,dark,pill/color/023,1,0.4663638770580292,16c7632d1aac319d2d3e9d2c8315de4b56b42a4d19fa270efabe351730277d90
pill,dark,pill/color/024,1,0.48753368854522705,16c7632d1aac319d2d3e9d2c8315de4b56b42a4d19fa270efabe351730277d90
pill,dark,pill/combined/000,1,0.5016411542892456,16c7632d1aac319d2d3e9d2c8315de4b56b42a4d19fa270efabe351730277d90
pill,dark,pill/combined/001,1,0.4882001280784607,16c7632d1aac319d2d3e9d2c8315de4b56b42a4d19fa270efabe351730277d90
pill,dark,pill/combined/002,1,0.4612020254135132,16c7632d1aac319d2d3e9d2c8315de4b56b42a4d19fa270efabe351730277d90
pill,dark,pill/combined/003,1,0.4592592418193817,16c7632d1aac319d2d3e9d2c8315de4b56b42a4d19fa270efabe351730277d90
pill,dark,pill/combined/004,1,0.45678043365478516,16c7632d1aac319d2d3e9d2c8315de4b56b42a4d19fa270efabe351730277d90
pill,dark,pill/combined/005,1,0.5169057846069336,16c7632d1aac319d2d3e9d2c8315de4b56b42a4d19fa270efabe351730277d90
pill,dark,pill/combined/006,1,0.461985319852829,16c7632d1aac319d2d3e9d2c8315de4b56b42a4d19fa270efabe351730277d90
pill,dark,pill/combined/007,1,0.5242392420768738,16c7632d1aac319d2d3e9d2c8315de4b56b42a4d19fa270efabe351730277d90
pill,dark,pill/combined/008,1,0.4948466122150421,16c7632d1aac319d2d3e9d2c8315de4b56b42a4d19fa270efabe351730277d90
pill,dark,pill/combined/009,1,0.4791508913040161,16c7632d1aac319d2d3e9d2c8315de4b56b42a4d19fa270efabe351730277d90
pill,dark,pill/combined/010,1,0.47506120800971985,16c7632d1aac319d2d3e9d2c8315de4b56b42a4d19fa270efabe351730277d90
pill,dark,pill/combined/011,1,0.5164551138877869,16c7632d1aac319d2d3e9d2c8315de4b56b42a4d19fa270efabe351730277d90
pill,dark,pill/combined/012,1,0.516162097454071,16c7632d1aac319d2d3e9d2c8315de4b56b42a4d19fa270efabe351730277d90
pill,dark,pill/combined/013,1,0.46785974502563477,16c7632d1aac319d2d3e9d2c8315de4b56b42a4d19fa270efabe351730277d90
pill,dark,pill/combined/014,1,0.4722283184528351,16c7632d1aac319d2d3e9d2c8315de4b56b42a4d19fa270efabe351730277d90
pill,dark,pill/combined/015,1,0.49720650911331177,16c7632d1aac319d2d3e9d2c8315de4b56b42a4d19fa270efabe351730277d90
pill,dark,pill/combined/016,1,0.48599526286125183,16c7632d1aac319d2d3e9d2c8315de4b56b42a4d19fa270efabe351730277d90
pill,dark,pill/contamination/000,1,0.5031207203865051,16c7632d1aac319d2d3e9d2c8315de4b56b42a4d19fa270efabe351730277d90
pill,dark,pill/contamination/001,1,0.48192211985588074,16c7632d1aac319d2d3e9d2c8315de4b56b42a4d19fa270efabe351730277d90
pill,dark,pill/contamination/002,1,0.4828408658504486,16c7632d1aac319d2d3e9d2c8315de4b56b42a4d19fa270efabe351730277d90
pill,dark,pill/contamination/003,1,0.5653929710388184,16c7632d1aac319d2d3e9d2c8315de4b56b42a4d19fa270efabe351730277d90
pill,dark,pill/contamination/004,1,0.4735543429851532,16c7632d1aac319d2d3e9d2c8315de4b56b42a4d19fa270efabe351730277d90
pill,dark,pill/contamination/005,1,0.4979632496833801,16c7632d1aac319d2d3e9d2c8315de4b56b42a4d19fa270efabe351730277d90
pill,dark,pill/contamination/006,1,0.5136238932609558,16c7632d1aac319d2d3e9d2c8315de4b56b42a4d19fa270efabe351730277d90
pill,dark,pill/contamination/007,1,0.4852185547351837,16c7632d1aac319d2d3e9d2c8315de4b56b42a4d19fa270efabe351730277d90
pill,dark,pill/contamination/008,1,0.5062439441680908,16c7632d1aac319d2d3e9d2c8315de4b56b42a4d19fa270efabe351730277d90
pill,dark,pill/contamination/009,1,0.48036035895347595,16c7632d1aac319d2d3e9d2c8315de4b56b42a4d19fa270efabe351730277d90
pill,dark,pill/contamination/010,1,0.47641000151634216,16c7632d1aac319d2d3e9d2c8315de4b56b42a4d19fa270efabe351730277d90
pill,dark,pill/contamination/011,1,0.5223167538642883,16c7632d1aac319d2d3e9d2c8315de4b56b42a4d19fa270efabe351730277d90
pill,dark,pill/contamination/012,1,0.5111880302429199,16c7632d1aac319d2d3e9d2c8315de4b56b42a4d19fa270efabe351730277d90
pill,dark,pill/contamination/013,1,0.4914233088493347,16c7632d1aac319d2d3e9d2c8315de4b56b42a4d19fa270efabe351730277d90
pill,dark,pill/contamination/014,1,0.5638460516929626,16c7632d1aac319d2d3e9d2c8315de4b56b42a4d19fa270efabe351730277d90
pill,dark,pill/contamination/015,1,0.4621925354003906,16c7632d1aac319d2d3e9d2c8315de4b56b42a4d19fa270efabe351730277d90
pill,dark,pill/contamination/016,1,0.5408512353897095,16c7632d1aac319d2d3e9d2c8315de4b56b42a4d19fa270efabe351730277d90
pill,dark,pill/contamination/017,1,0.5206195116043091,16c7632d1aac319d2d3e9d2c8315de4b56b42a4d19fa270efabe351730277d90
pill,dark,pill/contamination/018,1,0.47600075602531433,16c7632d1aac319d2d3e9d2c8315de4b56b42a4d19fa270efabe351730277d90
pill,dark,pill/contamination/019,1,0.4765928387641907,16c7632d1aac319d2d3e9d2c8315de4b56b42a4d19fa270efabe351730277d90
pill,dark,pill/contamination/020,1,0.5792838931083679,16c7632d1aac319d2d3e9d2c8315de4b56b42a4d19fa270efabe351730277d90
pill,dark,pill/crack/000,1,0.5564603209495544,16c7632d1aac319d2d3e9d2c8315de4b56b42a4d19fa270efabe351730277d90
pill,dark,pill/crack/001,1,0.49223196506500244,16c7632d1aac319d2d3e9d2c8315de4b56b42a4d19fa270efabe351730277d90
pill,dark,pill/crack/002,1,0.4795217216014862,16c7632d1aac319d2d3e9d2c8315de4b56b42a4d19fa270efabe351730277d90
pill,dark,pill/crack/003,1,0.5307478904724121,16c7632d1aac319d2d3e9d2c8315de4b56b42a4d19fa270efabe351730277d90
pill,dark,pill/crack/004,1,0.5067582726478577,16c7632d1aac319d2d3e9d2c8315de4b56b42a4d19fa270efabe351730277d90
pill,dark,pill/crack/005,1,0.48736104369163513,16c7632d1aac319d2d3e9d2c8315de4b56b42a4d19fa270efabe351730277d90
pill,dark,pill/crack/006,1,0.5640068650245667,16c7632d1aac319d2d3e9d2c8315de4b56b42a4d19fa270efabe351730277d90
pill,dark,pill/crack/007,1,0.5138475894927979,16c7632d1aac319d2d3e9d2c8315de4b56b42a4d19fa270efabe351730277d90
pill,dark,pill/crack/008,1,0.5199156403541565,16c7632d1aac319d2d3e9d2c8315de4b56b42a4d19fa270efabe351730277d90
pill,dark,pill/crack/009,1,0.5377756357192993,16c7632d1aac319d2d3e9d2c8315de4b56b42a4d19fa270efabe351730277d90
pill,dark,pill/crack/010,1,0.49451279640197754,16c7632d1aac319d2d3e9d2c8315de4b56b42a4d19fa270efabe351730277d90
pill,dark,pill/crack/011,1,0.4875022768974304,16c7632d1aac319d2d3e9d2c8315de4b56b42a4d19fa270efabe351730277d90
pill,dark,pill/crack/012,1,0.5006007552146912,16c7632d1aac319d2d3e9d2c8315de4b56b42a4d19fa270efabe351730277d90
pill,dark,pill/crack/013,1,0.4752705693244934,16c7632d1aac319d2d3e9d2c8315de4b56b42a4d19fa270efabe351730277d90
pill,dark,pill/crack/014,1,0.553098201751709,16c7632d1aac319d2d3e9d2c8315de4b56b42a4d19fa270efabe351730277d90
pill,dark,pill/crack/015,1,0.4974348545074463,16c7632d1aac319d2d3e9d2c8315de4b56b42a4d19fa270efabe351730277d90
pill,dark,pill/crack/016,1,0.46303439140319824,16c7632d1aac319d2d3e9d2c8315de4b56b42a4d19fa270efabe351730277d90
pill,dark,pill/crack/017,1,0.5813341736793518,16c7632d1aac319d2d3e9d2c8315de4b56b42a4d19fa270efabe351730277d90
pill,dark,pill/crack/018,1,0.4877740442752838,16c7632d1aac319d2d3e9d2c8315de4b56b42a4d19fa270efabe351730277d90
pill,dark,pill/crack/019,1,0.5404993891716003,16c7632d1aac319d2d3e9d2c8315de4b56b42a4d19fa270efabe351730277d90
pill,dark,pill/crack/020,1,0.5698567032814026,16c7632d1aac319d2d3e9d2c8315de4b56b42a4d19fa270efabe351730277d90
pill,dark,pill/crack/021,1,0.493413507938385,16c7632d1aac319d2d3e9d2c8315de4b56b42a4d19fa270efabe351730277d90
pill,dark,pill/crack/022,1,0.48123738169670105,16c7632d1aac319d2d3e9d2c8315de4b56b42a4d19fa270efabe351730277d90
pill,dark,pill/crack/023,1,0.4766157865524292,16c7632d1aac319d2d3e9d2c8315de4b56b42a4d19fa270efabe351730277d90
pill,dark,pill/crack/024,1,0.568143367767334,16c7632d1aac319d2d3e9d2c8315de4b56b42a4d19fa270efabe351730277d90
pill,dark,pill/crack/025,1,0.5498670935630798,16c7632d1aac319d2d3e9d2c8315de4b56b42a4d19fa270efabe351730277d90
pill,dark,pill/faulty_imprint/000,1,0.5576382875442505,16c7632d1aac319d2d3e9d2c8315de4b56b42a4d19fa270efabe351730277d90
pill,dark,pill/faulty_imprint/001,1,0.5481720566749573,16c7632d1aac319d2d3e9d2c8315de4b56b42a4d19fa270efabe351730277d90
pill,dark,pill/faulty_imprint/002,1,0.49160876870155334,16c7632d1aac319d2d3e9d2c8315de4b56b42a4d19fa270efabe351730277d90
pill,dark,pill/faulty_imprint/003,1,0.5000186562538147,16c7632d1aac319d2d3e9d2c8315de4b56b42a4d19fa270efabe351730277d90
pill,dark,pill/faulty_imprint/004,1,0.5635055899620056,16c7632d1aac319d2d3e9d2c8315de4b56b42a4d19fa270efabe351730277d90
pill,dark,pill/faulty_imprint/005,1,0.47452014684677124,16c7632d1aac319d2d3e9d2c8315de4b56b42a4d19fa270efabe351730277d90
pill,dark,pill/faulty_imprint/006,1,0.5022571086883545,16c7632d1aac319d2d3e9d2c8315de4b56b42a4d19fa270efabe351730277d90
pill,dark,pill/faulty_imprint/007,1,0.48359042406082153,16c7632d1aac319d2d3e9d2c8315de4b56b42a4d19fa270efabe351730277d90
pill,dark,pill/faulty_imprint/008,1,0.46927934885025024,16c7632d1aac319d2d3e9d2c8315de4b56b42a4d19fa270efabe351730277d90
pill,dark,pill/faulty_imprint/009,1,0.49258139729499817,16c7632d1aac319d2d3e9d2c8315de4b56b42a4d19fa270efabe351730277d90
pill,dark,pill/faulty_imprint/010,1,0.5038572549819946,16c7632d1aac319d2d3e9d2c8315de4b56b42a4d19fa270efabe351730277d90
pill,dark,pill/faulty_imprint/011,1,0.4854823648929596,16c7632d1aac319d2d3e9d2c8315de4b56b42a4d19fa270efabe351730277d90
pill,dark,pill/faulty_imprint/012,1,0.5034766793251038,16c7632d1aac319d2d3e9d2c8315de4b56b42a4d19fa270efabe351730277d90
pill,dark,pill/faulty_imprint/013,1,0.5450920462608337,16c7632d1aac319d2d3e9d2c8315de4b56b42a4d19fa270efabe351730277d90
pill,dark,pill/faulty_imprint/014,1,0.5595996975898743,16c7632d1aac319d2d3e9d2c8315de4b56b42a4d19fa270efabe351730277d90
pill,dark,pill/faulty_imprint/015,1,0.5059842467308044,16c7632d1aac319d2d3e9d2c8315de4b56b42a4d19fa270efabe351730277d90
pill,dark,pill/faulty_imprint/016,1,0.5599808692932129,16c7632d1aac319d2d3e9d2c8315de4b56b42a4d19fa270efabe351730277d90
pill,dark,pill/faulty_imprint/017,1,0.478315144777298,16c7632d1aac319d2d3e9d2c8315de4b56b42a4d19fa270efabe351730277d90
pill,dark,pill/faulty_imprint/018,1,0.5055184364318848,16c7632d1aac319d2d3e9d2c8315de4b56b42a4d19fa270efabe351730277d90
pill,dark,pill/good/000,0,0.5243740677833557,16c7632d1aac319d2d3e9d2c8315de4b56b42a4d19fa270efabe351730277d90
pill,dark,pill/good/001,0,0.4899575412273407,16c7632d1aac319d2d3e9d2c8315de4b56b42a4d19fa270efabe351730277d90
pill,dark,pill/good/002,0,0.5715436935424805,16c7632d1aac319d2d3e9d2c8315de4b56b42a4d19fa270efabe351730277d90
pill,dark,pill/good/003,0,0.4852091670036316,16c7632d1aac319d2d3e9d2c8315de4b56b42a4d19fa270efabe351730277d90
pill,dark,pill/good/004,0,0.5220906138420105,16c7632d1aac319d2d3e9d2c8315de4b56b42a4d19fa270efabe351730277d90
pill,dark,pill/good/005,0,0.5564671754837036,16c7632d1aac319d2d3e9d2c8315de4b56b42a4d19fa270efabe351730277d90
pill,dark,pill/good/006,0,0.5745916366577148,16c7632d1aac319d2d3e9d2c8315de4b56b42a4d19fa270efabe351730277d90
pill,dark,pill/good/007,0,0.4819546639919281,16c7632d1aac319d2d3e9d2c8315de4b56b42a4d19fa270efabe351730277d90
pill,dark,pill/good/008,0,0.4976106882095337,16c7632d1aac319d2d3e9d2c8315de4b56b42a4d19fa270efabe351730277d90
pill,dark,pill/good/009,0,0.510260283946991,16c7632d1aac319d2d3e9d2c8315de4b56b42a4d19fa270efabe351730277d90
pill,dark,pill/good/010,0,0.5650046467781067,16c7632d1aac319d2d3e9d2c8315de4b56b42a4d19fa270efabe351730277d90
pill,dark,pill/good/011,0,0.48525527119636536,16c7632d1aac319d2d3e9d2c8315de4b56b42a4d19fa270efabe351730277d90
pill,dark,pill/good/012,0,0.5672973394393921,16c7632d1aac319d2d3e9d2c8315de4b56b42a4d19fa270efabe351730277d90
pill,dark,pill/good/013,0,0.5440018773078918,16c7632d1aac319d2d3e9d2c8315de4b56b42a4d19fa270efabe351730277d90
pill,dark,pill/good/014,0,0.47538769245147705,16c7632d1aac319d2d3e9d2c8315de4b56b42a4d19fa270efabe351730277d90
pill,dark,pill/good/015,0,0.5121595859527588,16c7632d1aac319d2d3e9d2c8315de4b56b42a4d19fa270efabe351730277d90
pill,dark,pill/good/016,0,0.5669537782669067,16c7632d1aac319d2d3e9d2c8315de4b56b42a4d19fa270efabe351730277d90
pill,dark,pill/good/017,0,0.5418665409088135,16c7632d1aac319d2d3e9d2c8315de4b56b42a4d19fa270efabe351730277d90
pill,dark,pill/good/018,0,0.5712528824806213,16c7632d1aac319d2d3e9d2c8315de4b56b42a4d19fa270efabe351730277d90
pill,dark,pill/good/019,0,0.5024520754814148,16c7632d1aac319d2d3e9d2c8315de4b56b42a4d19fa270efabe351730277d90
pill,dark,pill/good/020,0,0.5598708987236023,16c7632d1aac319d2d3e9d2c8315de4b56b42a4d19fa270efabe351730277d90
pill,dark,pill/good/021,0,0.5611388683319092,16c7632d1aac319d2d3e9d2c8315de4b56b42a4d19fa270efabe351730277d90
pill,dark,pill/good/022,0,0.537534773349762,16c7632d1aac319d2d3e9d2c8315de4b56b42a4d19fa270efabe351730277d90
pill,dark,pill/good/023,0,0.5538407564163208,16c7632d1aac319d2d3e9d2c8315de4b56b42a4d19fa270efabe351730277d90
pill,dark,pill/good/024,0,0.4795137345790863,16c7632d1aac319d2d3e9d2c8315de4b56b42a4d19fa270efabe351730277d90
pill,dark,pill/good/025,0,0.507334291934967,16c7632d1aac319d2d3e9d2c8315de4b56b42a4d19fa270efabe351730277d90
pill,dark,pill/pill_type/000,1,0.5805560350418091,16c7632d1aac319d2d3e9d2c8315de4b56b42a4d19fa270efabe351730277d90
pill,dark,pill/pill_type/001,1,0.6062403917312622,16c7632d1aac319d2d3e9d2c8315de4b56b42a4d19fa270efabe351730277d90
pill,dark,pill/pill_type/002,1,0.5465524196624756,16c7632d1aac319d2d3e9d2c8315de4b56b42a4d19fa270efabe351730277d90
pill,dark,pill/pill_type/003,1,0.45374423265457153,16c7632d1aac319d2d3e9d2c8315de4b56b42a4d19fa270efabe351730277d90
pill,dark,pill/pill_type/004,1,0.4743562638759613,16c7632d1aac319d2d3e9d2c8315de4b56b42a4d19fa270efabe351730277d90
pill,dark,pill/pill_type/005,1,0.5595011711120605,16c7632d1aac319d2d3e9d2c8315de4b56b42a4d19fa270efabe351730277d90
pill,dark,pill/pill_type/006,1,0.6009317636489868,16c7632d1aac319d2d3e9d2c8315de4b56b42a4d19fa270efabe351730277d90
pill,dark,pill/pill_type/007,1,0.5272995829582214,16c7632d1aac319d2d3e9d2c8315de4b56b42a4d19fa270efabe351730277d90
pill,dark,pill/pill_type/008,1,0.4615072011947632,16c7632d1aac319d2d3e9d2c8315de4b56b42a4d19fa270efabe351730277d90
pill,dark,pill/scratch/000,1,0.5064758658409119,16c7632d1aac319d2d3e9d2c8315de4b56b42a4d19fa270efabe351730277d90
pill,dark,pill/scratch/001,1,0.505585253238678,16c7632d1aac319d2d3e9d2c8315de4b56b42a4d19fa270efabe351730277d90
pill,dark,pill/scratch/002,1,0.4505491256713867,16c7632d1aac319d2d3e9d2c8315de4b56b42a4d19fa270efabe351730277d90
pill,dark,pill/scratch/003,1,0.4832209646701813,16c7632d1aac319d2d3e9d2c8315de4b56b42a4d19fa270efabe351730277d90
pill,dark,pill/scratch/004,1,0.5249070525169373,16c7632d1aac319d2d3e9d2c8315de4b56b42a4d19fa270efabe351730277d90
pill,dark,pill/scratch/005,1,0.5245282649993896,16c7632d1aac319d2d3e9d2c8315de4b56b42a4d19fa270efabe351730277d90
pill,dark,pill/scratch/006,1,0.5019209384918213,16c7632d1aac319d2d3e9d2c8315de4b56b42a4d19fa270efabe351730277d90
pill,dark,pill/scratch/007,1,0.5362114310264587,16c7632d1aac319d2d3e9d2c8315de4b56b42a4d19fa270efabe351730277d90
pill,dark,pill/scratch/008,1,0.4813179075717926,16c7632d1aac319d2d3e9d2c8315de4b56b42a4d19fa270efabe351730277d90
pill,dark,pill/scratch/009,1,0.4806930720806122,16c7632d1aac319d2d3e9d2c8315de4b56b42a4d19fa270efabe351730277d90
pill,dark,pill/scratch/010,1,0.4740457832813263,16c7632d1aac319d2d3e9d2c8315de4b56b42a4d19fa270efabe351730277d90
pill,dark,pill/scratch/011,1,0.493094801902771,16c7632d1aac319d2d3e9d2c8315de4b56b42a4d19fa270efabe351730277d90
pill,dark,pill/scratch/012,1,0.5576633810997009,16c7632d1aac319d2d3e9d2c8315de4b56b42a4d19fa270efabe351730277d90
pill,dark,pill/scratch/013,1,0.5586046576499939,16c7632d1aac319d2d3e9d2c8315de4b56b42a4d19fa270efabe351730277d90
pill,dark,pill/scratch/014,1,0.4755692481994629,16c7632d1aac319d2d3e9d2c8315de4b56b42a4d19fa270efabe351730277d90
pill,dark,pill/scratch/015,1,0.5766385197639465,16c7632d1aac319d2d3e9d2c8315de4b56b42a4d19fa270efabe351730277d90
pill,dark,pill/scratch/016,1,0.4864419102668762,16c7632d1aac319d2d3e9d2c8315de4b56b42a4d19fa270efabe351730277d90
pill,dark,pill/scratch/017,1,0.47156399488449097,16c7632d1aac319d2d3e9d2c8315de4b56b42a4d19fa270efabe351730277d90
pill,dark,pill/scratch/018,1,0.47747185826301575,16c7632d1aac319d2d3e9d2c8315de4b56b42a4d19fa270efabe351730277d90
pill,dark,pill/scratch/019,1,0.4547956585884094,16c7632d1aac319d2d3e9d2c8315de4b56b42a4d19fa270efabe351730277d90
pill,dark,pill/scratch/020,1,0.4629560708999634,16c7632d1aac319d2d3e9d2c8315de4b56b42a4d19fa270efabe351730277d90
pill,dark,pill/scratch/021,1,0.4643312692642212,16c7632d1aac319d2d3e9d2c8315de4b56b42a4d19fa270efabe351730277d90
pill,dark,pill/scratch/022,1,0.5373210906982422,16c7632d1aac319d2d3e9d2c8315de4b56b42a4d19fa270efabe351730277d90
pill,dark,pill/scratch/023,1,0.4803353548049927,16c7632d1aac319d2d3e9d2c8315de4b56b42a4d19fa270efabe351730277d90
pill,mirnetv2,pill/color/000,1,0.5291097164154053,16c7632d1aac319d2d3e9d2c8315de4b56b42a4d19fa270efabe351730277d90
pill,mirnetv2,pill/color/001,1,0.5950921177864075,16c7632d1aac319d2d3e9d2c8315de4b56b42a4d19fa270efabe351730277d90
pill,mirnetv2,pill/color/002,1,0.6188938021659851,16c7632d1aac319d2d3e9d2c8315de4b56b42a4d19fa270efabe351730277d90
pill,mirnetv2,pill/color/003,1,0.5340038537979126,16c7632d1aac319d2d3e9d2c8315de4b56b42a4d19fa270efabe351730277d90
pill,mirnetv2,pill/color/004,1,0.5771034955978394,16c7632d1aac319d2d3e9d2c8315de4b56b42a4d19fa270efabe351730277d90
pill,mirnetv2,pill/color/005,1,0.5744398236274719,16c7632d1aac319d2d3e9d2c8315de4b56b42a4d19fa270efabe351730277d90
pill,mirnetv2,pill/color/006,1,0.6699090003967285,16c7632d1aac319d2d3e9d2c8315de4b56b42a4d19fa270efabe351730277d90
pill,mirnetv2,pill/color/007,1,0.5565720200538635,16c7632d1aac319d2d3e9d2c8315de4b56b42a4d19fa270efabe351730277d90
pill,mirnetv2,pill/color/008,1,0.5947858691215515,16c7632d1aac319d2d3e9d2c8315de4b56b42a4d19fa270efabe351730277d90
pill,mirnetv2,pill/color/009,1,0.4988732635974884,16c7632d1aac319d2d3e9d2c8315de4b56b42a4d19fa270efabe351730277d90
pill,mirnetv2,pill/color/010,1,0.6470625400543213,16c7632d1aac319d2d3e9d2c8315de4b56b42a4d19fa270efabe351730277d90
pill,mirnetv2,pill/color/011,1,0.6432828307151794,16c7632d1aac319d2d3e9d2c8315de4b56b42a4d19fa270efabe351730277d90
pill,mirnetv2,pill/color/012,1,0.5333907604217529,16c7632d1aac319d2d3e9d2c8315de4b56b42a4d19fa270efabe351730277d90
pill,mirnetv2,pill/color/013,1,0.5084226727485657,16c7632d1aac319d2d3e9d2c8315de4b56b42a4d19fa270efabe351730277d90
pill,mirnetv2,pill/color/014,1,0.39489874243736267,16c7632d1aac319d2d3e9d2c8315de4b56b42a4d19fa270efabe351730277d90
pill,mirnetv2,pill/color/015,1,0.5138859152793884,16c7632d1aac319d2d3e9d2c8315de4b56b42a4d19fa270efabe351730277d90
pill,mirnetv2,pill/color/016,1,0.5133417844772339,16c7632d1aac319d2d3e9d2c8315de4b56b42a4d19fa270efabe351730277d90
pill,mirnetv2,pill/color/017,1,0.5301808714866638,16c7632d1aac319d2d3e9d2c8315de4b56b42a4d19fa270efabe351730277d90
pill,mirnetv2,pill/color/018,1,0.6461107134819031,16c7632d1aac319d2d3e9d2c8315de4b56b42a4d19fa270efabe351730277d90
pill,mirnetv2,pill/color/019,1,0.4957907497882843,16c7632d1aac319d2d3e9d2c8315de4b56b42a4d19fa270efabe351730277d90
pill,mirnetv2,pill/color/020,1,0.6303855180740356,16c7632d1aac319d2d3e9d2c8315de4b56b42a4d19fa270efabe351730277d90
pill,mirnetv2,pill/color/021,1,0.5313594341278076,16c7632d1aac319d2d3e9d2c8315de4b56b42a4d19fa270efabe351730277d90
pill,mirnetv2,pill/color/022,1,0.5959439873695374,16c7632d1aac319d2d3e9d2c8315de4b56b42a4d19fa270efabe351730277d90
pill,mirnetv2,pill/color/023,1,0.5977563261985779,16c7632d1aac319d2d3e9d2c8315de4b56b42a4d19fa270efabe351730277d90
pill,mirnetv2,pill/color/024,1,0.6830211281776428,16c7632d1aac319d2d3e9d2c8315de4b56b42a4d19fa270efabe351730277d90
pill,mirnetv2,pill/combined/000,1,0.6351373791694641,16c7632d1aac319d2d3e9d2c8315de4b56b42a4d19fa270efabe351730277d90
pill,mirnetv2,pill/combined/001,1,0.6032047867774963,16c7632d1aac319d2d3e9d2c8315de4b56b42a4d19fa270efabe351730277d90
pill,mirnetv2,pill/combined/002,1,0.526671290397644,16c7632d1aac319d2d3e9d2c8315de4b56b42a4d19fa270efabe351730277d90
pill,mirnetv2,pill/combined/003,1,0.5225956439971924,16c7632d1aac319d2d3e9d2c8315de4b56b42a4d19fa270efabe351730277d90
pill,mirnetv2,pill/combined/004,1,0.5447246432304382,16c7632d1aac319d2d3e9d2c8315de4b56b42a4d19fa270efabe351730277d90
pill,mirnetv2,pill/combined/005,1,0.48943379521369934,16c7632d1aac319d2d3e9d2c8315de4b56b42a4d19fa270efabe351730277d90
pill,mirnetv2,pill/combined/006,1,0.5490373969078064,16c7632d1aac319d2d3e9d2c8315de4b56b42a4d19fa270efabe351730277d90
pill,mirnetv2,pill/combined/007,1,0.32967087626457214,16c7632d1aac319d2d3e9d2c8315de4b56b42a4d19fa270efabe351730277d90
pill,mirnetv2,pill/combined/008,1,0.6679377555847168,16c7632d1aac319d2d3e9d2c8315de4b56b42a4d19fa270efabe351730277d90
pill,mirnetv2,pill/combined/009,1,0.6012244820594788,16c7632d1aac319d2d3e9d2c8315de4b56b42a4d19fa270efabe351730277d90
pill,mirnetv2,pill/combined/010,1,0.63932204246521,16c7632d1aac319d2d3e9d2c8315de4b56b42a4d19fa270efabe351730277d90
pill,mirnetv2,pill/combined/011,1,0.5546310544013977,16c7632d1aac319d2d3e9d2c8315de4b56b42a4d19fa270efabe351730277d90
pill,mirnetv2,pill/combined/012,1,0.548775315284729,16c7632d1aac319d2d3e9d2c8315de4b56b42a4d19fa270efabe351730277d90
pill,mirnetv2,pill/combined/013,1,0.5350685715675354,16c7632d1aac319d2d3e9d2c8315de4b56b42a4d19fa270efabe351730277d90
pill,mirnetv2,pill/combined/014,1,0.6134983897209167,16c7632d1aac319d2d3e9d2c8315de4b56b42a4d19fa270efabe351730277d90
pill,mirnetv2,pill/combined/015,1,0.6232524514198303,16c7632d1aac319d2d3e9d2c8315de4b56b42a4d19fa270efabe351730277d90
pill,mirnetv2,pill/combined/016,1,0.5846210718154907,16c7632d1aac319d2d3e9d2c8315de4b56b42a4d19fa270efabe351730277d90
pill,mirnetv2,pill/contamination/000,1,0.5496317148208618,16c7632d1aac319d2d3e9d2c8315de4b56b42a4d19fa270efabe351730277d90
pill,mirnetv2,pill/contamination/001,1,0.6277603507041931,16c7632d1aac319d2d3e9d2c8315de4b56b42a4d19fa270efabe351730277d90
pill,mirnetv2,pill/contamination/002,1,0.5885826945304871,16c7632d1aac319d2d3e9d2c8315de4b56b42a4d19fa270efabe351730277d90
pill,mirnetv2,pill/contamination/003,1,0.379214882850647,16c7632d1aac319d2d3e9d2c8315de4b56b42a4d19fa270efabe351730277d90
pill,mirnetv2,pill/contamination/004,1,0.49089276790618896,16c7632d1aac319d2d3e9d2c8315de4b56b42a4d19fa270efabe351730277d90
pill,mirnetv2,pill/contamination/005,1,0.5818432569503784,16c7632d1aac319d2d3e9d2c8315de4b56b42a4d19fa270efabe351730277d90
pill,mirnetv2,pill/contamination/006,1,0.6018219590187073,16c7632d1aac319d2d3e9d2c8315de4b56b42a4d19fa270efabe351730277d90
pill,mirnetv2,pill/contamination/007,1,0.5939319133758545,16c7632d1aac319d2d3e9d2c8315de4b56b42a4d19fa270efabe351730277d90
pill,mirnetv2,pill/contamination/008,1,0.656382143497467,16c7632d1aac319d2d3e9d2c8315de4b56b42a4d19fa270efabe351730277d90
pill,mirnetv2,pill/contamination/009,1,0.6351184844970703,16c7632d1aac319d2d3e9d2c8315de4b56b42a4d19fa270efabe351730277d90
pill,mirnetv2,pill/contamination/010,1,0.6360413432121277,16c7632d1aac319d2d3e9d2c8315de4b56b42a4d19fa270efabe351730277d90
pill,mirnetv2,pill/contamination/011,1,0.40156227350234985,16c7632d1aac319d2d3e9d2c8315de4b56b42a4d19fa270efabe351730277d90
pill,mirnetv2,pill/contamination/012,1,0.5827922821044922,16c7632d1aac319d2d3e9d2c8315de4b56b42a4d19fa270efabe351730277d90
pill,mirnetv2,pill/contamination/013,1,0.6156058311462402,16c7632d1aac319d2d3e9d2c8315de4b56b42a4d19fa270efabe351730277d90
pill,mirnetv2,pill/contamination/014,1,0.525955855846405,16c7632d1aac319d2d3e9d2c8315de4b56b42a4d19fa270efabe351730277d90
pill,mirnetv2,pill/contamination/015,1,0.5094513297080994,16c7632d1aac319d2d3e9d2c8315de4b56b42a4d19fa270efabe351730277d90
pill,mirnetv2,pill/contamination/016,1,0.4807429611682892,16c7632d1aac319d2d3e9d2c8315de4b56b42a4d19fa270efabe351730277d90
pill,mirnetv2,pill/contamination/017,1,0.3844938576221466,16c7632d1aac319d2d3e9d2c8315de4b56b42a4d19fa270efabe351730277d90
pill,mirnetv2,pill/contamination/018,1,0.574135422706604,16c7632d1aac319d2d3e9d2c8315de4b56b42a4d19fa270efabe351730277d90
pill,mirnetv2,pill/contamination/019,1,0.6198997497558594,16c7632d1aac319d2d3e9d2c8315de4b56b42a4d19fa270efabe351730277d90
pill,mirnetv2,pill/contamination/020,1,0.39104294776916504,16c7632d1aac319d2d3e9d2c8315de4b56b42a4d19fa270efabe351730277d90
pill,mirnetv2,pill/crack/000,1,0.4829920530319214,16c7632d1aac319d2d3e9d2c8315de4b56b42a4d19fa270efabe351730277d90
pill,mirnetv2,pill/crack/001,1,0.6246476769447327,16c7632d1aac319d2d3e9d2c8315de4b56b42a4d19fa270efabe351730277d90
pill,mirnetv2,pill/crack/002,1,0.5932307839393616,16c7632d1aac319d2d3e9d2c8315de4b56b42a4d19fa270efabe351730277d90
pill,mirnetv2,pill/crack/003,1,0.5301612615585327,16c7632d1aac319d2d3e9d2c8315de4b56b42a4d19fa270efabe351730277d90
pill,mirnetv2,pill/crack/004,1,0.5055415630340576,16c7632d1aac319d2d3e9d2c8315de4b56b42a4d19fa270efabe351730277d90
pill,mirnetv2,pill/crack/005,1,0.6213238835334778,16c7632d1aac319d2d3e9d2c8315de4b56b42a4d19fa270efabe351730277d90
pill,mirnetv2,pill/crack/006,1,0.5649824142456055,16c7632d1aac319d2d3e9d2c8315de4b56b42a4d19fa270efabe351730277d90
pill,mirnetv2,pill/crack/007,1,0.5696792006492615,16c7632d1aac319d2d3e9d2c8315de4b56b42a4d19fa270efabe351730277d90
pill,mirnetv2,pill/crack/008,1,0.5871365070343018,16c7632d1aac319d2d3e9d2c8315de4b56b42a4d19fa270efabe351730277d90
pill,mirnetv2,pill/crack/009,1,0.48652249574661255,16c7632d1aac319d2d3e9d2c8315de4b56b42a4d19fa270efabe351730277d90
pill,mirnetv2,pill/crack/010,1,0.6199162006378174,16c7632d1aac319d2d3e9d2c8315de4b56b42a4d19fa270efabe351730277d90
pill,mirnetv2,pill/crack/011,1,0.596361517906189,16c7632d1aac319d2d3e9d2c8315de4b56b42a4d19fa270efabe351730277d90
pill,mirnetv2,pill/crack/012,1,0.700078547000885,16c7632d1aac319d2d3e9d2c8315de4b56b42a4d19fa270efabe351730277d90
pill,mirnetv2,pill/crack/013,1,0.5246312022209167,16c7632d1aac319d2d3e9d2c8315de4b56b42a4d19fa270efabe351730277d90
pill,mirnetv2,pill/crack/014,1,0.374600887298584,16c7632d1aac319d2d3e9d2c8315de4b56b42a4d19fa270efabe351730277d90
pill,mirnetv2,pill/crack/015,1,0.6295129656791687,16c7632d1aac319d2d3e9d2c8315de4b56b42a4d19fa270efabe351730277d90
pill,mirnetv2,pill/crack/016,1,0.5487224459648132,16c7632d1aac319d2d3e9d2c8315de4b56b42a4d19fa270efabe351730277d90
pill,mirnetv2,pill/crack/017,1,0.4153228998184204,16c7632d1aac319d2d3e9d2c8315de4b56b42a4d19fa270efabe351730277d90
pill,mirnetv2,pill/crack/018,1,0.6128992438316345,16c7632d1aac319d2d3e9d2c8315de4b56b42a4d19fa270efabe351730277d90
pill,mirnetv2,pill/crack/019,1,0.3316977918148041,16c7632d1aac319d2d3e9d2c8315de4b56b42a4d19fa270efabe351730277d90
pill,mirnetv2,pill/crack/020,1,0.44846630096435547,16c7632d1aac319d2d3e9d2c8315de4b56b42a4d19fa270efabe351730277d90
pill,mirnetv2,pill/crack/021,1,0.5084851980209351,16c7632d1aac319d2d3e9d2c8315de4b56b42a4d19fa270efabe351730277d90
pill,mirnetv2,pill/crack/022,1,0.6009990572929382,16c7632d1aac319d2d3e9d2c8315de4b56b42a4d19fa270efabe351730277d90
pill,mirnetv2,pill/crack/023,1,0.6184924840927124,16c7632d1aac319d2d3e9d2c8315de4b56b42a4d19fa270efabe351730277d90
pill,mirnetv2,pill/crack/024,1,0.3578374981880188,16c7632d1aac319d2d3e9d2c8315de4b56b42a4d19fa270efabe351730277d90
pill,mirnetv2,pill/crack/025,1,0.4753420054912567,16c7632d1aac319d2d3e9d2c8315de4b56b42a4d19fa270efabe351730277d90
pill,mirnetv2,pill/faulty_imprint/000,1,0.3882228136062622,16c7632d1aac319d2d3e9d2c8315de4b56b42a4d19fa270efabe351730277d90
pill,mirnetv2,pill/faulty_imprint/001,1,0.511826753616333,16c7632d1aac319d2d3e9d2c8315de4b56b42a4d19fa270efabe351730277d90
pill,mirnetv2,pill/faulty_imprint/002,1,0.48354437947273254,16c7632d1aac319d2d3e9d2c8315de4b56b42a4d19fa270efabe351730277d90
pill,mirnetv2,pill/faulty_imprint/003,1,0.706862211227417,16c7632d1aac319d2d3e9d2c8315de4b56b42a4d19fa270efabe351730277d90
pill,mirnetv2,pill/faulty_imprint/004,1,0.4029296636581421,16c7632d1aac319d2d3e9d2c8315de4b56b42a4d19fa270efabe351730277d90
pill,mirnetv2,pill/faulty_imprint/005,1,0.6159456968307495,16c7632d1aac319d2d3e9d2c8315de4b56b42a4d19fa270efabe351730277d90
pill,mirnetv2,pill/faulty_imprint/006,1,0.6700525879859924,16c7632d1aac319d2d3e9d2c8315de4b56b42a4d19fa270efabe351730277d90
pill,mirnetv2,pill/faulty_imprint/007,1,0.547828197479248,16c7632d1aac319d2d3e9d2c8315de4b56b42a4d19fa270efabe351730277d90
pill,mirnetv2,pill/faulty_imprint/008,1,0.6321074962615967,16c7632d1aac319d2d3e9d2c8315de4b56b42a4d19fa270efabe351730277d90
pill,mirnetv2,pill/faulty_imprint/009,1,0.663607656955719,16c7632d1aac319d2d3e9d2c8315de4b56b42a4d19fa270efabe351730277d90
pill,mirnetv2,pill/faulty_imprint/010,1,0.5269783735275269,16c7632d1aac319d2d3e9d2c8315de4b56b42a4d19fa270efabe351730277d90
pill,mirnetv2,pill/faulty_imprint/011,1,0.6153324246406555,16c7632d1aac319d2d3e9d2c8315de4b56b42a4d19fa270efabe351730277d90
pill,mirnetv2,pill/faulty_imprint/012,1,0.4036600887775421,16c7632d1aac319d2d3e9d2c8315de4b56b42a4d19fa270efabe351730277d90
pill,mirnetv2,pill/faulty_imprint/013,1,0.388297975063324,16c7632d1aac319d2d3e9d2c8315de4b56b42a4d19fa270efabe351730277d90
pill,mirnetv2,pill/faulty_imprint/014,1,0.37335503101348877,16c7632d1aac319d2d3e9d2c8315de4b56b42a4d19fa270efabe351730277d90
pill,mirnetv2,pill/faulty_imprint/015,1,0.6898913979530334,16c7632d1aac319d2d3e9d2c8315de4b56b42a4d19fa270efabe351730277d90
pill,mirnetv2,pill/faulty_imprint/016,1,0.38530808687210083,16c7632d1aac319d2d3e9d2c8315de4b56b42a4d19fa270efabe351730277d90
pill,mirnetv2,pill/faulty_imprint/017,1,0.6103207468986511,16c7632d1aac319d2d3e9d2c8315de4b56b42a4d19fa270efabe351730277d90
pill,mirnetv2,pill/faulty_imprint/018,1,0.4736925959587097,16c7632d1aac319d2d3e9d2c8315de4b56b42a4d19fa270efabe351730277d90
pill,mirnetv2,pill/good/000,0,0.5310385823249817,16c7632d1aac319d2d3e9d2c8315de4b56b42a4d19fa270efabe351730277d90
pill,mirnetv2,pill/good/001,0,0.576654314994812,16c7632d1aac319d2d3e9d2c8315de4b56b42a4d19fa270efabe351730277d90
pill,mirnetv2,pill/good/002,0,0.4718097746372223,16c7632d1aac319d2d3e9d2c8315de4b56b42a4d19fa270efabe351730277d90
pill,mirnetv2,pill/good/003,0,0.6292464137077332,16c7632d1aac319d2d3e9d2c8315de4b56b42a4d19fa270efabe351730277d90
pill,mirnetv2,pill/good/004,0,0.40078046917915344,16c7632d1aac319d2d3e9d2c8315de4b56b42a4d19fa270efabe351730277d90
pill,mirnetv2,pill/good/005,0,0.5178081393241882,16c7632d1aac319d2d3e9d2c8315de4b56b42a4d19fa270efabe351730277d90
pill,mirnetv2,pill/good/006,0,0.4272803068161011,16c7632d1aac319d2d3e9d2c8315de4b56b42a4d19fa270efabe351730277d90
pill,mirnetv2,pill/good/007,0,0.6179318428039551,16c7632d1aac319d2d3e9d2c8315de4b56b42a4d19fa270efabe351730277d90
pill,mirnetv2,pill/good/008,0,0.591342568397522,16c7632d1aac319d2d3e9d2c8315de4b56b42a4d19fa270efabe351730277d90
pill,mirnetv2,pill/good/009,0,0.6805379986763,16c7632d1aac319d2d3e9d2c8315de4b56b42a4d19fa270efabe351730277d90
pill,mirnetv2,pill/good/010,0,0.40024811029434204,16c7632d1aac319d2d3e9d2c8315de4b56b42a4d19fa270efabe351730277d90
pill,mirnetv2,pill/good/011,0,0.607969343662262,16c7632d1aac319d2d3e9d2c8315de4b56b42a4d19fa270efabe351730277d90
pill,mirnetv2,pill/good/012,0,0.33215582370758057,16c7632d1aac319d2d3e9d2c8315de4b56b42a4d19fa270efabe351730277d90
pill,mirnetv2,pill/good/013,0,0.4802165627479553,16c7632d1aac319d2d3e9d2c8315de4b56b42a4d19fa270efabe351730277d90
pill,mirnetv2,pill/good/014,0,0.6259227991104126,16c7632d1aac319d2d3e9d2c8315de4b56b42a4d19fa270efabe351730277d90
pill,mirnetv2,pill/good/015,0,0.5665924549102783,16c7632d1aac319d2d3e9d2c8315de4b56b42a4d19fa270efabe351730277d90
pill,mirnetv2,pill/good/016,0,0.35030341148376465,16c7632d1aac319d2d3e9d2c8315de4b56b42a4d19fa270efabe351730277d90
pill,mirnetv2,pill/good/017,0,0.5067997574806213,16c7632d1aac319d2d3e9d2c8315de4b56b42a4d19fa270efabe351730277d90
pill,mirnetv2,pill/good/018,0,0.49982964992523193,16c7632d1aac319d2d3e9d2c8315de4b56b42a4d19fa270efabe351730277d90
pill,mirnetv2,pill/good/019,0,0.6358323693275452,16c7632d1aac319d2d3e9d2c8315de4b56b42a4d19fa270efabe351730277d90
pill,mirnetv2,pill/good/020,0,0.3631651997566223,16c7632d1aac319d2d3e9d2c8315de4b56b42a4d19fa270efabe351730277d90
pill,mirnetv2,pill/good/021,0,0.3444269299507141,16c7632d1aac319d2d3e9d2c8315de4b56b42a4d19fa270efabe351730277d90
pill,mirnetv2,pill/good/022,0,0.33869048953056335,16c7632d1aac319d2d3e9d2c8315de4b56b42a4d19fa270efabe351730277d90
pill,mirnetv2,pill/good/023,0,0.38257867097854614,16c7632d1aac319d2d3e9d2c8315de4b56b42a4d19fa270efabe351730277d90
pill,mirnetv2,pill/good/024,0,0.6095484495162964,16c7632d1aac319d2d3e9d2c8315de4b56b42a4d19fa270efabe351730277d90
pill,mirnetv2,pill/good/025,0,0.6741527318954468,16c7632d1aac319d2d3e9d2c8315de4b56b42a4d19fa270efabe351730277d90
pill,mirnetv2,pill/pill_type/000,1,0.7067520022392273,16c7632d1aac319d2d3e9d2c8315de4b56b42a4d19fa270efabe351730277d90
pill,mirnetv2,pill/pill_type/001,1,0.7762789130210876,16c7632d1aac319d2d3e9d2c8315de4b56b42a4d19fa270efabe351730277d90
pill,mirnetv2,pill/pill_type/002,1,0.4152330160140991,16c7632d1aac319d2d3e9d2c8315de4b56b42a4d19fa270efabe351730277d90
pill,mirnetv2,pill/pill_type/003,1,0.6971457004547119,16c7632d1aac319d2d3e9d2c8315de4b56b42a4d19fa270efabe351730277d90
pill,mirnetv2,pill/pill_type/004,1,0.7303908467292786,16c7632d1aac319d2d3e9d2c8315de4b56b42a4d19fa270efabe351730277d90
pill,mirnetv2,pill/pill_type/005,1,0.7202738523483276,16c7632d1aac319d2d3e9d2c8315de4b56b42a4d19fa270efabe351730277d90
pill,mirnetv2,pill/pill_type/006,1,0.7583634853363037,16c7632d1aac319d2d3e9d2c8315de4b56b42a4d19fa270efabe351730277d90
pill,mirnetv2,pill/pill_type/007,1,0.5059964656829834,16c7632d1aac319d2d3e9d2c8315de4b56b42a4d19fa270efabe351730277d90
pill,mirnetv2,pill/pill_type/008,1,0.6875863671302795,16c7632d1aac319d2d3e9d2c8315de4b56b42a4d19fa270efabe351730277d90
pill,mirnetv2,pill/scratch/000,1,0.5546605587005615,16c7632d1aac319d2d3e9d2c8315de4b56b42a4d19fa270efabe351730277d90
pill,mirnetv2,pill/scratch/001,1,0.6627928614616394,16c7632d1aac319d2d3e9d2c8315de4b56b42a4d19fa270efabe351730277d90
pill,mirnetv2,pill/scratch/002,1,0.5068486928939819,16c7632d1aac319d2d3e9d2c8315de4b56b42a4d19fa270efabe351730277d90
pill,mirnetv2,pill/scratch/003,1,0.6253411769866943,16c7632d1aac319d2d3e9d2c8315de4b56b42a4d19fa270efabe351730277d90
pill,mirnetv2,pill/scratch/004,1,0.5296510457992554,16c7632d1aac319d2d3e9d2c8315de4b56b42a4d19fa270efabe351730277d90
pill,mirnetv2,pill/scratch/005,1,0.49895474314689636,16c7632d1aac319d2d3e9d2c8315de4b56b42a4d19fa270efabe351730277d90
pill,mirnetv2,pill/scratch/006,1,0.6611252427101135,16c7632d1aac319d2d3e9d2c8315de4b56b42a4d19fa270efabe351730277d90
pill,mirnetv2,pill/scratch/007,1,0.42404189705848694,16c7632d1aac319d2d3e9d2c8315de4b56b42a4d19fa270efabe351730277d90
pill,mirnetv2,pill/scratch/008,1,0.689606249332428,16c7632d1aac319d2d3e9d2c8315de4b56b42a4d19fa270efabe351730277d90
pill,mirnetv2,pill/scratch/009,1,0.5050086379051208,16c7632d1aac319d2d3e9d2c8315de4b56b42a4d19fa270efabe351730277d90
pill,mirnetv2,pill/scratch/010,1,0.630592405796051,16c7632d1aac319d2d3e9d2c8315de4b56b42a4d19fa270efabe351730277d90
pill,mirnetv2,pill/scratch/011,1,0.633522093296051,16c7632d1aac319d2d3e9d2c8315de4b56b42a4d19fa270efabe351730277d90
pill,mirnetv2,pill/scratch/012,1,0.532964825630188,16c7632d1aac319d2d3e9d2c8315de4b56b42a4d19fa270efabe351730277d90
pill,mirnetv2,pill/scratch/013,1,0.5004631280899048,16c7632d1aac319d2d3e9d2c8315de4b56b42a4d19fa270efabe351730277d90
pill,mirnetv2,pill/scratch/014,1,0.5098869204521179,16c7632d1aac319d2d3e9d2c8315de4b56b42a4d19fa270efabe351730277d90
pill,mirnetv2,pill/scratch/015,1,0.49060529470443726,16c7632d1aac319d2d3e9d2c8315de4b56b42a4d19fa270efabe351730277d90
pill,mirnetv2,pill/scratch/016,1,0.5955812931060791,16c7632d1aac319d2d3e9d2c8315de4b56b42a4d19fa270efabe351730277d90
pill,mirnetv2,pill/scratch/017,1,0.5494951605796814,16c7632d1aac319d2d3e9d2c8315de4b56b42a4d19fa270efabe351730277d90
pill,mirnetv2,pill/scratch/018,1,0.6151466965675354,16c7632d1aac319d2d3e9d2c8315de4b56b42a4d19fa270efabe351730277d90
pill,mirnetv2,pill/scratch/019,1,0.4829399585723877,16c7632d1aac319d2d3e9d2c8315de4b56b42a4d19fa270efabe351730277d90
pill,mirnetv2,pill/scratch/020,1,0.5909358859062195,16c7632d1aac319d2d3e9d2c8315de4b56b42a4d19fa270efabe351730277d90
pill,mirnetv2,pill/scratch/021,1,0.522327184677124,16c7632d1aac319d2d3e9d2c8315de4b56b42a4d19fa270efabe351730277d90
pill,mirnetv2,pill/scratch/022,1,0.5004838109016418,16c7632d1aac319d2d3e9d2c8315de4b56b42a4d19fa270efabe351730277d90
pill,mirnetv2,pill/scratch/023,1,0.652141273021698,16c7632d1aac319d2d3e9d2c8315de4b56b42a4d19fa270efabe351730277d90
pill,icra,pill/color/000,1,0.2320733666419983,16c7632d1aac319d2d3e9d2c8315de4b56b42a4d19fa270efabe351730277d90
pill,icra,pill/color/001,1,0.25448116660118103,16c7632d1aac319d2d3e9d2c8315de4b56b42a4d19fa270efabe351730277d90
pill,icra,pill/color/002,1,0.310178279876709,16c7632d1aac319d2d3e9d2c8315de4b56b42a4d19fa270efabe351730277d90
pill,icra,pill/color/003,1,0.2616274952888489,16c7632d1aac319d2d3e9d2c8315de4b56b42a4d19fa270efabe351730277d90
pill,icra,pill/color/004,1,0.2559778094291687,16c7632d1aac319d2d3e9d2c8315de4b56b42a4d19fa270efabe351730277d90
pill,icra,pill/color/005,1,0.26311826705932617,16c7632d1aac319d2d3e9d2c8315de4b56b42a4d19fa270efabe351730277d90
pill,icra,pill/color/006,1,0.5037902593612671,16c7632d1aac319d2d3e9d2c8315de4b56b42a4d19fa270efabe351730277d90
pill,icra,pill/color/007,1,0.2864469289779663,16c7632d1aac319d2d3e9d2c8315de4b56b42a4d19fa270efabe351730277d90
pill,icra,pill/color/008,1,0.2936083972454071,16c7632d1aac319d2d3e9d2c8315de4b56b42a4d19fa270efabe351730277d90
pill,icra,pill/color/009,1,0.23904754221439362,16c7632d1aac319d2d3e9d2c8315de4b56b42a4d19fa270efabe351730277d90
pill,icra,pill/color/010,1,0.34746816754341125,16c7632d1aac319d2d3e9d2c8315de4b56b42a4d19fa270efabe351730277d90
pill,icra,pill/color/011,1,0.3525077998638153,16c7632d1aac319d2d3e9d2c8315de4b56b42a4d19fa270efabe351730277d90
pill,icra,pill/color/012,1,0.2940008044242859,16c7632d1aac319d2d3e9d2c8315de4b56b42a4d19fa270efabe351730277d90
pill,icra,pill/color/013,1,0.283158540725708,16c7632d1aac319d2d3e9d2c8315de4b56b42a4d19fa270efabe351730277d90
pill,icra,pill/color/014,1,0.276104599237442,16c7632d1aac319d2d3e9d2c8315de4b56b42a4d19fa270efabe351730277d90
pill,icra,pill/color/015,1,0.25799140334129333,16c7632d1aac319d2d3e9d2c8315de4b56b42a4d19fa270efabe351730277d90
pill,icra,pill/color/016,1,0.24339942634105682,16c7632d1aac319d2d3e9d2c8315de4b56b42a4d19fa270efabe351730277d90
pill,icra,pill/color/017,1,0.3011033833026886,16c7632d1aac319d2d3e9d2c8315de4b56b42a4d19fa270efabe351730277d90
pill,icra,pill/color/018,1,0.3611963093280792,16c7632d1aac319d2d3e9d2c8315de4b56b42a4d19fa270efabe351730277d90
pill,icra,pill/color/019,1,0.26148563623428345,16c7632d1aac319d2d3e9d2c8315de4b56b42a4d19fa270efabe351730277d90
pill,icra,pill/color/020,1,0.33518221974372864,16c7632d1aac319d2d3e9d2c8315de4b56b42a4d19fa270efabe351730277d90
pill,icra,pill/color/021,1,0.2693323791027069,16c7632d1aac319d2d3e9d2c8315de4b56b42a4d19fa270efabe351730277d90
pill,icra,pill/color/022,1,0.3033902049064636,16c7632d1aac319d2d3e9d2c8315de4b56b42a4d19fa270efabe351730277d90
pill,icra,pill/color/023,1,0.2723592519760132,16c7632d1aac319d2d3e9d2c8315de4b56b42a4d19fa270efabe351730277d90
pill,icra,pill/color/024,1,0.3233555257320404,16c7632d1aac319d2d3e9d2c8315de4b56b42a4d19fa270efabe351730277d90
pill,icra,pill/combined/000,1,0.33744367957115173,16c7632d1aac319d2d3e9d2c8315de4b56b42a4d19fa270efabe351730277d90
pill,icra,pill/combined/001,1,0.3446780741214752,16c7632d1aac319d2d3e9d2c8315de4b56b42a4d19fa270efabe351730277d90
pill,icra,pill/combined/002,1,0.2660847008228302,16c7632d1aac319d2d3e9d2c8315de4b56b42a4d19fa270efabe351730277d90
pill,icra,pill/combined/003,1,0.2662646472454071,16c7632d1aac319d2d3e9d2c8315de4b56b42a4d19fa270efabe351730277d90
pill,icra,pill/combined/004,1,0.2814199924468994,16c7632d1aac319d2d3e9d2c8315de4b56b42a4d19fa270efabe351730277d90
pill,icra,pill/combined/005,1,0.2831850051879883,16c7632d1aac319d2d3e9d2c8315de4b56b42a4d19fa270efabe351730277d90
pill,icra,pill/combined/006,1,0.28932687640190125,16c7632d1aac319d2d3e9d2c8315de4b56b42a4d19fa270efabe351730277d90
pill,icra,pill/combined/007,1,0.22550833225250244,16c7632d1aac319d2d3e9d2c8315de4b56b42a4d19fa270efabe351730277d90
pill,icra,pill/combined/008,1,0.34060510993003845,16c7632d1aac319d2d3e9d2c8315de4b56b42a4d19fa270efabe351730277d90
pill,icra,pill/combined/009,1,0.3178985118865967,16c7632d1aac319d2d3e9d2c8315de4b56b42a4d19fa270efabe351730277d90
pill,icra,pill/combined/010,1,0.35119304060935974,16c7632d1aac319d2d3e9d2c8315de4b56b42a4d19fa270efabe351730277d90
pill,icra,pill/combined/011,1,0.25738367438316345,16c7632d1aac319d2d3e9d2c8315de4b56b42a4d19fa270efabe351730277d90
pill,icra,pill/combined/012,1,0.2327899932861328,16c7632d1aac319d2d3e9d2c8315de4b56b42a4d19fa270efabe351730277d90
pill,icra,pill/combined/013,1,0.3921765685081482,16c7632d1aac319d2d3e9d2c8315de4b56b42a4d19fa270efabe351730277d90
pill,icra,pill/combined/014,1,0.2962524890899658,16c7632d1aac319d2d3e9d2c8315de4b56b42a4d19fa270efabe351730277d90
pill,icra,pill/combined/015,1,0.34136107563972473,16c7632d1aac319d2d3e9d2c8315de4b56b42a4d19fa270efabe351730277d90
pill,icra,pill/combined/016,1,0.30454081296920776,16c7632d1aac319d2d3e9d2c8315de4b56b42a4d19fa270efabe351730277d90
pill,icra,pill/contamination/000,1,0.2561853528022766,16c7632d1aac319d2d3e9d2c8315de4b56b42a4d19fa270efabe351730277d90
pill,icra,pill/contamination/001,1,0.30315521359443665,16c7632d1aac319d2d3e9d2c8315de4b56b42a4d19fa270efabe351730277d90
pill,icra,pill/contamination/002,1,0.28212785720825195,16c7632d1aac319d2d3e9d2c8315de4b56b42a4d19fa270efabe351730277d90
pill,icra,pill/contamination/003,1,0.25562870502471924,16c7632d1aac319d2d3e9d2c8315de4b56b42a4d19fa270efabe351730277d90
pill,icra,pill/contamination/004,1,0.31717023253440857,16c7632d1aac319d2d3e9d2c8315de4b56b42a4d19fa270efabe351730277d90
pill,icra,pill/contamination/005,1,0.25069674849510193,16c7632d1aac319d2d3e9d2c8315de4b56b42a4d19fa270efabe351730277d90
pill,icra,pill/contamination/006,1,0.28133589029312134,16c7632d1aac319d2d3e9d2c8315de4b56b42a4d19fa270efabe351730277d90
pill,icra,pill/contamination/007,1,0.32415950298309326,16c7632d1aac319d2d3e9d2c8315de4b56b42a4d19fa270efabe351730277d90
pill,icra,pill/contamination/008,1,0.3656788468360901,16c7632d1aac319d2d3e9d2c8315de4b56b42a4d19fa270efabe351730277d90
pill,icra,pill/contamination/009,1,0.3047308027744293,16c7632d1aac319d2d3e9d2c8315de4b56b42a4d19fa270efabe351730277d90
pill,icra,pill/contamination/010,1,0.3178829252719879,16c7632d1aac319d2d3e9d2c8315de4b56b42a4d19fa270efabe351730277d90
pill,icra,pill/contamination/011,1,0.24274565279483795,16c7632d1aac319d2d3e9d2c8315de4b56b42a4d19fa270efabe351730277d90
pill,icra,pill/contamination/012,1,0.2598547637462616,16c7632d1aac319d2d3e9d2c8315de4b56b42a4d19fa270efabe351730277d90
pill,icra,pill/contamination/013,1,0.3049944043159485,16c7632d1aac319d2d3e9d2c8315de4b56b42a4d19fa270efabe351730277d90
pill,icra,pill/contamination/014,1,0.2766059339046478,16c7632d1aac319d2d3e9d2c8315de4b56b42a4d19fa270efabe351730277d90
pill,icra,pill/contamination/015,1,0.2908439636230469,16c7632d1aac319d2d3e9d2c8315de4b56b42a4d19fa270efabe351730277d90
pill,icra,pill/contamination/016,1,0.25508153438568115,16c7632d1aac319d2d3e9d2c8315de4b56b42a4d19fa270efabe351730277d90
pill,icra,pill/contamination/017,1,0.2221733033657074,16c7632d1aac319d2d3e9d2c8315de4b56b42a4d19fa270efabe351730277d90
pill,icra,pill/contamination/018,1,0.27203115820884705,16c7632d1aac319d2d3e9d2c8315de4b56b42a4d19fa270efabe351730277d90
pill,icra,pill/contamination/019,1,0.27899572253227234,16c7632d1aac319d2d3e9d2c8315de4b56b42a4d19fa270efabe351730277d90
pill,icra,pill/contamination/020,1,0.3642745018005371,16c7632d1aac319d2d3e9d2c8315de4b56b42a4d19fa270efabe351730277d90
pill,icra,pill/crack/000,1,0.2550080716609955,16c7632d1aac319d2d3e9d2c8315de4b56b42a4d19fa270efabe351730277d90
pill,icra,pill/crack/001,1,0.3039241135120392,16c7632d1aac319d2d3e9d2c8315de4b56b42a4d19fa270efabe351730277d90
pill,icra,pill/crack/002,1,0.28298696875572205,16c7632d1aac319d2d3e9d2c8315de4b56b42a4d19fa270efabe351730277d90
pill,icra,pill/crack/003,1,0.24528956413269043,16c7632d1aac319d2d3e9d2c8315de4b56b42a4d19fa270efabe351730277d90
pill,icra,pill/crack/004,1,0.2857833206653595,16c7632d1aac319d2d3e9d2c8315de4b56b42a4d19fa270efabe351730277d90
pill,icra,pill/crack/005,1,0.3058294355869293,16c7632d1aac319d2d3e9d2c8315de4b56b42a4d19fa270efabe351730277d90
pill,icra,pill/crack/006,1,0.30732429027557373,16c7632d1aac319d2d3e9d2c8315de4b56b42a4d19fa270efabe351730277d90
pill,icra,pill/crack/007,1,0.31569042801856995,16c7632d1aac319d2d3e9d2c8315de4b56b42a4d19fa270efabe351730277d90
pill,icra,pill/crack/008,1,0.3472035825252533,16c7632d1aac319d2d3e9d2c8315de4b56b42a4d19fa270efabe351730277d90
pill,icra,pill/crack/009,1,0.2436760812997818,16c7632d1aac319d2d3e9d2c8315de4b56b42a4d19fa270efabe351730277d90
pill,icra,pill/crack/010,1,0.3607355058193207,16c7632d1aac319d2d3e9d2c8315de4b56b42a4d19fa270efabe351730277d90
pill,icra,pill/crack/011,1,0.3006943464279175,16c7632d1aac319d2d3e9d2c8315de4b56b42a4d19fa270efabe351730277d90
pill,icra,pill/crack/012,1,0.3675123453140259,16c7632d1aac319d2d3e9d2c8315de4b56b42a4d19fa270efabe351730277d90
pill,icra,pill/crack/013,1,0.28761759400367737,16c7632d1aac319d2d3e9d2c8315de4b56b42a4d19fa270efabe351730277d90
pill,icra,pill/crack/014,1,0.24927200376987457,16c7632d1aac319d2d3e9d2c8315de4b56b42a4d19fa270efabe351730277d90
pill,icra,pill/crack/015,1,0.3225797414779663,16c7632d1aac319d2d3e9d2c8315de4b56b42a4d19fa270efabe351730277d90
pill,icra,pill/crack/016,1,0.27134910225868225,16c7632d1aac319d2d3e9d2c8315de4b56b42a4d19fa270efabe351730277d90
pill,icra,pill/crack/017,1,0.2901417016983032,16c7632d1aac319d2d3e9d2c8315de4b56b42a4d19fa270efabe351730277d90
pill,icra,pill/crack/018,1,0.32908710837364197,16c7632d1aac319d2d3e9d2c8315de4b56b42a4d19fa270efabe351730277d90
pill,icra,pill/crack/019,1,0.22734524309635162,16c7632d1aac319d2d3e9d2c8315de4b56b42a4d19fa270efabe351730277d90
pill,icra,pill/crack/020,1,0.24875837564468384,16c7632d1aac319d2d3e9d2c8315de4b56b42a4d19fa270efabe351730277d90
pill,icra,pill/crack/021,1,0.2793866991996765,16c7632d1aac319d2d3e9d2c8315de4b56b42a4d19fa270efabe351730277d90
pill,icra,pill/crack/022,1,0.3043411076068878,16c7632d1aac319d2d3e9d2c8315de4b56b42a4d19fa270efabe351730277d90
pill,icra,pill/crack/023,1,0.2924788296222687,16c7632d1aac319d2d3e9d2c8315de4b56b42a4d19fa270efabe351730277d90
pill,icra,pill/crack/024,1,0.36481577157974243,16c7632d1aac319d2d3e9d2c8315de4b56b42a4d19fa270efabe351730277d90
pill,icra,pill/crack/025,1,0.26359885931015015,16c7632d1aac319d2d3e9d2c8315de4b56b42a4d19fa270efabe351730277d90
pill,icra,pill/faulty_imprint/000,1,0.2585843503475189,16c7632d1aac319d2d3e9d2c8315de4b56b42a4d19fa270efabe351730277d90
pill,icra,pill/faulty_imprint/001,1,0.24509377777576447,16c7632d1aac319d2d3e9d2c8315de4b56b42a4d19fa270efabe351730277d90
pill,icra,pill/faulty_imprint/002,1,0.25598210096359253,16c7632d1aac319d2d3e9d2c8315de4b56b42a4d19fa270efabe351730277d90
pill,icra,pill/faulty_imprint/003,1,0.37791159749031067,16c7632d1aac319d2d3e9d2c8315de4b56b42a4d19fa270efabe351730277d90
pill,icra,pill/faulty_imprint/004,1,0.23899759352207184,16c7632d1aac319d2d3e9d2c8315de4b56b42a4d19fa270efabe351730277d90
pill,icra,pill/faulty_imprint/005,1,0.31373482942581177,16c7632d1aac319d2d3e9d2c8315de4b56b42a4d19fa270efabe351730277d90
pill,icra,pill/faulty_imprint/006,1,0.3634249269962311,16c7632d1aac319d2d3e9d2c8315de4b56b42a4d19fa270efabe351730277d90
pill,icra,pill/faulty_imprint/007,1,0.2666291296482086,16c7632d1aac319d2d3e9d2c8315de4b56b42a4d19fa270efabe351730277d90
pill,icra,pill/faulty_imprint/008,1,0.309784471988678,16c7632d1aac319d2d3e9d2c8315de4b56b42a4d19fa270efabe351730277d90
pill,icra,pill/faulty_imprint/009,1,0.3682224154472351,16c7632d1aac319d2d3e9d2c8315de4b56b42a4d19fa270efabe351730277d90
pill,icra,pill/faulty_imprint/010,1,0.3244640827178955,16c7632d1aac319d2d3e9d2c8315de4b56b42a4d19fa270efabe351730277d90
pill,icra,pill/faulty_imprint/011,1,0.33657291531562805,16c7632d1aac319d2d3e9d2c8315de4b56b42a4d19fa270efabe351730277d90
pill,icra,pill/faulty_imprint/012,1,0.24550846219062805,16c7632d1aac319d2d3e9d2c8315de4b56b42a4d19fa270efabe351730277d90
pill,icra,pill/faulty_imprint/013,1,0.23852020502090454,16c7632d1aac319d2d3e9d2c8315de4b56b42a4d19fa270efabe351730277d90
pill,icra,pill/faulty_imprint/014,1,0.23162685334682465,16c7632d1aac319d2d3e9d2c8315de4b56b42a4d19fa270efabe351730277d90
pill,icra,pill/faulty_imprint/015,1,0.36309686303138733,16c7632d1aac319d2d3e9d2c8315de4b56b42a4d19fa270efabe351730277d90
pill,icra,pill/faulty_imprint/016,1,0.240012064576149,16c7632d1aac319d2d3e9d2c8315de4b56b42a4d19fa270efabe351730277d90
pill,icra,pill/faulty_imprint/017,1,0.3352213203907013,16c7632d1aac319d2d3e9d2c8315de4b56b42a4d19fa270efabe351730277d90
pill,icra,pill/faulty_imprint/018,1,0.26280009746551514,16c7632d1aac319d2d3e9d2c8315de4b56b42a4d19fa270efabe351730277d90
pill,icra,pill/good/000,0,0.300149530172348,16c7632d1aac319d2d3e9d2c8315de4b56b42a4d19fa270efabe351730277d90
pill,icra,pill/good/001,0,0.2616656720638275,16c7632d1aac319d2d3e9d2c8315de4b56b42a4d19fa270efabe351730277d90
pill,icra,pill/good/002,0,0.2637975215911865,16c7632d1aac319d2d3e9d2c8315de4b56b42a4d19fa270efabe351730277d90
pill,icra,pill/good/003,0,0.3178006708621979,16c7632d1aac319d2d3e9d2c8315de4b56b42a4d19fa270efabe351730277d90
pill,icra,pill/good/004,0,0.2443445324897766,16c7632d1aac319d2d3e9d2c8315de4b56b42a4d19fa270efabe351730277d90
pill,icra,pill/good/005,0,0.2543511390686035,16c7632d1aac319d2d3e9d2c8315de4b56b42a4d19fa270efabe351730277d90
pill,icra,pill/good/006,0,0.2581409215927124,16c7632d1aac319d2d3e9d2c8315de4b56b42a4d19fa270efabe351730277d90
pill,icra,pill/good/007,0,0.27204418182373047,16c7632d1aac319d2d3e9d2c8315de4b56b42a4d19fa270efabe351730277d90
pill,icra,pill/good/008,0,0.24714912474155426,16c7632d1aac319d2d3e9d2c8315de4b56b42a4d19fa270efabe351730277d90
pill,icra,pill/good/009,0,0.360446959733963,16c7632d1aac319d2d3e9d2c8315de4b56b42a4d19fa270efabe351730277d90
pill,icra,pill/good/010,0,0.3471379578113556,16c7632d1aac319d2d3e9d2c8315de4b56b42a4d19fa270efabe351730277d90
pill,icra,pill/good/011,0,0.29568642377853394,16c7632d1aac319d2d3e9d2c8315de4b56b42a4d19fa270efabe351730277d90
pill,icra,pill/good/012,0,0.3455400764942169,16c7632d1aac319d2d3e9d2c8315de4b56b42a4d19fa270efabe351730277d90
pill,icra,pill/good/013,0,0.24249638617038727,16c7632d1aac319d2d3e9d2c8315de4b56b42a4d19fa270efabe351730277d90
pill,icra,pill/good/014,0,0.2618388235569,16c7632d1aac319d2d3e9d2c8315de4b56b42a4d19fa270efabe351730277d90
pill,icra,pill/good/015,0,0.2779701352119446,16c7632d1aac319d2d3e9d2c8315de4b56b42a4d19fa270efabe351730277d90
pill,icra,pill/good/016,0,0.37578627467155457,16c7632d1aac319d2d3e9d2c8315de4b56b42a4d19fa270efabe351730277d90
pill,icra,pill/good/017,0,0.24088160693645477,16c7632d1aac319d2d3e9d2c8315de4b56b42a4d19fa270efabe351730277d90
pill,icra,pill/good/018,0,0.3999030292034149,16c7632d1aac319d2d3e9d2c8315de4b56b42a4d19fa270efabe351730277d90
pill,icra,pill/good/019,0,0.3625335693359375,16c7632d1aac319d2d3e9d2c8315de4b56b42a4d19fa270efabe351730277d90
pill,icra,pill/good/020,0,0.254263311624527,16c7632d1aac319d2d3e9d2c8315de4b56b42a4d19fa270efabe351730277d90
pill,icra,pill/good/021,0,0.31779786944389343,16c7632d1aac319d2d3e9d2c8315de4b56b42a4d19fa270efabe351730277d90
pill,icra,pill/good/022,0,0.255239874124527,16c7632d1aac319d2d3e9d2c8315de4b56b42a4d19fa270efabe351730277d90
pill,icra,pill/good/023,0,0.25808659195899963,16c7632d1aac319d2d3e9d2c8315de4b56b42a4d19fa270efabe351730277d90
pill,icra,pill/good/024,0,0.3040217459201813,16c7632d1aac319d2d3e9d2c8315de4b56b42a4d19fa270efabe351730277d90
pill,icra,pill/good/025,0,0.36441609263420105,16c7632d1aac319d2d3e9d2c8315de4b56b42a4d19fa270efabe351730277d90
pill,icra,pill/pill_type/000,1,0.4036586284637451,16c7632d1aac319d2d3e9d2c8315de4b56b42a4d19fa270efabe351730277d90
pill,icra,pill/pill_type/001,1,0.5463130474090576,16c7632d1aac319d2d3e9d2c8315de4b56b42a4d19fa270efabe351730277d90
pill,icra,pill/pill_type/002,1,0.3933856785297394,16c7632d1aac319d2d3e9d2c8315de4b56b42a4d19fa270efabe351730277d90
pill,icra,pill/pill_type/003,1,0.40225476026535034,16c7632d1aac319d2d3e9d2c8315de4b56b42a4d19fa270efabe351730277d90
pill,icra,pill/pill_type/004,1,0.4622650146484375,16c7632d1aac319d2d3e9d2c8315de4b56b42a4d19fa270efabe351730277d90
pill,icra,pill/pill_type/005,1,0.4385465383529663,16c7632d1aac319d2d3e9d2c8315de4b56b42a4d19fa270efabe351730277d90
pill,icra,pill/pill_type/006,1,0.46045437455177307,16c7632d1aac319d2d3e9d2c8315de4b56b42a4d19fa270efabe351730277d90
pill,icra,pill/pill_type/007,1,0.4111587107181549,16c7632d1aac319d2d3e9d2c8315de4b56b42a4d19fa270efabe351730277d90
pill,icra,pill/pill_type/008,1,0.46027904748916626,16c7632d1aac319d2d3e9d2c8315de4b56b42a4d19fa270efabe351730277d90
pill,icra,pill/scratch/000,1,0.2351459264755249,16c7632d1aac319d2d3e9d2c8315de4b56b42a4d19fa270efabe351730277d90
pill,icra,pill/scratch/001,1,0.3652438819408417,16c7632d1aac319d2d3e9d2c8315de4b56b42a4d19fa270efabe351730277d90
pill,icra,pill/scratch/002,1,0.29338884353637695,16c7632d1aac319d2d3e9d2c8315de4b56b42a4d19fa270efabe351730277d90
pill,icra,pill/scratch/003,1,0.3245672583580017,16c7632d1aac319d2d3e9d2c8315de4b56b42a4d19fa270efabe351730277d90
pill,icra,pill/scratch/004,1,0.2679223120212555,16c7632d1aac319d2d3e9d2c8315de4b56b42a4d19fa270efabe351730277d90
pill,icra,pill/scratch/005,1,0.2787657082080841,16c7632d1aac319d2d3e9d2c8315de4b56b42a4d19fa270efabe351730277d90
pill,icra,pill/scratch/006,1,0.38278454542160034,16c7632d1aac319d2d3e9d2c8315de4b56b42a4d19fa270efabe351730277d90
pill,icra,pill/scratch/007,1,0.25216153264045715,16c7632d1aac319d2d3e9d2c8315de4b56b42a4d19fa270efabe351730277d90
pill,icra,pill/scratch/008,1,0.3691173195838928,16c7632d1aac319d2d3e9d2c8315de4b56b42a4d19fa270efabe351730277d90
pill,icra,pill/scratch/009,1,0.2848876118659973,16c7632d1aac319d2d3e9d2c8315de4b56b42a4d19fa270efabe351730277d90
pill,icra,pill/scratch/010,1,0.33118826150894165,16c7632d1aac319d2d3e9d2c8315de4b56b42a4d19fa270efabe351730277d90
pill,icra,pill/scratch/011,1,0.34516701102256775,16c7632d1aac319d2d3e9d2c8315de4b56b42a4d19fa270efabe351730277d90
pill,icra,pill/scratch/012,1,0.2758731245994568,16c7632d1aac319d2d3e9d2c8315de4b56b42a4d19fa270efabe351730277d90
pill,icra,pill/scratch/013,1,0.2567004859447479,16c7632d1aac319d2d3e9d2c8315de4b56b42a4d19fa270efabe351730277d90
pill,icra,pill/scratch/014,1,0.37174808979034424,16c7632d1aac319d2d3e9d2c8315de4b56b42a4d19fa270efabe351730277d90
pill,icra,pill/scratch/015,1,0.2574240267276764,16c7632d1aac319d2d3e9d2c8315de4b56b42a4d19fa270efabe351730277d90
pill,icra,pill/scratch/016,1,0.3340114951133728,16c7632d1aac319d2d3e9d2c8315de4b56b42a4d19fa270efabe351730277d90
pill,icra,pill/scratch/017,1,0.32381510734558105,16c7632d1aac319d2d3e9d2c8315de4b56b42a4d19fa270efabe351730277d90
pill,icra,pill/scratch/018,1,0.30901840329170227,16c7632d1aac319d2d3e9d2c8315de4b56b42a4d19fa270efabe351730277d90
pill,icra,pill/scratch/019,1,0.35680195689201355,16c7632d1aac319d2d3e9d2c8315de4b56b42a4d19fa270efabe351730277d90
pill,icra,pill/scratch/020,1,0.28151094913482666,16c7632d1aac319d2d3e9d2c8315de4b56b42a4d19fa270efabe351730277d90
pill,icra,pill/scratch/021,1,0.45837166905403137,16c7632d1aac319d2d3e9d2c8315de4b56b42a4d19fa270efabe351730277d90
pill,icra,pill/scratch/022,1,0.25914931297302246,16c7632d1aac319d2d3e9d2c8315de4b56b42a4d19fa270efabe351730277d90
pill,icra,pill/scratch/023,1,0.33904320001602173,16c7632d1aac319d2d3e9d2c8315de4b56b42a4d19fa270efabe351730277d90
screw,dark,screw/good/000,0,0.813956618309021,0af9fb99986e3382b5b2e38ddc9e890629415d9dd567f0c6fccfb5aaa740ecec
screw,dark,screw/good/001,0,0.811586856842041,0af9fb99986e3382b5b2e38ddc9e890629415d9dd567f0c6fccfb5aaa740ecec
screw,dark,screw/good/002,0,0.8279904127120972,0af9fb99986e3382b5b2e38ddc9e890629415d9dd567f0c6fccfb5aaa740ecec
screw,dark,screw/good/003,0,0.7895848751068115,0af9fb99986e3382b5b2e38ddc9e890629415d9dd567f0c6fccfb5aaa740ecec
screw,dark,screw/good/004,0,0.8031101822853088,0af9fb99986e3382b5b2e38ddc9e890629415d9dd567f0c6fccfb5aaa740ecec
screw,dark,screw/good/005,0,0.7999270558357239,0af9fb99986e3382b5b2e38ddc9e890629415d9dd567f0c6fccfb5aaa740ecec
screw,dark,screw/good/006,0,0.7892213463783264,0af9fb99986e3382b5b2e38ddc9e890629415d9dd567f0c6fccfb5aaa740ecec
screw,dark,screw/good/007,0,0.82793790102005,0af9fb99986e3382b5b2e38ddc9e890629415d9dd567f0c6fccfb5aaa740ecec
screw,dark,screw/good/008,0,0.793795108795166,0af9fb99986e3382b5b2e38ddc9e890629415d9dd567f0c6fccfb5aaa740ecec
screw,dark,screw/good/009,0,0.8057910203933716,0af9fb99986e3382b5b2e38ddc9e890629415d9dd567f0c6fccfb5aaa740ecec
screw,dark,screw/good/010,0,0.8015942573547363,0af9fb99986e3382b5b2e38ddc9e890629415d9dd567f0c6fccfb5aaa740ecec
screw,dark,screw/good/011,0,0.8208991885185242,0af9fb99986e3382b5b2e38ddc9e890629415d9dd567f0c6fccfb5aaa740ecec
screw,dark,screw/good/012,0,0.7989572882652283,0af9fb99986e3382b5b2e38ddc9e890629415d9dd567f0c6fccfb5aaa740ecec
screw,dark,screw/good/013,0,0.8326176404953003,0af9fb99986e3382b5b2e38ddc9e890629415d9dd567f0c6fccfb5aaa740ecec
screw,dark,screw/good/014,0,0.7982246279716492,0af9fb99986e3382b5b2e38ddc9e890629415d9dd567f0c6fccfb5aaa740ecec
screw,dark,screw/good/015,0,0.7927792072296143,0af9fb99986e3382b5b2e38ddc9e890629415d9dd567f0c6fccfb5aaa740ecec
screw,dark,screw/good/016,0,0.8161576986312866,0af9fb99986e3382b5b2e38ddc9e890629415d9dd567f0c6fccfb5aaa740ecec
screw,dark,screw/good/017,0,0.815569281578064,0af9fb99986e3382b5b2e38ddc9e890629415d9dd567f0c6fccfb5aaa740ecec
screw,dark,screw/good/018,0,0.7972573637962341,0af9fb99986e3382b5b2e38ddc9e890629415d9dd567f0c6fccfb5aaa740ecec
screw,dark,screw/good/019,0,0.8314563632011414,0af9fb99986e3382b5b2e38ddc9e890629415d9dd567f0c6fccfb5aaa740ecec
screw,dark,screw/good/020,0,0.8143754601478577,0af9fb99986e3382b5b2e38ddc9e890629415d9dd567f0c6fccfb5aaa740ecec
screw,dark,screw/good/021,0,0.7853736877441406,0af9fb99986e3382b5b2e38ddc9e890629415d9dd567f0c6fccfb5aaa740ecec
screw,dark,screw/good/022,0,0.8579012751579285,0af9fb99986e3382b5b2e38ddc9e890629415d9dd567f0c6fccfb5aaa740ecec
screw,dark,screw/good/023,0,0.8257930874824524,0af9fb99986e3382b5b2e38ddc9e890629415d9dd567f0c6fccfb5aaa740ecec
screw,dark,screw/good/024,0,0.82525235414505,0af9fb99986e3382b5b2e38ddc9e890629415d9dd567f0c6fccfb5aaa740ecec
screw,dark,screw/good/025,0,0.8193739652633667,0af9fb99986e3382b5b2e38ddc9e890629415d9dd567f0c6fccfb5aaa740ecec
screw,dark,screw/good/026,0,0.7962540984153748,0af9fb99986e3382b5b2e38ddc9e890629415d9dd567f0c6fccfb5aaa740ecec
screw,dark,screw/good/027,0,0.7885769605636597,0af9fb99986e3382b5b2e38ddc9e890629415d9dd567f0c6fccfb5aaa740ecec
screw,dark,screw/good/028,0,0.7998725175857544,0af9fb99986e3382b5b2e38ddc9e890629415d9dd567f0c6fccfb5aaa740ecec
screw,dark,screw/good/029,0,0.8384622931480408,0af9fb99986e3382b5b2e38ddc9e890629415d9dd567f0c6fccfb5aaa740ecec
screw,dark,screw/good/030,0,0.8183034658432007,0af9fb99986e3382b5b2e38ddc9e890629415d9dd567f0c6fccfb5aaa740ecec
screw,dark,screw/good/031,0,0.8293571472167969,0af9fb99986e3382b5b2e38ddc9e890629415d9dd567f0c6fccfb5aaa740ecec
screw,dark,screw/good/032,0,0.8168173432350159,0af9fb99986e3382b5b2e38ddc9e890629415d9dd567f0c6fccfb5aaa740ecec
screw,dark,screw/good/033,0,0.8272730112075806,0af9fb99986e3382b5b2e38ddc9e890629415d9dd567f0c6fccfb5aaa740ecec
screw,dark,screw/good/034,0,0.8352460265159607,0af9fb99986e3382b5b2e38ddc9e890629415d9dd567f0c6fccfb5aaa740ecec
screw,dark,screw/good/035,0,0.8405107259750366,0af9fb99986e3382b5b2e38ddc9e890629415d9dd567f0c6fccfb5aaa740ecec
screw,dark,screw/good/036,0,0.8191978931427002,0af9fb99986e3382b5b2e38ddc9e890629415d9dd567f0c6fccfb5aaa740ecec
screw,dark,screw/good/037,0,0.8765558004379272,0af9fb99986e3382b5b2e38ddc9e890629415d9dd567f0c6fccfb5aaa740ecec
screw,dark,screw/good/038,0,0.7898058295249939,0af9fb99986e3382b5b2e38ddc9e890629415d9dd567f0c6fccfb5aaa740ecec
screw,dark,screw/good/039,0,0.8055698275566101,0af9fb99986e3382b5b2e38ddc9e890629415d9dd567f0c6fccfb5aaa740ecec
screw,dark,screw/good/040,0,0.7966012358665466,0af9fb99986e3382b5b2e38ddc9e890629415d9dd567f0c6fccfb5aaa740ecec
screw,dark,screw/manipulated_front/000,1,0.8219338059425354,0af9fb99986e3382b5b2e38ddc9e890629415d9dd567f0c6fccfb5aaa740ecec
screw,dark,screw/manipulated_front/001,1,0.7971585988998413,0af9fb99986e3382b5b2e38ddc9e890629415d9dd567f0c6fccfb5aaa740ecec
screw,dark,screw/manipulated_front/002,1,0.8368044495582581,0af9fb99986e3382b5b2e38ddc9e890629415d9dd567f0c6fccfb5aaa740ecec
screw,dark,screw/manipulated_front/003,1,0.7741531729698181,0af9fb99986e3382b5b2e38ddc9e890629415d9dd567f0c6fccfb5aaa740ecec
screw,dark,screw/manipulated_front/004,1,0.8025231957435608,0af9fb99986e3382b5b2e38ddc9e890629415d9dd567f0c6fccfb5aaa740ecec
screw,dark,screw/manipulated_front/005,1,0.7718563675880432,0af9fb99986e3382b5b2e38ddc9e890629415d9dd567f0c6fccfb5aaa740ecec
screw,dark,screw/manipulated_front/006,1,0.7999788522720337,0af9fb99986e3382b5b2e38ddc9e890629415d9dd567f0c6fccfb5aaa740ecec
screw,dark,screw/manipulated_front/007,1,0.8260878324508667,0af9fb99986e3382b5b2e38ddc9e890629415d9dd567f0c6fccfb5aaa740ecec
screw,dark,screw/manipulated_front/008,1,0.7925727963447571,0af9fb99986e3382b5b2e38ddc9e890629415d9dd567f0c6fccfb5aaa740ecec
screw,dark,screw/manipulated_front/009,1,0.8237114548683167,0af9fb99986e3382b5b2e38ddc9e890629415d9dd567f0c6fccfb5aaa740ecec
screw,dark,screw/manipulated_front/010,1,0.8417811989784241,0af9fb99986e3382b5b2e38ddc9e890629415d9dd567f0c6fccfb5aaa740ecec
screw,dark,screw/manipulated_front/011,1,0.7879064679145813,0af9fb99986e3382b5b2e38ddc9e890629415d9dd567f0c6fccfb5aaa740ecec
screw,dark,screw/manipulated_front/012,1,0.7993354201316833,0af9fb99986e3382b5b2e38ddc9e890629415d9dd567f0c6fccfb5aaa740ecec
screw,dark,screw/manipulated_front/013,1,0.8202366828918457,0af9fb99986e3382b5b2e38ddc9e890629415d9dd567f0c6fccfb5aaa740ecec
screw,dark,screw/manipulated_front/014,1,0.7949459552764893,0af9fb99986e3382b5b2e38ddc9e890629415d9dd567f0c6fccfb5aaa740ecec
screw,dark,screw/manipulated_front/015,1,0.8178448677062988,0af9fb99986e3382b5b2e38ddc9e890629415d9dd567f0c6fccfb5aaa740ecec
screw,dark,screw/manipulated_front/016,1,0.7887277007102966,0af9fb99986e3382b5b2e38ddc9e890629415d9dd567f0c6fccfb5aaa740ecec
screw,dark,screw/manipulated_front/017,1,0.8186911940574646,0af9fb99986e3382b5b2e38ddc9e890629415d9dd567f0c6fccfb5aaa740ecec
screw,dark,screw/manipulated_front/018,1,0.78179931640625,0af9fb99986e3382b5b2e38ddc9e890629415d9dd567f0c6fccfb5aaa740ecec
screw,dark,screw/manipulated_front/019,1,0.7838728427886963,0af9fb99986e3382b5b2e38ddc9e890629415d9dd567f0c6fccfb5aaa740ecec
screw,dark,screw/manipulated_front/020,1,0.8059055209159851,0af9fb99986e3382b5b2e38ddc9e890629415d9dd567f0c6fccfb5aaa740ecec
screw,dark,screw/manipulated_front/021,1,0.791441798210144,0af9fb99986e3382b5b2e38ddc9e890629415d9dd567f0c6fccfb5aaa740ecec
screw,dark,screw/manipulated_front/022,1,0.8161351084709167,0af9fb99986e3382b5b2e38ddc9e890629415d9dd567f0c6fccfb5aaa740ecec
screw,dark,screw/manipulated_front/023,1,0.8052254319190979,0af9fb99986e3382b5b2e38ddc9e890629415d9dd567f0c6fccfb5aaa740ecec
screw,dark,screw/scratch_head/000,1,0.7887012958526611,0af9fb99986e3382b5b2e38ddc9e890629415d9dd567f0c6fccfb5aaa740ecec
screw,dark,screw/scratch_head/001,1,0.7797025442123413,0af9fb99986e3382b5b2e38ddc9e890629415d9dd567f0c6fccfb5aaa740ecec
screw,dark,screw/scratch_head/002,1,0.7866584658622742,0af9fb99986e3382b5b2e38ddc9e890629415d9dd567f0c6fccfb5aaa740ecec
screw,dark,screw/scratch_head/003,1,0.7998735904693604,0af9fb99986e3382b5b2e38ddc9e890629415d9dd567f0c6fccfb5aaa740ecec
screw,dark,screw/scratch_head/004,1,0.8189806938171387,0af9fb99986e3382b5b2e38ddc9e890629415d9dd567f0c6fccfb5aaa740ecec
screw,dark,screw/scratch_head/005,1,0.8255868554115295,0af9fb99986e3382b5b2e38ddc9e890629415d9dd567f0c6fccfb5aaa740ecec
screw,dark,screw/scratch_head/006,1,0.8040311932563782,0af9fb99986e3382b5b2e38ddc9e890629415d9dd567f0c6fccfb5aaa740ecec
screw,dark,screw/scratch_head/007,1,0.8099815249443054,0af9fb99986e3382b5b2e38ddc9e890629415d9dd567f0c6fccfb5aaa740ecec
screw,dark,screw/scratch_head/008,1,0.8013910055160522,0af9fb99986e3382b5b2e38ddc9e890629415d9dd567f0c6fccfb5aaa740ecec
screw,dark,screw/scratch_head/009,1,0.8272797465324402,0af9fb99986e3382b5b2e38ddc9e890629415d9dd567f0c6fccfb5aaa740ecec
screw,dark,screw/scratch_head/010,1,0.8480132222175598,0af9fb99986e3382b5b2e38ddc9e890629415d9dd567f0c6fccfb5aaa740ecec
screw,dark,screw/scratch_head/011,1,0.7635995149612427,0af9fb99986e3382b5b2e38ddc9e890629415d9dd567f0c6fccfb5aaa740ecec
screw,dark,screw/scratch_head/012,1,0.7764500379562378,0af9fb99986e3382b5b2e38ddc9e890629415d9dd567f0c6fccfb5aaa740ecec
screw,dark,screw/scratch_head/013,1,0.8257924914360046,0af9fb99986e3382b5b2e38ddc9e890629415d9dd567f0c6fccfb5aaa740ecec
screw,dark,screw/scratch_head/014,1,0.7711591124534607,0af9fb99986e3382b5b2e38ddc9e890629415d9dd567f0c6fccfb5aaa740ecec
screw,dark,screw/scratch_head/015,1,0.7984654307365417,0af9fb99986e3382b5b2e38ddc9e890629415d9dd567f0c6fccfb5aaa740ecec
screw,dark,screw/scratch_head/016,1,0.8282586932182312,0af9fb99986e3382b5b2e38ddc9e890629415d9dd567f0c6fccfb5aaa740ecec
screw,dark,screw/scratch_head/017,1,0.7724614143371582,0af9fb99986e3382b5b2e38ddc9e890629415d9dd567f0c6fccfb5aaa740ecec
screw,dark,screw/scratch_head/018,1,0.801324725151062,0af9fb99986e3382b5b2e38ddc9e890629415d9dd567f0c6fccfb5aaa740ecec
screw,dark,screw/scratch_head/019,1,0.8005439639091492,0af9fb99986e3382b5b2e38ddc9e890629415d9dd567f0c6fccfb5aaa740ecec
screw,dark,screw/scratch_head/020,1,0.7939644455909729,0af9fb99986e3382b5b2e38ddc9e890629415d9dd567f0c6fccfb5aaa740ecec
screw,dark,screw/scratch_head/021,1,0.7888667583465576,0af9fb99986e3382b5b2e38ddc9e890629415d9dd567f0c6fccfb5aaa740ecec
screw,dark,screw/scratch_head/022,1,0.831732988357544,0af9fb99986e3382b5b2e38ddc9e890629415d9dd567f0c6fccfb5aaa740ecec
screw,dark,screw/scratch_head/023,1,0.8017141222953796,0af9fb99986e3382b5b2e38ddc9e890629415d9dd567f0c6fccfb5aaa740ecec
screw,dark,screw/scratch_neck/000,1,0.8300355672836304,0af9fb99986e3382b5b2e38ddc9e890629415d9dd567f0c6fccfb5aaa740ecec
screw,dark,screw/scratch_neck/001,1,0.8126797676086426,0af9fb99986e3382b5b2e38ddc9e890629415d9dd567f0c6fccfb5aaa740ecec
screw,dark,screw/scratch_neck/002,1,0.7609699368476868,0af9fb99986e3382b5b2e38ddc9e890629415d9dd567f0c6fccfb5aaa740ecec
screw,dark,screw/scratch_neck/003,1,0.7978079319000244,0af9fb99986e3382b5b2e38ddc9e890629415d9dd567f0c6fccfb5aaa740ecec
screw,dark,screw/scratch_neck/004,1,0.7851829528808594,0af9fb99986e3382b5b2e38ddc9e890629415d9dd567f0c6fccfb5aaa740ecec
screw,dark,screw/scratch_neck/005,1,0.8077900409698486,0af9fb99986e3382b5b2e38ddc9e890629415d9dd567f0c6fccfb5aaa740ecec
screw,dark,screw/scratch_neck/006,1,0.8332952260971069,0af9fb99986e3382b5b2e38ddc9e890629415d9dd567f0c6fccfb5aaa740ecec
screw,dark,screw/scratch_neck/007,1,0.7763234972953796,0af9fb99986e3382b5b2e38ddc9e890629415d9dd567f0c6fccfb5aaa740ecec
screw,dark,screw/scratch_neck/008,1,0.8164209127426147,0af9fb99986e3382b5b2e38ddc9e890629415d9dd567f0c6fccfb5aaa740ecec
screw,dark,screw/scratch_neck/009,1,0.7797061800956726,0af9fb99986e3382b5b2e38ddc9e890629415d9dd567f0c6fccfb5aaa740ecec
screw,dark,screw/scratch_neck/010,1,0.810232937335968,0af9fb99986e3382b5b2e38ddc9e890629415d9dd567f0c6fccfb5aaa740ecec
screw,dark,screw/scratch_neck/011,1,0.8478900194168091,0af9fb99986e3382b5b2e38ddc9e890629415d9dd567f0c6fccfb5aaa740ecec
screw,dark,screw/scratch_neck/012,1,0.767288863658905,0af9fb99986e3382b5b2e38ddc9e890629415d9dd567f0c6fccfb5aaa740ecec
screw,dark,screw/scratch_neck/013,1,0.7751478552818298,0af9fb99986e3382b5b2e38ddc9e890629415d9dd567f0c6fccfb5aaa740ecec
screw,dark,screw/scratch_neck/014,1,0.7792961597442627,0af9fb99986e3382b5b2e38ddc9e890629415d9dd567f0c6fccfb5aaa740ecec
screw,dark,screw/scratch_neck/015,1,0.7932480573654175,0af9fb99986e3382b5b2e38ddc9e890629415d9dd567f0c6fccfb5aaa740ecec
screw,dark,screw/scratch_neck/016,1,0.784558892250061,0af9fb99986e3382b5b2e38ddc9e890629415d9dd567f0c6fccfb5aaa740ecec
screw,dark,screw/scratch_neck/017,1,0.7633865475654602,0af9fb99986e3382b5b2e38ddc9e890629415d9dd567f0c6fccfb5aaa740ecec
screw,dark,screw/scratch_neck/018,1,0.7813001871109009,0af9fb99986e3382b5b2e38ddc9e890629415d9dd567f0c6fccfb5aaa740ecec
screw,dark,screw/scratch_neck/019,1,0.7906695604324341,0af9fb99986e3382b5b2e38ddc9e890629415d9dd567f0c6fccfb5aaa740ecec
screw,dark,screw/scratch_neck/020,1,0.7717881798744202,0af9fb99986e3382b5b2e38ddc9e890629415d9dd567f0c6fccfb5aaa740ecec
screw,dark,screw/scratch_neck/021,1,0.8219172954559326,0af9fb99986e3382b5b2e38ddc9e890629415d9dd567f0c6fccfb5aaa740ecec
screw,dark,screw/scratch_neck/022,1,0.8203964233398438,0af9fb99986e3382b5b2e38ddc9e890629415d9dd567f0c6fccfb5aaa740ecec
screw,dark,screw/scratch_neck/023,1,0.7652171850204468,0af9fb99986e3382b5b2e38ddc9e890629415d9dd567f0c6fccfb5aaa740ecec
screw,dark,screw/scratch_neck/024,1,0.8082318305969238,0af9fb99986e3382b5b2e38ddc9e890629415d9dd567f0c6fccfb5aaa740ecec
screw,dark,screw/thread_side/000,1,0.8019476532936096,0af9fb99986e3382b5b2e38ddc9e890629415d9dd567f0c6fccfb5aaa740ecec
screw,dark,screw/thread_side/001,1,0.8146116733551025,0af9fb99986e3382b5b2e38ddc9e890629415d9dd567f0c6fccfb5aaa740ecec
screw,dark,screw/thread_side/002,1,0.817311704158783,0af9fb99986e3382b5b2e38ddc9e890629415d9dd567f0c6fccfb5aaa740ecec
screw,dark,screw/thread_side/003,1,0.835183322429657,0af9fb99986e3382b5b2e38ddc9e890629415d9dd567f0c6fccfb5aaa740ecec
screw,dark,screw/thread_side/004,1,0.8214960694313049,0af9fb99986e3382b5b2e38ddc9e890629415d9dd567f0c6fccfb5aaa740ecec
screw,dark,screw/thread_side/005,1,0.7791783213615417,0af9fb99986e3382b5b2e38ddc9e890629415d9dd567f0c6fccfb5aaa740ecec
screw,dark,screw/thread_side/006,1,0.7877784967422485,0af9fb99986e3382b5b2e38ddc9e890629415d9dd567f0c6fccfb5aaa740ecec
screw,dark,screw/thread_side/007,1,0.7689805030822754,0af9fb99986e3382b5b2e38ddc9e890629415d9dd567f0c6fccfb5aaa740ecec
screw,dark,screw/thread_side/008,1,0.7864745855331421,0af9fb99986e3382b5b2e38ddc9e890629415d9dd567f0c6fccfb5aaa740ecec
screw,dark,screw/thread_side/009,1,0.7938194870948792,0af9fb99986e3382b5b2e38ddc9e890629415d9dd567f0c6fccfb5aaa740ecec
screw,dark,screw/thread_side/010,1,0.8185665011405945,0af9fb99986e3382b5b2e38ddc9e890629415d9dd567f0c6fccfb5aaa740ecec
screw,dark,screw/thread_side/011,1,0.7866162657737732,0af9fb99986e3382b5b2e38ddc9e890629415d9dd567f0c6fccfb5aaa740ecec
screw,dark,screw/thread_side/012,1,0.8080880045890808,0af9fb99986e3382b5b2e38ddc9e890629415d9dd567f0c6fccfb5aaa740ecec
screw,dark,screw/thread_side/013,1,0.797312319278717,0af9fb99986e3382b5b2e38ddc9e890629415d9dd567f0c6fccfb5aaa740ecec
screw,dark,screw/thread_side/014,1,0.7669821977615356,0af9fb99986e3382b5b2e38ddc9e890629415d9dd567f0c6fccfb5aaa740ecec
screw,dark,screw/thread_side/015,1,0.8007722496986389,0af9fb99986e3382b5b2e38ddc9e890629415d9dd567f0c6fccfb5aaa740ecec
screw,dark,screw/thread_side/016,1,0.7713916301727295,0af9fb99986e3382b5b2e38ddc9e890629415d9dd567f0c6fccfb5aaa740ecec
screw,dark,screw/thread_side/017,1,0.7939585447311401,0af9fb99986e3382b5b2e38ddc9e890629415d9dd567f0c6fccfb5aaa740ecec
screw,dark,screw/thread_side/018,1,0.819884181022644,0af9fb99986e3382b5b2e38ddc9e890629415d9dd567f0c6fccfb5aaa740ecec
screw,dark,screw/thread_side/019,1,0.8105924129486084,0af9fb99986e3382b5b2e38ddc9e890629415d9dd567f0c6fccfb5aaa740ecec
screw,dark,screw/thread_side/020,1,0.7617834806442261,0af9fb99986e3382b5b2e38ddc9e890629415d9dd567f0c6fccfb5aaa740ecec
screw,dark,screw/thread_side/021,1,0.7952898740768433,0af9fb99986e3382b5b2e38ddc9e890629415d9dd567f0c6fccfb5aaa740ecec
screw,dark,screw/thread_side/022,1,0.8170949220657349,0af9fb99986e3382b5b2e38ddc9e890629415d9dd567f0c6fccfb5aaa740ecec
screw,dark,screw/thread_top/000,1,0.7935426831245422,0af9fb99986e3382b5b2e38ddc9e890629415d9dd567f0c6fccfb5aaa740ecec
screw,dark,screw/thread_top/001,1,0.8226368427276611,0af9fb99986e3382b5b2e38ddc9e890629415d9dd567f0c6fccfb5aaa740ecec
screw,dark,screw/thread_top/002,1,0.8213810920715332,0af9fb99986e3382b5b2e38ddc9e890629415d9dd567f0c6fccfb5aaa740ecec
screw,dark,screw/thread_top/003,1,0.832761287689209,0af9fb99986e3382b5b2e38ddc9e890629415d9dd567f0c6fccfb5aaa740ecec
screw,dark,screw/thread_top/004,1,0.8025064468383789,0af9fb99986e3382b5b2e38ddc9e890629415d9dd567f0c6fccfb5aaa740ecec
screw,dark,screw/thread_top/005,1,0.8097729682922363,0af9fb99986e3382b5b2e38ddc9e890629415d9dd567f0c6fccfb5aaa740ecec
screw,dark,screw/thread_top/006,1,0.7759878039360046,0af9fb99986e3382b5b2e38ddc9e890629415d9dd567f0c6fccfb5aaa740ecec
screw,dark,screw/thread_top/007,1,0.8218924403190613,0af9fb99986e3382b5b2e38ddc9e890629415d9dd567f0c6fccfb5aaa740ecec
screw,dark,screw/thread_top/008,1,0.7708064317703247,0af9fb99986e3382b5b2e38ddc9e890629415d9dd567f0c6fccfb5aaa740ecec
screw,dark,screw/thread_top/009,1,0.7729827165603638,0af9fb99986e3382b5b2e38ddc9e890629415d9dd567f0c6fccfb5aaa740ecec
screw,dark,screw/thread_top/010,1,0.776572048664093,0af9fb99986e3382b5b2e38ddc9e890629415d9dd567f0c6fccfb5aaa740ecec
screw,dark,screw/thread_top/011,1,0.8115136027336121,0af9fb99986e3382b5b2e38ddc9e890629415d9dd567f0c6fccfb5aaa740ecec
screw,dark,screw/thread_top/012,1,0.7940376400947571,0af9fb99986e3382b5b2e38ddc9e890629415d9dd567f0c6fccfb5aaa740ecec
screw,dark,screw/thread_top/013,1,0.7749964594841003,0af9fb99986e3382b5b2e38ddc9e890629415d9dd567f0c6fccfb5aaa740ecec
screw,dark,screw/thread_top/014,1,0.7889652848243713,0af9fb99986e3382b5b2e38ddc9e890629415d9dd567f0c6fccfb5aaa740ecec
screw,dark,screw/thread_top/015,1,0.7878422737121582,0af9fb99986e3382b5b2e38ddc9e890629415d9dd567f0c6fccfb5aaa740ecec
screw,dark,screw/thread_top/016,1,0.8206348419189453,0af9fb99986e3382b5b2e38ddc9e890629415d9dd567f0c6fccfb5aaa740ecec
screw,dark,screw/thread_top/017,1,0.8146505355834961,0af9fb99986e3382b5b2e38ddc9e890629415d9dd567f0c6fccfb5aaa740ecec
screw,dark,screw/thread_top/018,1,0.8432983160018921,0af9fb99986e3382b5b2e38ddc9e890629415d9dd567f0c6fccfb5aaa740ecec
screw,dark,screw/thread_top/019,1,0.840381920337677,0af9fb99986e3382b5b2e38ddc9e890629415d9dd567f0c6fccfb5aaa740ecec
screw,dark,screw/thread_top/020,1,0.7758789658546448,0af9fb99986e3382b5b2e38ddc9e890629415d9dd567f0c6fccfb5aaa740ecec
screw,dark,screw/thread_top/021,1,0.8408576250076294,0af9fb99986e3382b5b2e38ddc9e890629415d9dd567f0c6fccfb5aaa740ecec
screw,dark,screw/thread_top/022,1,0.789614737033844,0af9fb99986e3382b5b2e38ddc9e890629415d9dd567f0c6fccfb5aaa740ecec
screw,mirnetv2,screw/good/000,0,0.706779956817627,0af9fb99986e3382b5b2e38ddc9e890629415d9dd567f0c6fccfb5aaa740ecec
screw,mirnetv2,screw/good/001,0,0.7150261402130127,0af9fb99986e3382b5b2e38ddc9e890629415d9dd567f0c6fccfb5aaa740ecec
screw,mirnetv2,screw/good/002,0,0.7533435821533203,0af9fb99986e3382b5b2e38ddc9e890629415d9dd567f0c6fccfb5aaa740ecec
screw,mirnetv2,screw/good/003,0,0.6391102075576782,0af9fb99986e3382b5b2e38ddc9e890629415d9dd567f0c6fccfb5aaa740ecec
screw,mirnetv2,screw/good/004,0,0.6888320446014404,0af9fb99986e3382b5b2e38ddc9e890629415d9dd567f0c6fccfb5aaa740ecec
screw,mirnetv2,screw/good/005,0,0.7203687429428101,0af9fb99986e3382b5b2e38ddc9e890629415d9dd567f0c6fccfb5aaa740ecec
screw,mirnetv2,screw/good/006,0,0.7360370755195618,0af9fb99986e3382b5b2e38ddc9e890629415d9dd567f0c6fccfb5aaa740ecec
screw,mirnetv2,screw/good/007,0,0.7385645508766174,0af9fb99986e3382b5b2e38ddc9e890629415d9dd567f0c6fccfb5aaa740ecec
screw,mirnetv2,screw/good/008,0,0.7170488834381104,0af9fb99986e3382b5b2e38ddc9e890629415d9dd567f0c6fccfb5aaa740ecec
screw,mirnetv2,screw/good/009,0,0.7493740320205688,0af9fb99986e3382b5b2e38ddc9e890629415d9dd567f0c6fccfb5aaa740ecec
screw,mirnetv2,screw/good/010,0,0.7736586928367615,0af9fb99986e3382b5b2e38ddc9e890629415d9dd567f0c6fccfb5aaa740ecec
screw,mirnetv2,screw/good/011,0,0.8307791352272034,0af9fb99986e3382b5b2e38ddc9e890629415d9dd567f0c6fccfb5aaa740ecec
screw,mirnetv2,screw/good/012,0,0.7944243550300598,0af9fb99986e3382b5b2e38ddc9e890629415d9dd567f0c6fccfb5aaa740ecec
screw,mirnetv2,screw/good/013,0,0.844341516494751,0af9fb99986e3382b5b2e38ddc9e890629415d9dd567f0c6fccfb5aaa740ecec
screw,mirnetv2,screw/good/014,0,0.8236334323883057,0af9fb99986e3382b5b2e38ddc9e890629415d9dd567f0c6fccfb5aaa740ecec
screw,mirnetv2,screw/good/015,0,0.7791981101036072,0af9fb99986e3382b5b2e38ddc9e890629415d9dd567f0c6fccfb5aaa740ecec
screw,mirnetv2,screw/good/016,0,0.779366672039032,0af9fb99986e3382b5b2e38ddc9e890629415d9dd567f0c6fccfb5aaa740ecec
screw,mirnetv2,screw/good/017,0,0.6767604351043701,0af9fb99986e3382b5b2e38ddc9e890629415d9dd567f0c6fccfb5aaa740ecec
screw,mirnetv2,screw/good/018,0,0.7330812215805054,0af9fb99986e3382b5b2e38ddc9e890629415d9dd567f0c6fccfb5aaa740ecec
screw,mirnetv2,screw/good/019,0,0.8255710005760193,0af9fb99986e3382b5b2e38ddc9e890629415d9dd567f0c6fccfb5aaa740ecec
screw,mirnetv2,screw/good/020,0,0.8131897449493408,0af9fb99986e3382b5b2e38ddc9e890629415d9dd567f0c6fccfb5aaa740ecec
screw,mirnetv2,screw/good/021,0,0.6683441996574402,0af9fb99986e3382b5b2e38ddc9e890629415d9dd567f0c6fccfb5aaa740ecec
screw,mirnetv2,screw/good/022,0,0.8309216499328613,0af9fb99986e3382b5b2e38ddc9e890629415d9dd567f0c6fccfb5aaa740ecec
screw,mirnetv2,screw/good/023,0,0.7089985609054565,0af9fb99986e3382b5b2e38ddc9e890629415d9dd567f0c6fccfb5aaa740ecec
screw,mirnetv2,screw/good/024,0,0.8438276648521423,0af9fb99986e3382b5b2e38ddc9e890629415d9dd567f0c6fccfb5aaa740ecec
screw,mirnetv2,screw/good/025,0,0.8133801221847534,0af9fb99986e3382b5b2e38ddc9e890629415d9dd567f0c6fccfb5aaa740ecec
screw,mirnetv2,screw/good/026,0,0.7555865049362183,0af9fb99986e3382b5b2e38ddc9e890629415d9dd567f0c6fccfb5aaa740ecec
screw,mirnetv2,screw/good/027,0,0.6394986510276794,0af9fb99986e3382b5b2e38ddc9e890629415d9dd567f0c6fccfb5aaa740ecec
screw,mirnetv2,screw/good/028,0,0.672806978225708,0af9fb99986e3382b5b2e38ddc9e890629415d9dd567f0c6fccfb5aaa740ecec
screw,mirnetv2,screw/good/029,0,0.7323337197303772,0af9fb99986e3382b5b2e38ddc9e890629415d9dd567f0c6fccfb5aaa740ecec
screw,mirnetv2,screw/good/030,0,0.8247283697128296,0af9fb99986e3382b5b2e38ddc9e890629415d9dd567f0c6fccfb5aaa740ecec
screw,mirnetv2,screw/good/031,0,0.6977481842041016,0af9fb99986e3382b5b2e38ddc9e890629415d9dd567f0c6fccfb5aaa740ecec
screw,mirnetv2,screw/good/032,0,0.678296685218811,0af9fb99986e3382b5b2e38ddc9e890629415d9dd567f0c6fccfb5aaa740ecec
screw,mirnetv2,screw/good/033,0,0.8362270593643188,0af9fb99986e3382b5b2e38ddc9e890629415d9dd567f0c6fccfb5aaa740ecec
screw,mirnetv2,screw/good/034,0,0.7965779900550842,0af9fb99986e3382b5b2e38ddc9e890629415d9dd567f0c6fccfb5aaa740ecec
screw,mirnetv2,screw/good/035,0,0.848314106464386,0af9fb99986e3382b5b2e38ddc9e890629415d9dd567f0c6fccfb5aaa740ecec
screw,mirnetv2,screw/good/036,0,0.7638399004936218,0af9fb99986e3382b5b2e38ddc9e890629415d9dd567f0c6fccfb5aaa740ecec
screw,mirnetv2,screw/good/037,0,0.8698992133140564,0af9fb99986e3382b5b2e38ddc9e890629415d9dd567f0c6fccfb5aaa740ecec
screw,mirnetv2,screw/good/038,0,0.6421219706535339,0af9fb99986e3382b5b2e38ddc9e890629415d9dd567f0c6fccfb5aaa740ecec
screw,mirnetv2,screw/good/039,0,0.6536658406257629,0af9fb99986e3382b5b2e38ddc9e890629415d9dd567f0c6fccfb5aaa740ecec
screw,mirnetv2,screw/good/040,0,0.7390255928039551,0af9fb99986e3382b5b2e38ddc9e890629415d9dd567f0c6fccfb5aaa740ecec
screw,mirnetv2,screw/manipulated_front/000,1,0.6661291122436523,0af9fb99986e3382b5b2e38ddc9e890629415d9dd567f0c6fccfb5aaa740ecec
screw,mirnetv2,screw/manipulated_front/001,1,0.6385735869407654,0af9fb99986e3382b5b2e38ddc9e890629415d9dd567f0c6fccfb5aaa740ecec
screw,mirnetv2,screw/manipulated_front/002,1,0.7404298782348633,0af9fb99986e3382b5b2e38ddc9e890629415d9dd567f0c6fccfb5aaa740ecec
screw,mirnetv2,screw/manipulated_front/003,1,0.6191467046737671,0af9fb99986e3382b5b2e38ddc9e890629415d9dd567f0c6fccfb5aaa740ecec
screw,mirnetv2,screw/manipulated_front/004,1,0.6255769729614258,0af9fb99986e3382b5b2e38ddc9e890629415d9dd567f0c6fccfb5aaa740ecec
screw,mirnetv2,screw/manipulated_front/005,1,0.621178150177002,0af9fb99986e3382b5b2e38ddc9e890629415d9dd567f0c6fccfb5aaa740ecec
screw,mirnetv2,screw/manipulated_front/006,1,0.6579551100730896,0af9fb99986e3382b5b2e38ddc9e890629415d9dd567f0c6fccfb5aaa740ecec
screw,mirnetv2,screw/manipulated_front/007,1,0.6653283834457397,0af9fb99986e3382b5b2e38ddc9e890629415d9dd567f0c6fccfb5aaa740ecec
screw,mirnetv2,screw/manipulated_front/008,1,0.6045046448707581,0af9fb99986e3382b5b2e38ddc9e890629415d9dd567f0c6fccfb5aaa740ecec
screw,mirnetv2,screw/manipulated_front/009,1,0.723159670829773,0af9fb99986e3382b5b2e38ddc9e890629415d9dd567f0c6fccfb5aaa740ecec
screw,mirnetv2,screw/manipulated_front/010,1,0.6800312399864197,0af9fb99986e3382b5b2e38ddc9e890629415d9dd567f0c6fccfb5aaa740ecec
screw,mirnetv2,screw/manipulated_front/011,1,0.6270909905433655,0af9fb99986e3382b5b2e38ddc9e890629415d9dd567f0c6fccfb5aaa740ecec
screw,mirnetv2,screw/manipulated_front/012,1,0.6394125819206238,0af9fb99986e3382b5b2e38ddc9e890629415d9dd567f0c6fccfb5aaa740ecec
screw,mirnetv2,screw/manipulated_front/013,1,0.6849307417869568,0af9fb99986e3382b5b2e38ddc9e890629415d9dd567f0c6fccfb5aaa740ecec
screw,mirnetv2,screw/manipulated_front/014,1,0.6432108879089355,0af9fb99986e3382b5b2e38ddc9e890629415d9dd567f0c6fccfb5aaa740ecec
screw,mirnetv2,screw/manipulated_front/015,1,0.6627389192581177,0af9fb99986e3382b5b2e38ddc9e890629415d9dd567f0c6fccfb5aaa740ecec
screw,mirnetv2,screw/manipulated_front/016,1,0.6317306160926819,0af9fb99986e3382b5b2e38ddc9e890629415d9dd567f0c6fccfb5aaa740ecec
screw,mirnetv2,screw/manipulated_front/017,1,0.6994245052337646,0af9fb99986e3382b5b2e38ddc9e890629415d9dd567f0c6fccfb5aaa740ecec
screw,mirnetv2,screw/manipulated_front/018,1,0.6416028141975403,0af9fb99986e3382b5b2e38ddc9e890629415d9dd567f0c6fccfb5aaa740ecec
screw,mirnetv2,screw/manipulated_front/019,1,0.6371634602546692,0af9fb99986e3382b5b2e38ddc9e890629415d9dd567f0c6fccfb5aaa740ecec
screw,mirnetv2,screw/manipulated_front/020,1,0.6769452691078186,0af9fb99986e3382b5b2e38ddc9e890629415d9dd567f0c6fccfb5aaa740ecec
screw,mirnetv2,screw/manipulated_front/021,1,0.7192389965057373,0af9fb99986e3382b5b2e38ddc9e890629415d9dd567f0c6fccfb5aaa740ecec
screw,mirnetv2,screw/manipulated_front/022,1,0.7409661412239075,0af9fb99986e3382b5b2e38ddc9e890629415d9dd567f0c6fccfb5aaa740ecec
screw,mirnetv2,screw/manipulated_front/023,1,0.6693300604820251,0af9fb99986e3382b5b2e38ddc9e890629415d9dd567f0c6fccfb5aaa740ecec
screw,mirnetv2,screw/scratch_head/000,1,0.619664192199707,0af9fb99986e3382b5b2e38ddc9e890629415d9dd567f0c6fccfb5aaa740ecec
screw,mirnetv2,screw/scratch_head/001,1,0.6181939244270325,0af9fb99986e3382b5b2e38ddc9e890629415d9dd567f0c6fccfb5aaa740ecec
screw,mirnetv2,screw/scratch_head/002,1,0.6647446155548096,0af9fb99986e3382b5b2e38ddc9e890629415d9dd567f0c6fccfb5aaa740ecec
screw,mirnetv2,screw/scratch_head/003,1,0.6446764469146729,0af9fb99986e3382b5b2e38ddc9e890629415d9dd567f0c6fccfb5aaa740ecec
screw,mirnetv2,screw/scratch_head/004,1,0.7674700617790222,0af9fb99986e3382b5b2e38ddc9e890629415d9dd567f0c6fccfb5aaa740ecec
screw,mirnetv2,screw/scratch_head/005,1,0.7596279978752136,0af9fb99986e3382b5b2e38ddc9e890629415d9dd567f0c6fccfb5aaa740ecec
screw,mirnetv2,screw/scratch_head/006,1,0.7154912352561951,0af9fb99986e3382b5b2e38ddc9e890629415d9dd567f0c6fccfb5aaa740ecec
screw,mirnetv2,screw/scratch_head/007,1,0.663419783115387,0af9fb99986e3382b5b2e38ddc9e890629415d9dd567f0c6fccfb5aaa740ecec
screw,mirnetv2,screw/scratch_head/008,1,0.6418887376785278,0af9fb99986e3382b5b2e38ddc9e890629415d9dd567f0c6fccfb5aaa740ecec
screw,mirnetv2,screw/scratch_head/009,1,0.6716180443763733,0af9fb99986e3382b5b2e38ddc9e890629415d9dd567f0c6fccfb5aaa740ecec
screw,mirnetv2,screw/scratch_head/010,1,0.7835547924041748,0af9fb99986e3382b5b2e38ddc9e890629415d9dd567f0c6fccfb5aaa740ecec
screw,mirnetv2,screw/scratch_head/011,1,0.6247232556343079,0af9fb99986e3382b5b2e38ddc9e890629415d9dd567f0c6fccfb5aaa740ecec
screw,mirnetv2,screw/scratch_head/012,1,0.647243320941925,0af9fb99986e3382b5b2e38ddc9e890629415d9dd567f0c6fccfb5aaa740ecec
screw,mirnetv2,screw/scratch_head/013,1,0.6994975805282593,0af9fb99986e3382b5b2e38ddc9e890629415d9dd567f0c6fccfb5aaa740ecec
screw,mirnetv2,screw/scratch_head/014,1,0.6338717341423035,0af9fb99986e3382b5b2e38ddc9e890629415d9dd567f0c6fccfb5aaa740ecec
screw,mirnetv2,screw/scratch_head/015,1,0.6641445159912109,0af9fb99986e3382b5b2e38ddc9e890629415d9dd567f0c6fccfb5aaa740ecec
screw,mirnetv2,screw/scratch_head/016,1,0.7246966361999512,0af9fb99986e3382b5b2e38ddc9e890629415d9dd567f0c6fccfb5aaa740ecec
screw,mirnetv2,screw/scratch_head/017,1,0.626390278339386,0af9fb99986e3382b5b2e38ddc9e890629415d9dd567f0c6fccfb5aaa740ecec
screw,mirnetv2,screw/scratch_head/018,1,0.6966308951377869,0af9fb99986e3382b5b2e38ddc9e890629415d9dd567f0c6fccfb5aaa740ecec
screw,mirnetv2,screw/scratch_head/019,1,0.6393621563911438,0af9fb99986e3382b5b2e38ddc9e890629415d9dd567f0c6fccfb5aaa740ecec
screw,mirnetv2,screw/scratch_head/020,1,0.6419228315353394,0af9fb99986e3382b5b2e38ddc9e890629415d9dd567f0c6fccfb5aaa740ecec
screw,mirnetv2,screw/scratch_head/021,1,0.6420814990997314,0af9fb99986e3382b5b2e38ddc9e890629415d9dd567f0c6fccfb5aaa740ecec
screw,mirnetv2,screw/scratch_head/022,1,0.7531440258026123,0af9fb99986e3382b5b2e38ddc9e890629415d9dd567f0c6fccfb5aaa740ecec
screw,mirnetv2,screw/scratch_head/023,1,0.6755907535552979,0af9fb99986e3382b5b2e38ddc9e890629415d9dd567f0c6fccfb5aaa740ecec
screw,mirnetv2,screw/scratch_neck/000,1,0.6868793964385986,0af9fb99986e3382b5b2e38ddc9e890629415d9dd567f0c6fccfb5aaa740ecec
screw,mirnetv2,screw/scratch_neck/001,1,0.632986843585968,0af9fb99986e3382b5b2e38ddc9e890629415d9dd567f0c6fccfb5aaa740ecec
screw,mirnetv2,screw/scratch_neck/002,1,0.6060150861740112,0af9fb99986e3382b5b2e38ddc9e890629415d9dd567f0c6fccfb5aaa740ecec
screw,mirnetv2,screw/scratch_neck/003,1,0.6620842218399048,0af9fb99986e3382b5b2e38ddc9e890629415d9dd567f0c6fccfb5aaa740ecec
screw,mirnetv2,screw/scratch_neck/004,1,0.6250013113021851,0af9fb99986e3382b5b2e38ddc9e890629415d9dd567f0c6fccfb5aaa740ecec
screw,mirnetv2,screw/scratch_neck/005,1,0.6392471790313721,0af9fb99986e3382b5b2e38ddc9e890629415d9dd567f0c6fccfb5aaa740ecec
screw,mirnetv2,screw/scratch_neck/006,1,0.7549952268600464,0af9fb99986e3382b5b2e38ddc9e890629415d9dd567f0c6fccfb5aaa740ecec
screw,mirnetv2,screw/scratch_neck/007,1,0.6213774085044861,0af9fb99986e3382b5b2e38ddc9e890629415d9dd567f0c6fccfb5aaa740ecec
screw,mirnetv2,screw/scratch_neck/008,1,0.6931464076042175,0af9fb99986e3382b5b2e38ddc9e890629415d9dd567f0c6fccfb5aaa740ecec
screw,mirnetv2,screw/scratch_neck/009,1,0.5992631912231445,0af9fb99986e3382b5b2e38ddc9e890629415d9dd567f0c6fccfb5aaa740ecec
screw,mirnetv2,screw/scratch_neck/010,1,0.7507972717285156,0af9fb99986e3382b5b2e38ddc9e890629415d9dd567f0c6fccfb5aaa740ecec
screw,mirnetv2,screw/scratch_neck/011,1,0.7890467643737793,0af9fb99986e3382b5b2e38ddc9e890629415d9dd567f0c6fccfb5aaa740ecec
screw,mirnetv2,screw/scratch_neck/012,1,0.6484672427177429,0af9fb99986e3382b5b2e38ddc9e890629415d9dd567f0c6fccfb5aaa740ecec
screw,mirnetv2,screw/scratch_neck/013,1,0.6188907623291016,0af9fb99986e3382b5b2e38ddc9e890629415d9dd567f0c6fccfb5aaa740ecec
screw,mirnetv2,screw/scratch_neck/014,1,0.6603720784187317,0af9fb99986e3382b5b2e38ddc9e890629415d9dd567f0c6fccfb5aaa740ecec
screw,mirnetv2,screw/scratch_neck/015,1,0.6973915100097656,0af9fb99986e3382b5b2e38ddc9e890629415d9dd567f0c6fccfb5aaa740ecec
screw,mirnetv2,screw/scratch_neck/016,1,0.624797523021698,0af9fb99986e3382b5b2e38ddc9e890629415d9dd567f0c6fccfb5aaa740ecec
screw,mirnetv2,screw/scratch_neck/017,1,0.6035961508750916,0af9fb99986e3382b5b2e38ddc9e890629415d9dd567f0c6fccfb5aaa740ecec
screw,mirnetv2,screw/scratch_neck/018,1,0.617097795009613,0af9fb99986e3382b5b2e38ddc9e890629415d9dd567f0c6fccfb5aaa740ecec
screw,mirnetv2,screw/scratch_neck/019,1,0.6654913425445557,0af9fb99986e3382b5b2e38ddc9e890629415d9dd567f0c6fccfb5aaa740ecec
screw,mirnetv2,screw/scratch_neck/020,1,0.6020179390907288,0af9fb99986e3382b5b2e38ddc9e890629415d9dd567f0c6fccfb5aaa740ecec
screw,mirnetv2,screw/scratch_neck/021,1,0.7270427346229553,0af9fb99986e3382b5b2e38ddc9e890629415d9dd567f0c6fccfb5aaa740ecec
screw,mirnetv2,screw/scratch_neck/022,1,0.6925528049468994,0af9fb99986e3382b5b2e38ddc9e890629415d9dd567f0c6fccfb5aaa740ecec
screw,mirnetv2,screw/scratch_neck/023,1,0.6203967332839966,0af9fb99986e3382b5b2e38ddc9e890629415d9dd567f0c6fccfb5aaa740ecec
screw,mirnetv2,screw/scratch_neck/024,1,0.6826121807098389,0af9fb99986e3382b5b2e38ddc9e890629415d9dd567f0c6fccfb5aaa740ecec
screw,mirnetv2,screw/thread_side/000,1,0.6767606735229492,0af9fb99986e3382b5b2e38ddc9e890629415d9dd567f0c6fccfb5aaa740ecec
screw,mirnetv2,screw/thread_side/001,1,0.6725054383277893,0af9fb99986e3382b5b2e38ddc9e890629415d9dd567f0c6fccfb5aaa740ecec
screw,mirnetv2,screw/thread_side/002,1,0.6778662204742432,0af9fb99986e3382b5b2e38ddc9e890629415d9dd567f0c6fccfb5aaa740ecec
screw,mirnetv2,screw/thread_side/003,1,0.7778194546699524,0af9fb99986e3382b5b2e38ddc9e890629415d9dd567f0c6fccfb5aaa740ecec
screw,mirnetv2,screw/thread_side/004,1,0.6832759380340576,0af9fb99986e3382b5b2e38ddc9e890629415d9dd567f0c6fccfb5aaa740ecec
screw,mirnetv2,screw/thread_side/005,1,0.6331937313079834,0af9fb99986e3382b5b2e38ddc9e890629415d9dd567f0c6fccfb5aaa740ecec
screw,mirnetv2,screw/thread_side/006,1,0.6396679282188416,0af9fb99986e3382b5b2e38ddc9e890629415d9dd567f0c6fccfb5aaa740ecec
screw,mirnetv2,screw/thread_side/007,1,0.6181034445762634,0af9fb99986e3382b5b2e38ddc9e890629415d9dd567f0c6fccfb5aaa740ecec
screw,mirnetv2,screw/thread_side/008,1,0.6334338188171387,0af9fb99986e3382b5b2e38ddc9e890629415d9dd567f0c6fccfb5aaa740ecec
screw,mirnetv2,screw/thread_side/009,1,0.6368493437767029,0af9fb99986e3382b5b2e38ddc9e890629415d9dd567f0c6fccfb5aaa740ecec
screw,mirnetv2,screw/thread_side/010,1,0.663295567035675,0af9fb99986e3382b5b2e38ddc9e890629415d9dd567f0c6fccfb5aaa740ecec
screw,mirnetv2,screw/thread_side/011,1,0.6301017999649048,0af9fb99986e3382b5b2e38ddc9e890629415d9dd567f0c6fccfb5aaa740ecec
screw,mirnetv2,screw/thread_side/012,1,0.7221810817718506,0af9fb99986e3382b5b2e38ddc9e890629415d9dd567f0c6fccfb5aaa740ecec
screw,mirnetv2,screw/thread_side/013,1,0.5892325639724731,0af9fb99986e3382b5b2e38ddc9e890629415d9dd567f0c6fccfb5aaa740ecec
screw,mirnetv2,screw/thread_side/014,1,0.6001889705657959,0af9fb99986e3382b5b2e38ddc9e890629415d9dd567f0c6fccfb5aaa740ecec
screw,mirnetv2,screw/thread_side/015,1,0.670376181602478,0af9fb99986e3382b5b2e38ddc9e890629415d9dd567f0c6fccfb5aaa740ecec
screw,mirnetv2,screw/thread_side/016,1,0.6439495086669922,0af9fb99986e3382b5b2e38ddc9e890629415d9dd567f0c6fccfb5aaa740ecec
screw,mirnetv2,screw/thread_side/017,1,0.6494337916374207,0af9fb99986e3382b5b2e38ddc9e890629415d9dd567f0c6fccfb5aaa740ecec
screw,mirnetv2,screw/thread_side/018,1,0.681574821472168,0af9fb99986e3382b5b2e38ddc9e890629415d9dd567f0c6fccfb5aaa740ecec
screw,mirnetv2,screw/thread_side/019,1,0.7550169229507446,0af9fb99986e3382b5b2e38ddc9e890629415d9dd567f0c6fccfb5aaa740ecec
screw,mirnetv2,screw/thread_side/020,1,0.6370115280151367,0af9fb99986e3382b5b2e38ddc9e890629415d9dd567f0c6fccfb5aaa740ecec
screw,mirnetv2,screw/thread_side/021,1,0.6176773309707642,0af9fb99986e3382b5b2e38ddc9e890629415d9dd567f0c6fccfb5aaa740ecec
screw,mirnetv2,screw/thread_side/022,1,0.6713070273399353,0af9fb99986e3382b5b2e38ddc9e890629415d9dd567f0c6fccfb5aaa740ecec
screw,mirnetv2,screw/thread_top/000,1,0.65642911195755,0af9fb99986e3382b5b2e38ddc9e890629415d9dd567f0c6fccfb5aaa740ecec
screw,mirnetv2,screw/thread_top/001,1,0.7107071280479431,0af9fb99986e3382b5b2e38ddc9e890629415d9dd567f0c6fccfb5aaa740ecec
screw,mirnetv2,screw/thread_top/002,1,0.6733150482177734,0af9fb99986e3382b5b2e38ddc9e890629415d9dd567f0c6fccfb5aaa740ecec
screw,mirnetv2,screw/thread_top/003,1,0.678746223449707,0af9fb99986e3382b5b2e38ddc9e890629415d9dd567f0c6fccfb5aaa740ecec
screw,mirnetv2,screw/thread_top/004,1,0.6661574840545654,0af9fb99986e3382b5b2e38ddc9e890629415d9dd567f0c6fccfb5aaa740ecec
screw,mirnetv2,screw/thread_top/005,1,0.7351228594779968,0af9fb99986e3382b5b2e38ddc9e890629415d9dd567f0c6fccfb5aaa740ecec
screw,mirnetv2,screw/thread_top/006,1,0.6201618313789368,0af9fb99986e3382b5b2e38ddc9e890629415d9dd567f0c6fccfb5aaa740ecec
screw,mirnetv2,screw/thread_top/007,1,0.7221753001213074,0af9fb99986e3382b5b2e38ddc9e890629415d9dd567f0c6fccfb5aaa740ecec
screw,mirnetv2,screw/thread_top/008,1,0.6067911982536316,0af9fb99986e3382b5b2e38ddc9e890629415d9dd567f0c6fccfb5aaa740ecec
screw,mirnetv2,screw/thread_top/009,1,0.600799560546875,0af9fb99986e3382b5b2e38ddc9e890629415d9dd567f0c6fccfb5aaa740ecec
screw,mirnetv2,screw/thread_top/010,1,0.6268646121025085,0af9fb99986e3382b5b2e38ddc9e890629415d9dd567f0c6fccfb5aaa740ecec
screw,mirnetv2,screw/thread_top/011,1,0.7149839401245117,0af9fb99986e3382b5b2e38ddc9e890629415d9dd567f0c6fccfb5aaa740ecec
screw,mirnetv2,screw/thread_top/012,1,0.6332802176475525,0af9fb99986e3382b5b2e38ddc9e890629415d9dd567f0c6fccfb5aaa740ecec
screw,mirnetv2,screw/thread_top/013,1,0.6163146495819092,0af9fb99986e3382b5b2e38ddc9e890629415d9dd567f0c6fccfb5aaa740ecec
screw,mirnetv2,screw/thread_top/014,1,0.6564357280731201,0af9fb99986e3382b5b2e38ddc9e890629415d9dd567f0c6fccfb5aaa740ecec
screw,mirnetv2,screw/thread_top/015,1,0.6278174519538879,0af9fb99986e3382b5b2e38ddc9e890629415d9dd567f0c6fccfb5aaa740ecec
screw,mirnetv2,screw/thread_top/016,1,0.6574063301086426,0af9fb99986e3382b5b2e38ddc9e890629415d9dd567f0c6fccfb5aaa740ecec
screw,mirnetv2,screw/thread_top/017,1,0.7086611986160278,0af9fb99986e3382b5b2e38ddc9e890629415d9dd567f0c6fccfb5aaa740ecec
screw,mirnetv2,screw/thread_top/018,1,0.7733214497566223,0af9fb99986e3382b5b2e38ddc9e890629415d9dd567f0c6fccfb5aaa740ecec
screw,mirnetv2,screw/thread_top/019,1,0.7057948708534241,0af9fb99986e3382b5b2e38ddc9e890629415d9dd567f0c6fccfb5aaa740ecec
screw,mirnetv2,screw/thread_top/020,1,0.641093909740448,0af9fb99986e3382b5b2e38ddc9e890629415d9dd567f0c6fccfb5aaa740ecec
screw,mirnetv2,screw/thread_top/021,1,0.7420559525489807,0af9fb99986e3382b5b2e38ddc9e890629415d9dd567f0c6fccfb5aaa740ecec
screw,mirnetv2,screw/thread_top/022,1,0.5798473954200745,0af9fb99986e3382b5b2e38ddc9e890629415d9dd567f0c6fccfb5aaa740ecec
screw,icra,screw/good/000,0,0.4333346486091614,0af9fb99986e3382b5b2e38ddc9e890629415d9dd567f0c6fccfb5aaa740ecec
screw,icra,screw/good/001,0,0.435019850730896,0af9fb99986e3382b5b2e38ddc9e890629415d9dd567f0c6fccfb5aaa740ecec
screw,icra,screw/good/002,0,0.45833879709243774,0af9fb99986e3382b5b2e38ddc9e890629415d9dd567f0c6fccfb5aaa740ecec
screw,icra,screw/good/003,0,0.41714397072792053,0af9fb99986e3382b5b2e38ddc9e890629415d9dd567f0c6fccfb5aaa740ecec
screw,icra,screw/good/004,0,0.4464235305786133,0af9fb99986e3382b5b2e38ddc9e890629415d9dd567f0c6fccfb5aaa740ecec
screw,icra,screw/good/005,0,0.4252488315105438,0af9fb99986e3382b5b2e38ddc9e890629415d9dd567f0c6fccfb5aaa740ecec
screw,icra,screw/good/006,0,0.47370901703834534,0af9fb99986e3382b5b2e38ddc9e890629415d9dd567f0c6fccfb5aaa740ecec
screw,icra,screw/good/007,0,0.43800386786460876,0af9fb99986e3382b5b2e38ddc9e890629415d9dd567f0c6fccfb5aaa740ecec
screw,icra,screw/good/008,0,0.42590606212615967,0af9fb99986e3382b5b2e38ddc9e890629415d9dd567f0c6fccfb5aaa740ecec
screw,icra,screw/good/009,0,0.4355398714542389,0af9fb99986e3382b5b2e38ddc9e890629415d9dd567f0c6fccfb5aaa740ecec
screw,icra,screw/good/010,0,0.44621288776397705,0af9fb99986e3382b5b2e38ddc9e890629415d9dd567f0c6fccfb5aaa740ecec
screw,icra,screw/good/011,0,0.47947168350219727,0af9fb99986e3382b5b2e38ddc9e890629415d9dd567f0c6fccfb5aaa740ecec
screw,icra,screw/good/012,0,0.44912058115005493,0af9fb99986e3382b5b2e38ddc9e890629415d9dd567f0c6fccfb5aaa740ecec
screw,icra,screw/good/013,0,0.47916051745414734,0af9fb99986e3382b5b2e38ddc9e890629415d9dd567f0c6fccfb5aaa740ecec
screw,icra,screw/good/014,0,0.4730641841888428,0af9fb99986e3382b5b2e38ddc9e890629415d9dd567f0c6fccfb5aaa740ecec
screw,icra,screw/good/015,0,0.459921658039093,0af9fb99986e3382b5b2e38ddc9e890629415d9dd567f0c6fccfb5aaa740ecec
screw,icra,screw/good/016,0,0.4588356614112854,0af9fb99986e3382b5b2e38ddc9e890629415d9dd567f0c6fccfb5aaa740ecec
screw,icra,screw/good/017,0,0.47018903493881226,0af9fb99986e3382b5b2e38ddc9e890629415d9dd567f0c6fccfb5aaa740ecec
screw,icra,screw/good/018,0,0.4367068111896515,0af9fb99986e3382b5b2e38ddc9e890629415d9dd567f0c6fccfb5aaa740ecec
screw,icra,screw/good/019,0,0.4634338915348053,0af9fb99986e3382b5b2e38ddc9e890629415d9dd567f0c6fccfb5aaa740ecec
screw,icra,screw/good/020,0,0.4554063677787781,0af9fb99986e3382b5b2e38ddc9e890629415d9dd567f0c6fccfb5aaa740ecec
screw,icra,screw/good/021,0,0.42426732182502747,0af9fb99986e3382b5b2e38ddc9e890629415d9dd567f0c6fccfb5aaa740ecec
screw,icra,screw/good/022,0,0.4923000633716583,0af9fb99986e3382b5b2e38ddc9e890629415d9dd567f0c6fccfb5aaa740ecec
screw,icra,screw/good/023,0,0.45667555928230286,0af9fb99986e3382b5b2e38ddc9e890629415d9dd567f0c6fccfb5aaa740ecec
screw,icra,screw/good/024,0,0.4748288691043854,0af9fb99986e3382b5b2e38ddc9e890629415d9dd567f0c6fccfb5aaa740ecec
screw,icra,screw/good/025,0,0.44083359837532043,0af9fb99986e3382b5b2e38ddc9e890629415d9dd567f0c6fccfb5aaa740ecec
screw,icra,screw/good/026,0,0.43683356046676636,0af9fb99986e3382b5b2e38ddc9e890629415d9dd567f0c6fccfb5aaa740ecec
screw,icra,screw/good/027,0,0.4267313480377197,0af9fb99986e3382b5b2e38ddc9e890629415d9dd567f0c6fccfb5aaa740ecec
screw,icra,screw/good/028,0,0.43853986263275146,0af9fb99986e3382b5b2e38ddc9e890629415d9dd567f0c6fccfb5aaa740ecec
screw,icra,screw/good/029,0,0.502052903175354,0af9fb99986e3382b5b2e38ddc9e890629415d9dd567f0c6fccfb5aaa740ecec
screw,icra,screw/good/030,0,0.46799737215042114,0af9fb99986e3382b5b2e38ddc9e890629415d9dd567f0c6fccfb5aaa740ecec
screw,icra,screw/good/031,0,0.47328630089759827,0af9fb99986e3382b5b2e38ddc9e890629415d9dd567f0c6fccfb5aaa740ecec
screw,icra,screw/good/032,0,0.4403303563594818,0af9fb99986e3382b5b2e38ddc9e890629415d9dd567f0c6fccfb5aaa740ecec
screw,icra,screw/good/033,0,0.4847055971622467,0af9fb99986e3382b5b2e38ddc9e890629415d9dd567f0c6fccfb5aaa740ecec
screw,icra,screw/good/034,0,0.4470866024494171,0af9fb99986e3382b5b2e38ddc9e890629415d9dd567f0c6fccfb5aaa740ecec
screw,icra,screw/good/035,0,0.4762782156467438,0af9fb99986e3382b5b2e38ddc9e890629415d9dd567f0c6fccfb5aaa740ecec
screw,icra,screw/good/036,0,0.4612981081008911,0af9fb99986e3382b5b2e38ddc9e890629415d9dd567f0c6fccfb5aaa740ecec
screw,icra,screw/good/037,0,0.4958830773830414,0af9fb99986e3382b5b2e38ddc9e890629415d9dd567f0c6fccfb5aaa740ecec
screw,icra,screw/good/038,0,0.4318958520889282,0af9fb99986e3382b5b2e38ddc9e890629415d9dd567f0c6fccfb5aaa740ecec
screw,icra,screw/good/039,0,0.44027450680732727,0af9fb99986e3382b5b2e38ddc9e890629415d9dd567f0c6fccfb5aaa740ecec
screw,icra,screw/good/040,0,0.434842973947525,0af9fb99986e3382b5b2e38ddc9e890629415d9dd567f0c6fccfb5aaa740ecec
screw,icra,screw/manipulated_front/000,1,0.4335208237171173,0af9fb99986e3382b5b2e38ddc9e890629415d9dd567f0c6fccfb5aaa740ecec
screw,icra,screw/manipulated_front/001,1,0.4304082989692688,0af9fb99986e3382b5b2e38ddc9e890629415d9dd567f0c6fccfb5aaa740ecec
screw,icra,screw/manipulated_front/002,1,0.4418462812900543,0af9fb99986e3382b5b2e38ddc9e890629415d9dd567f0c6fccfb5aaa740ecec
screw,icra,screw/manipulated_front/003,1,0.458464652299881,0af9fb99986e3382b5b2e38ddc9e890629415d9dd567f0c6fccfb5aaa740ecec
screw,icra,screw/manipulated_front/004,1,0.4529038667678833,0af9fb99986e3382b5b2e38ddc9e890629415d9dd567f0c6fccfb5aaa740ecec
screw,icra,screw/manipulated_front/005,1,0.5044203996658325,0af9fb99986e3382b5b2e38ddc9e890629415d9dd567f0c6fccfb5aaa740ecec
screw,icra,screw/manipulated_front/006,1,0.44749289751052856,0af9fb99986e3382b5b2e38ddc9e890629415d9dd567f0c6fccfb5aaa740ecec
screw,icra,screw/manipulated_front/007,1,0.4704188406467438,0af9fb99986e3382b5b2e38ddc9e890629415d9dd567f0c6fccfb5aaa740ecec
screw,icra,screw/manipulated_front/008,1,0.4488716721534729,0af9fb99986e3382b5b2e38ddc9e890629415d9dd567f0c6fccfb5aaa740ecec
screw,icra,screw/manipulated_front/009,1,0.44196006655693054,0af9fb99986e3382b5b2e38ddc9e890629415d9dd567f0c6fccfb5aaa740ecec
screw,icra,screw/manipulated_front/010,1,0.4620113670825958,0af9fb99986e3382b5b2e38ddc9e890629415d9dd567f0c6fccfb5aaa740ecec
screw,icra,screw/manipulated_front/011,1,0.43825504183769226,0af9fb99986e3382b5b2e38ddc9e890629415d9dd567f0c6fccfb5aaa740ecec
screw,icra,screw/manipulated_front/012,1,0.48761168122291565,0af9fb99986e3382b5b2e38ddc9e890629415d9dd567f0c6fccfb5aaa740ecec
screw,icra,screw/manipulated_front/013,1,0.4499630630016327,0af9fb99986e3382b5b2e38ddc9e890629415d9dd567f0c6fccfb5aaa740ecec
screw,icra,screw/manipulated_front/014,1,0.45661482214927673,0af9fb99986e3382b5b2e38ddc9e890629415d9dd567f0c6fccfb5aaa740ecec
screw,icra,screw/manipulated_front/015,1,0.45339399576187134,0af9fb99986e3382b5b2e38ddc9e890629415d9dd567f0c6fccfb5aaa740ecec
screw,icra,screw/manipulated_front/016,1,0.5109577775001526,0af9fb99986e3382b5b2e38ddc9e890629415d9dd567f0c6fccfb5aaa740ecec
screw,icra,screw/manipulated_front/017,1,0.43394437432289124,0af9fb99986e3382b5b2e38ddc9e890629415d9dd567f0c6fccfb5aaa740ecec
screw,icra,screw/manipulated_front/018,1,0.4446987211704254,0af9fb99986e3382b5b2e38ddc9e890629415d9dd567f0c6fccfb5aaa740ecec
screw,icra,screw/manipulated_front/019,1,0.43664848804473877,0af9fb99986e3382b5b2e38ddc9e890629415d9dd567f0c6fccfb5aaa740ecec
screw,icra,screw/manipulated_front/020,1,0.4210330843925476,0af9fb99986e3382b5b2e38ddc9e890629415d9dd567f0c6fccfb5aaa740ecec
screw,icra,screw/manipulated_front/021,1,0.4493087828159332,0af9fb99986e3382b5b2e38ddc9e890629415d9dd567f0c6fccfb5aaa740ecec
screw,icra,screw/manipulated_front/022,1,0.4367533028125763,0af9fb99986e3382b5b2e38ddc9e890629415d9dd567f0c6fccfb5aaa740ecec
screw,icra,screw/manipulated_front/023,1,0.4119235873222351,0af9fb99986e3382b5b2e38ddc9e890629415d9dd567f0c6fccfb5aaa740ecec
screw,icra,screw/scratch_head/000,1,0.4496300518512726,0af9fb99986e3382b5b2e38ddc9e890629415d9dd567f0c6fccfb5aaa740ecec
screw,icra,screw/scratch_head/001,1,0.4163060486316681,0af9fb99986e3382b5b2e38ddc9e890629415d9dd567f0c6fccfb5aaa740ecec
screw,icra,screw/scratch_head/002,1,0.4113093316555023,0af9fb99986e3382b5b2e38ddc9e890629415d9dd567f0c6fccfb5aaa740ecec
screw,icra,screw/scratch_head/003,1,0.4302307963371277,0af9fb99986e3382b5b2e38ddc9e890629415d9dd567f0c6fccfb5aaa740ecec
screw,icra,screw/scratch_head/004,1,0.4349094331264496,0af9fb99986e3382b5b2e38ddc9e890629415d9dd567f0c6fccfb5aaa740ecec
screw,icra,screw/scratch_head/005,1,0.465732216835022,0af9fb99986e3382b5b2e38ddc9e890629415d9dd567f0c6fccfb5aaa740ecec
screw,icra,screw/scratch_head/006,1,0.4320529103279114,0af9fb99986e3382b5b2e38ddc9e890629415d9dd567f0c6fccfb5aaa740ecec
screw,icra,screw/scratch_head/007,1,0.4499499499797821,0af9fb99986e3382b5b2e38ddc9e890629415d9dd567f0c6fccfb5aaa740ecec
screw,icra,screw/scratch_head/008,1,0.4386620819568634,0af9fb99986e3382b5b2e38ddc9e890629415d9dd567f0c6fccfb5aaa740ecec
screw,icra,screw/scratch_head/009,1,0.4570121169090271,0af9fb99986e3382b5b2e38ddc9e890629415d9dd567f0c6fccfb5aaa740ecec
screw,icra,screw/scratch_head/010,1,0.4613305628299713,0af9fb99986e3382b5b2e38ddc9e890629415d9dd567f0c6fccfb5aaa740ecec
screw,icra,screw/scratch_head/011,1,0.5013387799263,0af9fb99986e3382b5b2e38ddc9e890629415d9dd567f0c6fccfb5aaa740ecec
screw,icra,screw/scratch_head/012,1,0.41519659757614136,0af9fb99986e3382b5b2e38ddc9e890629415d9dd567f0c6fccfb5aaa740ecec
screw,icra,screw/scratch_head/013,1,0.4438062608242035,0af9fb99986e3382b5b2e38ddc9e890629415d9dd567f0c6fccfb5aaa740ecec
screw,icra,screw/scratch_head/014,1,0.4650432765483856,0af9fb99986e3382b5b2e38ddc9e890629415d9dd567f0c6fccfb5aaa740ecec
screw,icra,screw/scratch_head/015,1,0.4486755430698395,0af9fb99986e3382b5b2e38ddc9e890629415d9dd567f0c6fccfb5aaa740ecec
screw,icra,screw/scratch_head/016,1,0.4498623013496399,0af9fb99986e3382b5b2e38ddc9e890629415d9dd567f0c6fccfb5aaa740ecec
screw,icra,screw/scratch_head/017,1,0.48671698570251465,0af9fb99986e3382b5b2e38ddc9e890629415d9dd567f0c6fccfb5aaa740ecec
screw,icra,screw/scratch_head/018,1,0.4400743246078491,0af9fb99986e3382b5b2e38ddc9e890629415d9dd567f0c6fccfb5aaa740ecec
screw,icra,screw/scratch_head/019,1,0.4230971038341522,0af9fb99986e3382b5b2e38ddc9e890629415d9dd567f0c6fccfb5aaa740ecec
screw,icra,screw/scratch_head/020,1,0.4391968250274658,0af9fb99986e3382b5b2e38ddc9e890629415d9dd567f0c6fccfb5aaa740ecec
screw,icra,screw/scratch_head/021,1,0.4236434996128082,0af9fb99986e3382b5b2e38ddc9e890629415d9dd567f0c6fccfb5aaa740ecec
screw,icra,screw/scratch_head/022,1,0.4551082253456116,0af9fb99986e3382b5b2e38ddc9e890629415d9dd567f0c6fccfb5aaa740ecec
screw,icra,screw/scratch_head/023,1,0.42637112736701965,0af9fb99986e3382b5b2e38ddc9e890629415d9dd567f0c6fccfb5aaa740ecec
screw,icra,screw/scratch_neck/000,1,0.4893915057182312,0af9fb99986e3382b5b2e38ddc9e890629415d9dd567f0c6fccfb5aaa740ecec
screw,icra,screw/scratch_neck/001,1,0.4552255868911743,0af9fb99986e3382b5b2e38ddc9e890629415d9dd567f0c6fccfb5aaa740ecec
screw,icra,screw/scratch_neck/002,1,0.44916561245918274,0af9fb99986e3382b5b2e38ddc9e890629415d9dd567f0c6fccfb5aaa740ecec
screw,icra,screw/scratch_neck/003,1,0.43322545289993286,0af9fb99986e3382b5b2e38ddc9e890629415d9dd567f0c6fccfb5aaa740ecec
screw,icra,screw/scratch_neck/004,1,0.4232540428638458,0af9fb99986e3382b5b2e38ddc9e890629415d9dd567f0c6fccfb5aaa740ecec
screw,icra,screw/scratch_neck/005,1,0.4408360421657562,0af9fb99986e3382b5b2e38ddc9e890629415d9dd567f0c6fccfb5aaa740ecec
screw,icra,screw/scratch_neck/006,1,0.4645313620567322,0af9fb99986e3382b5b2e38ddc9e890629415d9dd567f0c6fccfb5aaa740ecec
screw,icra,screw/scratch_neck/007,1,0.4376772940158844,0af9fb99986e3382b5b2e38ddc9e890629415d9dd567f0c6fccfb5aaa740ecec
screw,icra,screw/scratch_neck/008,1,0.4640912711620331,0af9fb99986e3382b5b2e38ddc9e890629415d9dd567f0c6fccfb5aaa740ecec
screw,icra,screw/scratch_neck/009,1,0.42440804839134216,0af9fb99986e3382b5b2e38ddc9e890629415d9dd567f0c6fccfb5aaa740ecec
screw,icra,screw/scratch_neck/010,1,0.4247158169746399,0af9fb99986e3382b5b2e38ddc9e890629415d9dd567f0c6fccfb5aaa740ecec
screw,icra,screw/scratch_neck/011,1,0.4659278988838196,0af9fb99986e3382b5b2e38ddc9e890629415d9dd567f0c6fccfb5aaa740ecec
screw,icra,screw/scratch_neck/012,1,0.530048668384552,0af9fb99986e3382b5b2e38ddc9e890629415d9dd567f0c6fccfb5aaa740ecec
screw,icra,screw/scratch_neck/013,1,0.44075486063957214,0af9fb99986e3382b5b2e38ddc9e890629415d9dd567f0c6fccfb5aaa740ecec
screw,icra,screw/scratch_neck/014,1,0.42108508944511414,0af9fb99986e3382b5b2e38ddc9e890629415d9dd567f0c6fccfb5aaa740ecec
screw,icra,screw/scratch_neck/015,1,0.4456522464752197,0af9fb99986e3382b5b2e38ddc9e890629415d9dd567f0c6fccfb5aaa740ecec
screw,icra,screw/scratch_neck/016,1,0.4263988733291626,0af9fb99986e3382b5b2e38ddc9e890629415d9dd567f0c6fccfb5aaa740ecec
screw,icra,screw/scratch_neck/017,1,0.40043771266937256,0af9fb99986e3382b5b2e38ddc9e890629415d9dd567f0c6fccfb5aaa740ecec
screw,icra,screw/scratch_neck/018,1,0.41206517815589905,0af9fb99986e3382b5b2e38ddc9e890629415d9dd567f0c6fccfb5aaa740ecec
screw,icra,screw/scratch_neck/019,1,0.4390672445297241,0af9fb99986e3382b5b2e38ddc9e890629415d9dd567f0c6fccfb5aaa740ecec
screw,icra,screw/scratch_neck/020,1,0.4399297833442688,0af9fb99986e3382b5b2e38ddc9e890629415d9dd567f0c6fccfb5aaa740ecec
screw,icra,screw/scratch_neck/021,1,0.4500075578689575,0af9fb99986e3382b5b2e38ddc9e890629415d9dd567f0c6fccfb5aaa740ecec
screw,icra,screw/scratch_neck/022,1,0.4473019242286682,0af9fb99986e3382b5b2e38ddc9e890629415d9dd567f0c6fccfb5aaa740ecec
screw,icra,screw/scratch_neck/023,1,0.46791672706604004,0af9fb99986e3382b5b2e38ddc9e890629415d9dd567f0c6fccfb5aaa740ecec
screw,icra,screw/scratch_neck/024,1,0.43359264731407166,0af9fb99986e3382b5b2e38ddc9e890629415d9dd567f0c6fccfb5aaa740ecec
screw,icra,screw/thread_side/000,1,0.4561011791229248,0af9fb99986e3382b5b2e38ddc9e890629415d9dd567f0c6fccfb5aaa740ecec
screw,icra,screw/thread_side/001,1,0.42590901255607605,0af9fb99986e3382b5b2e38ddc9e890629415d9dd567f0c6fccfb5aaa740ecec
screw,icra,screw/thread_side/002,1,0.4473160207271576,0af9fb99986e3382b5b2e38ddc9e890629415d9dd567f0c6fccfb5aaa740ecec
screw,icra,screw/thread_side/003,1,0.47320306301116943,0af9fb99986e3382b5b2e38ddc9e890629415d9dd567f0c6fccfb5aaa740ecec
screw,icra,screw/thread_side/004,1,0.4493147134780884,0af9fb99986e3382b5b2e38ddc9e890629415d9dd567f0c6fccfb5aaa740ecec
screw,icra,screw/thread_side/005,1,0.4389764666557312,0af9fb99986e3382b5b2e38ddc9e890629415d9dd567f0c6fccfb5aaa740ecec
screw,icra,screw/thread_side/006,1,0.4199960231781006,0af9fb99986e3382b5b2e38ddc9e890629415d9dd567f0c6fccfb5aaa740ecec
screw,icra,screw/thread_side/007,1,0.4382430613040924,0af9fb99986e3382b5b2e38ddc9e890629415d9dd567f0c6fccfb5aaa740ecec
screw,icra,screw/thread_side/008,1,0.4384264051914215,0af9fb99986e3382b5b2e38ddc9e890629415d9dd567f0c6fccfb5aaa740ecec
screw,icra,screw/thread_side/009,1,0.41648611426353455,0af9fb99986e3382b5b2e38ddc9e890629415d9dd567f0c6fccfb5aaa740ecec
screw,icra,screw/thread_side/010,1,0.4466914236545563,0af9fb99986e3382b5b2e38ddc9e890629415d9dd567f0c6fccfb5aaa740ecec
screw,icra,screw/thread_side/011,1,0.4526788294315338,0af9fb99986e3382b5b2e38ddc9e890629415d9dd567f0c6fccfb5aaa740ecec
screw,icra,screw/thread_side/012,1,0.4530373811721802,0af9fb99986e3382b5b2e38ddc9e890629415d9dd567f0c6fccfb5aaa740ecec
screw,icra,screw/thread_side/013,1,0.42814695835113525,0af9fb99986e3382b5b2e38ddc9e890629415d9dd567f0c6fccfb5aaa740ecec
screw,icra,screw/thread_side/014,1,0.4536661207675934,0af9fb99986e3382b5b2e38ddc9e890629415d9dd567f0c6fccfb5aaa740ecec
screw,icra,screw/thread_side/015,1,0.421013206243515,0af9fb99986e3382b5b2e38ddc9e890629415d9dd567f0c6fccfb5aaa740ecec
screw,icra,screw/thread_side/016,1,0.4590684175491333,0af9fb99986e3382b5b2e38ddc9e890629415d9dd567f0c6fccfb5aaa740ecec
screw,icra,screw/thread_side/017,1,0.4595988988876343,0af9fb99986e3382b5b2e38ddc9e890629415d9dd567f0c6fccfb5aaa740ecec
screw,icra,screw/thread_side/018,1,0.46239060163497925,0af9fb99986e3382b5b2e38ddc9e890629415d9dd567f0c6fccfb5aaa740ecec
screw,icra,screw/thread_side/019,1,0.46401721239089966,0af9fb99986e3382b5b2e38ddc9e890629415d9dd567f0c6fccfb5aaa740ecec
screw,icra,screw/thread_side/020,1,0.4956073760986328,0af9fb99986e3382b5b2e38ddc9e890629415d9dd567f0c6fccfb5aaa740ecec
screw,icra,screw/thread_side/021,1,0.4487656354904175,0af9fb99986e3382b5b2e38ddc9e890629415d9dd567f0c6fccfb5aaa740ecec
screw,icra,screw/thread_side/022,1,0.4665878713130951,0af9fb99986e3382b5b2e38ddc9e890629415d9dd567f0c6fccfb5aaa740ecec
screw,icra,screw/thread_top/000,1,0.4401100277900696,0af9fb99986e3382b5b2e38ddc9e890629415d9dd567f0c6fccfb5aaa740ecec
screw,icra,screw/thread_top/001,1,0.43999379873275757,0af9fb99986e3382b5b2e38ddc9e890629415d9dd567f0c6fccfb5aaa740ecec
screw,icra,screw/thread_top/002,1,0.4756918251514435,0af9fb99986e3382b5b2e38ddc9e890629415d9dd567f0c6fccfb5aaa740ecec
screw,icra,screw/thread_top/003,1,0.48564812541007996,0af9fb99986e3382b5b2e38ddc9e890629415d9dd567f0c6fccfb5aaa740ecec
screw,icra,screw/thread_top/004,1,0.4385438561439514,0af9fb99986e3382b5b2e38ddc9e890629415d9dd567f0c6fccfb5aaa740ecec
screw,icra,screw/thread_top/005,1,0.4471021890640259,0af9fb99986e3382b5b2e38ddc9e890629415d9dd567f0c6fccfb5aaa740ecec
screw,icra,screw/thread_top/006,1,0.4062820076942444,0af9fb99986e3382b5b2e38ddc9e890629415d9dd567f0c6fccfb5aaa740ecec
screw,icra,screw/thread_top/007,1,0.4629504382610321,0af9fb99986e3382b5b2e38ddc9e890629415d9dd567f0c6fccfb5aaa740ecec
screw,icra,screw/thread_top/008,1,0.49821069836616516,0af9fb99986e3382b5b2e38ddc9e890629415d9dd567f0c6fccfb5aaa740ecec
screw,icra,screw/thread_top/009,1,0.40693601965904236,0af9fb99986e3382b5b2e38ddc9e890629415d9dd567f0c6fccfb5aaa740ecec
screw,icra,screw/thread_top/010,1,0.405120849609375,0af9fb99986e3382b5b2e38ddc9e890629415d9dd567f0c6fccfb5aaa740ecec
screw,icra,screw/thread_top/011,1,0.43298009037971497,0af9fb99986e3382b5b2e38ddc9e890629415d9dd567f0c6fccfb5aaa740ecec
screw,icra,screw/thread_top/012,1,0.44296300411224365,0af9fb99986e3382b5b2e38ddc9e890629415d9dd567f0c6fccfb5aaa740ecec
screw,icra,screw/thread_top/013,1,0.4668590724468231,0af9fb99986e3382b5b2e38ddc9e890629415d9dd567f0c6fccfb5aaa740ecec
screw,icra,screw/thread_top/014,1,0.43108198046684265,0af9fb99986e3382b5b2e38ddc9e890629415d9dd567f0c6fccfb5aaa740ecec
screw,icra,screw/thread_top/015,1,0.4799993336200714,0af9fb99986e3382b5b2e38ddc9e890629415d9dd567f0c6fccfb5aaa740ecec
screw,icra,screw/thread_top/016,1,0.4543627202510834,0af9fb99986e3382b5b2e38ddc9e890629415d9dd567f0c6fccfb5aaa740ecec
screw,icra,screw/thread_top/017,1,0.4631388485431671,0af9fb99986e3382b5b2e38ddc9e890629415d9dd567f0c6fccfb5aaa740ecec
screw,icra,screw/thread_top/018,1,0.4723316729068756,0af9fb99986e3382b5b2e38ddc9e890629415d9dd567f0c6fccfb5aaa740ecec
screw,icra,screw/thread_top/019,1,0.46660977602005005,0af9fb99986e3382b5b2e38ddc9e890629415d9dd567f0c6fccfb5aaa740ecec
screw,icra,screw/thread_top/020,1,0.5210638046264648,0af9fb99986e3382b5b2e38ddc9e890629415d9dd567f0c6fccfb5aaa740ecec
screw,icra,screw/thread_top/021,1,0.44953039288520813,0af9fb99986e3382b5b2e38ddc9e890629415d9dd567f0c6fccfb5aaa740ecec
screw,icra,screw/thread_top/022,1,0.41218575835227966,0af9fb99986e3382b5b2e38ddc9e890629415d9dd567f0c6fccfb5aaa740ecec
tile,dark,tile/crack/000,1,0.8122973442077637,163610ee343c2ae22902639fd2d69341f427f214a7fdf7eab3fa1e6fb7261ad5
tile,dark,tile/crack/001,1,0.8639213442802429,163610ee343c2ae22902639fd2d69341f427f214a7fdf7eab3fa1e6fb7261ad5
tile,dark,tile/crack/002,1,0.9200581908226013,163610ee343c2ae22902639fd2d69341f427f214a7fdf7eab3fa1e6fb7261ad5
tile,dark,tile/crack/003,1,0.810853123664856,163610ee343c2ae22902639fd2d69341f427f214a7fdf7eab3fa1e6fb7261ad5
tile,dark,tile/crack/004,1,0.8328139781951904,163610ee343c2ae22902639fd2d69341f427f214a7fdf7eab3fa1e6fb7261ad5
tile,dark,tile/crack/005,1,0.994175374507904,163610ee343c2ae22902639fd2d69341f427f214a7fdf7eab3fa1e6fb7261ad5
tile,dark,tile/crack/006,1,0.923139750957489,163610ee343c2ae22902639fd2d69341f427f214a7fdf7eab3fa1e6fb7261ad5
tile,dark,tile/crack/007,1,0.8807849884033203,163610ee343c2ae22902639fd2d69341f427f214a7fdf7eab3fa1e6fb7261ad5
tile,dark,tile/crack/008,1,0.8947951793670654,163610ee343c2ae22902639fd2d69341f427f214a7fdf7eab3fa1e6fb7261ad5
tile,dark,tile/crack/009,1,0.8824371099472046,163610ee343c2ae22902639fd2d69341f427f214a7fdf7eab3fa1e6fb7261ad5
tile,dark,tile/crack/010,1,0.863432765007019,163610ee343c2ae22902639fd2d69341f427f214a7fdf7eab3fa1e6fb7261ad5
tile,dark,tile/crack/011,1,0.9477983117103577,163610ee343c2ae22902639fd2d69341f427f214a7fdf7eab3fa1e6fb7261ad5
tile,dark,tile/crack/012,1,0.9582786560058594,163610ee343c2ae22902639fd2d69341f427f214a7fdf7eab3fa1e6fb7261ad5
tile,dark,tile/crack/013,1,0.9809176921844482,163610ee343c2ae22902639fd2d69341f427f214a7fdf7eab3fa1e6fb7261ad5
tile,dark,tile/crack/014,1,0.9353916049003601,163610ee343c2ae22902639fd2d69341f427f214a7fdf7eab3fa1e6fb7261ad5
tile,dark,tile/crack/015,1,0.8860543966293335,163610ee343c2ae22902639fd2d69341f427f214a7fdf7eab3fa1e6fb7261ad5
tile,dark,tile/crack/016,1,0.8849073052406311,163610ee343c2ae22902639fd2d69341f427f214a7fdf7eab3fa1e6fb7261ad5
tile,dark,tile/glue_strip/000,1,0.7925189733505249,163610ee343c2ae22902639fd2d69341f427f214a7fdf7eab3fa1e6fb7261ad5
tile,dark,tile/glue_strip/001,1,0.9594162702560425,163610ee343c2ae22902639fd2d69341f427f214a7fdf7eab3fa1e6fb7261ad5
tile,dark,tile/glue_strip/002,1,0.9230082035064697,163610ee343c2ae22902639fd2d69341f427f214a7fdf7eab3fa1e6fb7261ad5
tile,dark,tile/glue_strip/003,1,0.8987892270088196,163610ee343c2ae22902639fd2d69341f427f214a7fdf7eab3fa1e6fb7261ad5
tile,dark,tile/glue_strip/004,1,0.8948081731796265,163610ee343c2ae22902639fd2d69341f427f214a7fdf7eab3fa1e6fb7261ad5
tile,dark,tile/glue_strip/005,1,0.91584712266922,163610ee343c2ae22902639fd2d69341f427f214a7fdf7eab3fa1e6fb7261ad5
tile,dark,tile/glue_strip/006,1,0.7954140305519104,163610ee343c2ae22902639fd2d69341f427f214a7fdf7eab3fa1e6fb7261ad5
tile,dark,tile/glue_strip/007,1,1.009321928024292,163610ee343c2ae22902639fd2d69341f427f214a7fdf7eab3fa1e6fb7261ad5
tile,dark,tile/glue_strip/008,1,0.9112740755081177,163610ee343c2ae22902639fd2d69341f427f214a7fdf7eab3fa1e6fb7261ad5
tile,dark,tile/glue_strip/009,1,0.9445111751556396,163610ee343c2ae22902639fd2d69341f427f214a7fdf7eab3fa1e6fb7261ad5
tile,dark,tile/glue_strip/010,1,0.8183855414390564,163610ee343c2ae22902639fd2d69341f427f214a7fdf7eab3fa1e6fb7261ad5
tile,dark,tile/glue_strip/011,1,0.8108597993850708,163610ee343c2ae22902639fd2d69341f427f214a7fdf7eab3fa1e6fb7261ad5
tile,dark,tile/glue_strip/012,1,0.7685272693634033,163610ee343c2ae22902639fd2d69341f427f214a7fdf7eab3fa1e6fb7261ad5
tile,dark,tile/glue_strip/013,1,0.9027377367019653,163610ee343c2ae22902639fd2d69341f427f214a7fdf7eab3fa1e6fb7261ad5
tile,dark,tile/glue_strip/014,1,0.7939697504043579,163610ee343c2ae22902639fd2d69341f427f214a7fdf7eab3fa1e6fb7261ad5
tile,dark,tile/glue_strip/015,1,0.7852721214294434,163610ee343c2ae22902639fd2d69341f427f214a7fdf7eab3fa1e6fb7261ad5
tile,dark,tile/glue_strip/016,1,0.9071066975593567,163610ee343c2ae22902639fd2d69341f427f214a7fdf7eab3fa1e6fb7261ad5
tile,dark,tile/glue_strip/017,1,0.8900578022003174,163610ee343c2ae22902639fd2d69341f427f214a7fdf7eab3fa1e6fb7261ad5
tile,dark,tile/good/000,0,0.9274644255638123,163610ee343c2ae22902639fd2d69341f427f214a7fdf7eab3fa1e6fb7261ad5
tile,dark,tile/good/001,0,0.9033153653144836,163610ee343c2ae22902639fd2d69341f427f214a7fdf7eab3fa1e6fb7261ad5
tile,dark,tile/good/002,0,0.9546485543251038,163610ee343c2ae22902639fd2d69341f427f214a7fdf7eab3fa1e6fb7261ad5
tile,dark,tile/good/003,0,0.8135908842086792,163610ee343c2ae22902639fd2d69341f427f214a7fdf7eab3fa1e6fb7261ad5
tile,dark,tile/good/004,0,0.8356401324272156,163610ee343c2ae22902639fd2d69341f427f214a7fdf7eab3fa1e6fb7261ad5
tile,dark,tile/good/005,0,0.9145468473434448,163610ee343c2ae22902639fd2d69341f427f214a7fdf7eab3fa1e6fb7261ad5
tile,dark,tile/good/006,0,0.9465895891189575,163610ee343c2ae22902639fd2d69341f427f214a7fdf7eab3fa1e6fb7261ad5
tile,dark,tile/good/007,0,0.8700199723243713,163610ee343c2ae22902639fd2d69341f427f214a7fdf7eab3fa1e6fb7261ad5
tile,dark,tile/good/008,0,0.9549972414970398,163610ee343c2ae22902639fd2d69341f427f214a7fdf7eab3fa1e6fb7261ad5
tile,dark,tile/good/009,0,0.8134638667106628,163610ee343c2ae22902639fd2d69341f427f214a7fdf7eab3fa1e6fb7261ad5
tile,dark,tile/good/010,0,0.8665234446525574,163610ee343c2ae22902639fd2d69341f427f214a7fdf7eab3fa1e6fb7261ad5
tile,dark,tile/good/011,0,0.7709696292877197,163610ee343c2ae22902639fd2d69341f427f214a7fdf7eab3fa1e6fb7261ad5
tile,dark,tile/good/012,0,0.959255039691925,163610ee343c2ae22902639fd2d69341f427f214a7fdf7eab3fa1e6fb7261ad5
tile,dark,tile/good/013,0,0.8871188759803772,163610ee343c2ae22902639fd2d69341f427f214a7fdf7eab3fa1e6fb7261ad5
tile,dark,tile/good/014,0,0.9018539190292358,163610ee343c2ae22902639fd2d69341f427f214a7fdf7eab3fa1e6fb7261ad5
tile,dark,tile/good/015,0,0.961950421333313,163610ee343c2ae22902639fd2d69341f427f214a7fdf7eab3fa1e6fb7261ad5
tile,dark,tile/good/016,0,0.9313626885414124,163610ee343c2ae22902639fd2d69341f427f214a7fdf7eab3fa1e6fb7261ad5
tile,dark,tile/good/017,0,0.8410572409629822,163610ee343c2ae22902639fd2d69341f427f214a7fdf7eab3fa1e6fb7261ad5
tile,dark,tile/good/018,0,0.7458776831626892,163610ee343c2ae22902639fd2d69341f427f214a7fdf7eab3fa1e6fb7261ad5
tile,dark,tile/good/019,0,0.9607900381088257,163610ee343c2ae22902639fd2d69341f427f214a7fdf7eab3fa1e6fb7261ad5
tile,dark,tile/good/020,0,0.9407033920288086,163610ee343c2ae22902639fd2d69341f427f214a7fdf7eab3fa1e6fb7261ad5
tile,dark,tile/good/021,0,0.905697762966156,163610ee343c2ae22902639fd2d69341f427f214a7fdf7eab3fa1e6fb7261ad5
tile,dark,tile/good/022,0,0.8266353011131287,163610ee343c2ae22902639fd2d69341f427f214a7fdf7eab3fa1e6fb7261ad5
tile,dark,tile/good/023,0,0.8394050002098083,163610ee343c2ae22902639fd2d69341f427f214a7fdf7eab3fa1e6fb7261ad5
tile,dark,tile/good/024,0,0.8302480578422546,163610ee343c2ae22902639fd2d69341f427f214a7fdf7eab3fa1e6fb7261ad5
tile,dark,tile/good/025,0,0.9146780967712402,163610ee343c2ae22902639fd2d69341f427f214a7fdf7eab3fa1e6fb7261ad5
tile,dark,tile/good/026,0,0.9395073652267456,163610ee343c2ae22902639fd2d69341f427f214a7fdf7eab3fa1e6fb7261ad5
tile,dark,tile/good/027,0,0.9847070574760437,163610ee343c2ae22902639fd2d69341f427f214a7fdf7eab3fa1e6fb7261ad5
tile,dark,tile/good/028,0,0.90699303150177,163610ee343c2ae22902639fd2d69341f427f214a7fdf7eab3fa1e6fb7261ad5
tile,dark,tile/good/029,0,0.8941497206687927,163610ee343c2ae22902639fd2d69341f427f214a7fdf7eab3fa1e6fb7261ad5
tile,dark,tile/good/030,0,0.8343772292137146,163610ee343c2ae22902639fd2d69341f427f214a7fdf7eab3fa1e6fb7261ad5
tile,dark,tile/good/031,0,0.8783621191978455,163610ee343c2ae22902639fd2d69341f427f214a7fdf7eab3fa1e6fb7261ad5
tile,dark,tile/good/032,0,0.9026163220405579,163610ee343c2ae22902639fd2d69341f427f214a7fdf7eab3fa1e6fb7261ad5
tile,dark,tile/gray_stroke/000,1,0.8654587268829346,163610ee343c2ae22902639fd2d69341f427f214a7fdf7eab3fa1e6fb7261ad5
tile,dark,tile/gray_stroke/001,1,0.9875955581665039,163610ee343c2ae22902639fd2d69341f427f214a7fdf7eab3fa1e6fb7261ad5
tile,dark,tile/gray_stroke/002,1,0.961252748966217,163610ee343c2ae22902639fd2d69341f427f214a7fdf7eab3fa1e6fb7261ad5
tile,dark,tile/gray_stroke/003,1,0.9278110265731812,163610ee343c2ae22902639fd2d69341f427f214a7fdf7eab3fa1e6fb7261ad5
tile,dark,tile/gray_stroke/004,1,0.8664120435714722,163610ee343c2ae22902639fd2d69341f427f214a7fdf7eab3fa1e6fb7261ad5
tile,dark,tile/gray_stroke/005,1,0.9075219035148621,163610ee343c2ae22902639fd2d69341f427f214a7fdf7eab3fa1e6fb7261ad5
tile,dark,tile/gray_stroke/006,1,0.8880206942558289,163610ee343c2ae22902639fd2d69341f427f214a7fdf7eab3fa1e6fb7261ad5
tile,dark,tile/gray_stroke/007,1,0.9999932646751404,163610ee343c2ae22902639fd2d69341f427f214a7fdf7eab3fa1e6fb7261ad5
tile,dark,tile/gray_stroke/008,1,0.7593470215797424,163610ee343c2ae22902639fd2d69341f427f214a7fdf7eab3fa1e6fb7261ad5
tile,dark,tile/gray_stroke/009,1,0.9000059366226196,163610ee343c2ae22902639fd2d69341f427f214a7fdf7eab3fa1e6fb7261ad5
tile,dark,tile/gray_stroke/010,1,0.8729327321052551,163610ee343c2ae22902639fd2d69341f427f214a7fdf7eab3fa1e6fb7261ad5
tile,dark,tile/gray_stroke/011,1,0.8321926593780518,163610ee343c2ae22902639fd2d69341f427f214a7fdf7eab3fa1e6fb7261ad5
tile,dark,tile/gray_stroke/012,1,0.9103888273239136,163610ee343c2ae22902639fd2d69341f427f214a7fdf7eab3fa1e6fb7261ad5
tile,dark,tile/gray_stroke/013,1,0.9769130945205688,163610ee343c2ae22902639fd2d69341f427f214a7fdf7eab3fa1e6fb7261ad5
tile,dark,tile/gray_stroke/014,1,0.8315706849098206,163610ee343c2ae22902639fd2d69341f427f214a7fdf7eab3fa1e6fb7261ad5
tile,dark,tile/gray_stroke/015,1,0.8739033341407776,163610ee343c2ae22902639fd2d69341f427f214a7fdf7eab3fa1e6fb7261ad5
tile,dark,tile/oil/000,1,0.9405702948570251,163610ee343c2ae22902639fd2d69341f427f214a7fdf7eab3fa1e6fb7261ad5
tile,dark,tile/oil/001,1,0.9045529961585999,163610ee343c2ae22902639fd2d69341f427f214a7fdf7eab3fa1e6fb7261ad5
tile,dark,tile/oil/002,1,0.8661994338035583,163610ee343c2ae22902639fd2d69341f427f214a7fdf7eab3fa1e6fb7261ad5
tile,dark,tile/oil/003,1,0.9200640320777893,163610ee343c2ae22902639fd2d69341f427f214a7fdf7eab3fa1e6fb7261ad5
tile,dark,tile/oil/004,1,0.9239128232002258,163610ee343c2ae22902639fd2d69341f427f214a7fdf7eab3fa1e6fb7261ad5
tile,dark,tile/oil/005,1,0.8391036987304688,163610ee343c2ae22902639fd2d69341f427f214a7fdf7eab3fa1e6fb7261ad5
tile,dark,tile/oil/006,1,0.9194357991218567,163610ee343c2ae22902639fd2d69341f427f214a7fdf7eab3fa1e6fb7261ad5
tile,dark,tile/oil/007,1,0.8422194719314575,163610ee343c2ae22902639fd2d69341f427f214a7fdf7eab3fa1e6fb7261ad5
tile,dark,tile/oil/008,1,0.9725421071052551,163610ee343c2ae22902639fd2d69341f427f214a7fdf7eab3fa1e6fb7261ad5
tile,dark,tile/oil/009,1,0.8863906860351562,163610ee343c2ae22902639fd2d69341f427f214a7fdf7eab3fa1e6fb7261ad5
tile,dark,tile/oil/010,1,0.8940753936767578,163610ee343c2ae22902639fd2d69341f427f214a7fdf7eab3fa1e6fb7261ad5
tile,dark,tile/oil/011,1,0.9876601099967957,163610ee343c2ae22902639fd2d69341f427f214a7fdf7eab3fa1e6fb7261ad5
tile,dark,tile/oil/012,1,0.8939059376716614,163610ee343c2ae22902639fd2d69341f427f214a7fdf7eab3fa1e6fb7261ad5
tile,dark,tile/oil/013,1,0.8899755477905273,163610ee343c2ae22902639fd2d69341f427f214a7fdf7eab3fa1e6fb7261ad5
tile,dark,tile/oil/014,1,0.9610154628753662,163610ee343c2ae22902639fd2d69341f427f214a7fdf7eab3fa1e6fb7261ad5
tile,dark,tile/oil/015,1,0.9921451807022095,163610ee343c2ae22902639fd2d69341f427f214a7fdf7eab3fa1e6fb7261ad5
tile,dark,tile/oil/016,1,0.9416150450706482,163610ee343c2ae22902639fd2d69341f427f214a7fdf7eab3fa1e6fb7261ad5
tile,dark,tile/oil/017,1,0.7860311269760132,163610ee343c2ae22902639fd2d69341f427f214a7fdf7eab3fa1e6fb7261ad5
tile,dark,tile/rough/000,1,0.8509809970855713,163610ee343c2ae22902639fd2d69341f427f214a7fdf7eab3fa1e6fb7261ad5
tile,dark,tile/rough/001,1,0.8723089098930359,163610ee343c2ae22902639fd2d69341f427f214a7fdf7eab3fa1e6fb7261ad5
tile,dark,tile/rough/002,1,0.8924506902694702,163610ee343c2ae22902639fd2d69341f427f214a7fdf7eab3fa1e6fb7261ad5
tile,dark,tile/rough/003,1,0.8416222929954529,163610ee343c2ae22902639fd2d69341f427f214a7fdf7eab3fa1e6fb7261ad5
tile,dark,tile/rough/004,1,0.8261523246765137,163610ee343c2ae22902639fd2d69341f427f214a7fdf7eab3fa1e6fb7261ad5
tile,dark,tile/rough/005,1,0.8620374798774719,163610ee343c2ae22902639fd2d69341f427f214a7fdf7eab3fa1e6fb7261ad5
tile,dark,tile/rough/006,1,0.8978174328804016,163610ee343c2ae22902639fd2d69341f427f214a7fdf7eab3fa1e6fb7261ad5
tile,dark,tile/rough/007,1,0.8493782877922058,163610ee343c2ae22902639fd2d69341f427f214a7fdf7eab3fa1e6fb7261ad5
tile,dark,tile/rough/008,1,0.8756687641143799,163610ee343c2ae22902639fd2d69341f427f214a7fdf7eab3fa1e6fb7261ad5
tile,dark,tile/rough/009,1,0.864979088306427,163610ee343c2ae22902639fd2d69341f427f214a7fdf7eab3fa1e6fb7261ad5
tile,dark,tile/rough/010,1,0.8146125674247742,163610ee343c2ae22902639fd2d69341f427f214a7fdf7eab3fa1e6fb7261ad5
tile,dark,tile/rough/011,1,0.8764802813529968,163610ee343c2ae22902639fd2d69341f427f214a7fdf7eab3fa1e6fb7261ad5
tile,dark,tile/rough/012,1,0.9136792421340942,163610ee343c2ae22902639fd2d69341f427f214a7fdf7eab3fa1e6fb7261ad5
tile,dark,tile/rough/013,1,0.8963081240653992,163610ee343c2ae22902639fd2d69341f427f214a7fdf7eab3fa1e6fb7261ad5
tile,dark,tile/rough/014,1,0.8971518278121948,163610ee343c2ae22902639fd2d69341f427f214a7fdf7eab3fa1e6fb7261ad5
tile,mirnetv2,tile/crack/000,1,0.6727662682533264,163610ee343c2ae22902639fd2d69341f427f214a7fdf7eab3fa1e6fb7261ad5
tile,mirnetv2,tile/crack/001,1,0.7119507193565369,163610ee343c2ae22902639fd2d69341f427f214a7fdf7eab3fa1e6fb7261ad5
tile,mirnetv2,tile/crack/002,1,0.6643802523612976,163610ee343c2ae22902639fd2d69341f427f214a7fdf7eab3fa1e6fb7261ad5
tile,mirnetv2,tile/crack/003,1,0.6768564581871033,163610ee343c2ae22902639fd2d69341f427f214a7fdf7eab3fa1e6fb7261ad5
tile,mirnetv2,tile/crack/004,1,0.7486637234687805,163610ee343c2ae22902639fd2d69341f427f214a7fdf7eab3fa1e6fb7261ad5
tile,mirnetv2,tile/crack/005,1,0.690385103225708,163610ee343c2ae22902639fd2d69341f427f214a7fdf7eab3fa1e6fb7261ad5
tile,mirnetv2,tile/crack/006,1,0.7229359149932861,163610ee343c2ae22902639fd2d69341f427f214a7fdf7eab3fa1e6fb7261ad5
tile,mirnetv2,tile/crack/007,1,0.696160078048706,163610ee343c2ae22902639fd2d69341f427f214a7fdf7eab3fa1e6fb7261ad5
tile,mirnetv2,tile/crack/008,1,0.7386621236801147,163610ee343c2ae22902639fd2d69341f427f214a7fdf7eab3fa1e6fb7261ad5
tile,mirnetv2,tile/crack/009,1,0.6918854117393494,163610ee343c2ae22902639fd2d69341f427f214a7fdf7eab3fa1e6fb7261ad5
tile,mirnetv2,tile/crack/010,1,0.7012274265289307,163610ee343c2ae22902639fd2d69341f427f214a7fdf7eab3fa1e6fb7261ad5
tile,mirnetv2,tile/crack/011,1,0.7976629734039307,163610ee343c2ae22902639fd2d69341f427f214a7fdf7eab3fa1e6fb7261ad5
tile,mirnetv2,tile/crack/012,1,0.7965536713600159,163610ee343c2ae22902639fd2d69341f427f214a7fdf7eab3fa1e6fb7261ad5
tile,mirnetv2,tile/crack/013,1,0.6923732757568359,163610ee343c2ae22902639fd2d69341f427f214a7fdf7eab3fa1e6fb7261ad5
tile,mirnetv2,tile/crack/014,1,0.7570904493331909,163610ee343c2ae22902639fd2d69341f427f214a7fdf7eab3fa1e6fb7261ad5
tile,mirnetv2,tile/crack/015,1,0.7198329567909241,163610ee343c2ae22902639fd2d69341f427f214a7fdf7eab3fa1e6fb7261ad5
tile,mirnetv2,tile/crack/016,1,0.6765304207801819,163610ee343c2ae22902639fd2d69341f427f214a7fdf7eab3fa1e6fb7261ad5
tile,mirnetv2,tile/glue_strip/000,1,0.6886113286018372,163610ee343c2ae22902639fd2d69341f427f214a7fdf7eab3fa1e6fb7261ad5
tile,mirnetv2,tile/glue_strip/001,1,0.7174675464630127,163610ee343c2ae22902639fd2d69341f427f214a7fdf7eab3fa1e6fb7261ad5
tile,mirnetv2,tile/glue_strip/002,1,0.7143585681915283,163610ee343c2ae22902639fd2d69341f427f214a7fdf7eab3fa1e6fb7261ad5
tile,mirnetv2,tile/glue_strip/003,1,0.7004998326301575,163610ee343c2ae22902639fd2d69341f427f214a7fdf7eab3fa1e6fb7261ad5
tile,mirnetv2,tile/glue_strip/004,1,0.7864602208137512,163610ee343c2ae22902639fd2d69341f427f214a7fdf7eab3fa1e6fb7261ad5
tile,mirnetv2,tile/glue_strip/005,1,0.7643336653709412,163610ee343c2ae22902639fd2d69341f427f214a7fdf7eab3fa1e6fb7261ad5
tile,mirnetv2,tile/glue_strip/006,1,0.6974450349807739,163610ee343c2ae22902639fd2d69341f427f214a7fdf7eab3fa1e6fb7261ad5
tile,mirnetv2,tile/glue_strip/007,1,0.7460246682167053,163610ee343c2ae22902639fd2d69341f427f214a7fdf7eab3fa1e6fb7261ad5
tile,mirnetv2,tile/glue_strip/008,1,0.7703219652175903,163610ee343c2ae22902639fd2d69341f427f214a7fdf7eab3fa1e6fb7261ad5
tile,mirnetv2,tile/glue_strip/009,1,0.7592758536338806,163610ee343c2ae22902639fd2d69341f427f214a7fdf7eab3fa1e6fb7261ad5
tile,mirnetv2,tile/glue_strip/010,1,0.7162572741508484,163610ee343c2ae22902639fd2d69341f427f214a7fdf7eab3fa1e6fb7261ad5
tile,mirnetv2,tile/glue_strip/011,1,0.759408175945282,163610ee343c2ae22902639fd2d69341f427f214a7fdf7eab3fa1e6fb7261ad5
tile,mirnetv2,tile/glue_strip/012,1,0.7264490127563477,163610ee343c2ae22902639fd2d69341f427f214a7fdf7eab3fa1e6fb7261ad5
tile,mirnetv2,tile/glue_strip/013,1,0.7081779837608337,163610ee343c2ae22902639fd2d69341f427f214a7fdf7eab3fa1e6fb7261ad5
tile,mirnetv2,tile/glue_strip/014,1,0.700929582118988,163610ee343c2ae22902639fd2d69341f427f214a7fdf7eab3fa1e6fb7261ad5
tile,mirnetv2,tile/glue_strip/015,1,0.7391184568405151,163610ee343c2ae22902639fd2d69341f427f214a7fdf7eab3fa1e6fb7261ad5
tile,mirnetv2,tile/glue_strip/016,1,0.683560311794281,163610ee343c2ae22902639fd2d69341f427f214a7fdf7eab3fa1e6fb7261ad5
tile,mirnetv2,tile/glue_strip/017,1,0.5794200301170349,163610ee343c2ae22902639fd2d69341f427f214a7fdf7eab3fa1e6fb7261ad5
tile,mirnetv2,tile/good/000,0,0.766857385635376,163610ee343c2ae22902639fd2d69341f427f214a7fdf7eab3fa1e6fb7261ad5
tile,mirnetv2,tile/good/001,0,0.8318288326263428,163610ee343c2ae22902639fd2d69341f427f214a7fdf7eab3fa1e6fb7261ad5
tile,mirnetv2,tile/good/002,0,0.6992073059082031,163610ee343c2ae22902639fd2d69341f427f214a7fdf7eab3fa1e6fb7261ad5
tile,mirnetv2,tile/good/003,0,0.6873236894607544,163610ee343c2ae22902639fd2d69341f427f214a7fdf7eab3fa1e6fb7261ad5
tile,mirnetv2,tile/good/004,0,0.6847954988479614,163610ee343c2ae22902639fd2d69341f427f214a7fdf7eab3fa1e6fb7261ad5
tile,mirnetv2,tile/good/005,0,0.8507197499275208,163610ee343c2ae22902639fd2d69341f427f214a7fdf7eab3fa1e6fb7261ad5
tile,mirnetv2,tile/good/006,0,0.7033053636550903,163610ee343c2ae22902639fd2d69341f427f214a7fdf7eab3fa1e6fb7261ad5
tile,mirnetv2,tile/good/007,0,0.652836799621582,163610ee343c2ae22902639fd2d69341f427f214a7fdf7eab3fa1e6fb7261ad5
tile,mirnetv2,tile/good/008,0,0.711050271987915,163610ee343c2ae22902639fd2d69341f427f214a7fdf7eab3fa1e6fb7261ad5
tile,mirnetv2,tile/good/009,0,0.7289350032806396,163610ee343c2ae22902639fd2d69341f427f214a7fdf7eab3fa1e6fb7261ad5
tile,mirnetv2,tile/good/010,0,0.7740238308906555,163610ee343c2ae22902639fd2d69341f427f214a7fdf7eab3fa1e6fb7261ad5
tile,mirnetv2,tile/good/011,0,0.831813395023346,163610ee343c2ae22902639fd2d69341f427f214a7fdf7eab3fa1e6fb7261ad5
tile,mirnetv2,tile/good/012,0,0.7448902130126953,163610ee343c2ae22902639fd2d69341f427f214a7fdf7eab3fa1e6fb7261ad5
tile,mirnetv2,tile/good/013,0,0.7575753927230835,163610ee343c2ae22902639fd2d69341f427f214a7fdf7eab3fa1e6fb7261ad5
tile,mirnetv2,tile/good/014,0,0.8004673719406128,163610ee343c2ae22902639fd2d69341f427f214a7fdf7eab3fa1e6fb7261ad5
tile,mirnetv2,tile/good/015,0,0.8209279179573059,163610ee343c2ae22902639fd2d69341f427f214a7fdf7eab3fa1e6fb7261ad5
tile,mirnetv2,tile/good/016,0,0.6641154885292053,163610ee343c2ae22902639fd2d69341f427f214a7fdf7eab3fa1e6fb7261ad5
tile,mirnetv2,tile/good/017,0,0.6734359860420227,163610ee343c2ae22902639fd2d69341f427f214a7fdf7eab3fa1e6fb7261ad5
tile,mirnetv2,tile/good/018,0,0.7921698689460754,163610ee343c2ae22902639fd2d69341f427f214a7fdf7eab3fa1e6fb7261ad5
tile,mirnetv2,tile/good/019,0,0.7075151801109314,163610ee343c2ae22902639fd2d69341f427f214a7fdf7eab3fa1e6fb7261ad5
tile,mirnetv2,tile/good/020,0,0.7161336541175842,163610ee343c2ae22902639fd2d69341f427f214a7fdf7eab3fa1e6fb7261ad5
tile,mirnetv2,tile/good/021,0,0.7472355961799622,163610ee343c2ae22902639fd2d69341f427f214a7fdf7eab3fa1e6fb7261ad5
tile,mirnetv2,tile/good/022,0,0.725225567817688,163610ee343c2ae22902639fd2d69341f427f214a7fdf7eab3fa1e6fb7261ad5
tile,mirnetv2,tile/good/023,0,0.7170726656913757,163610ee343c2ae22902639fd2d69341f427f214a7fdf7eab3fa1e6fb7261ad5
tile,mirnetv2,tile/good/024,0,0.7333216071128845,163610ee343c2ae22902639fd2d69341f427f214a7fdf7eab3fa1e6fb7261ad5
tile,mirnetv2,tile/good/025,0,0.7498351335525513,163610ee343c2ae22902639fd2d69341f427f214a7fdf7eab3fa1e6fb7261ad5
tile,mirnetv2,tile/good/026,0,0.6985350251197815,163610ee343c2ae22902639fd2d69341f427f214a7fdf7eab3fa1e6fb7261ad5
tile,mirnetv2,tile/good/027,0,0.7605479955673218,163610ee343c2ae22902639fd2d69341f427f214a7fdf7eab3fa1e6fb7261ad5
tile,mirnetv2,tile/good/028,0,0.7297269105911255,163610ee343c2ae22902639fd2d69341f427f214a7fdf7eab3fa1e6fb7261ad5
tile,mirnetv2,tile/good/029,0,0.7436795234680176,163610ee343c2ae22902639fd2d69341f427f214a7fdf7eab3fa1e6fb7261ad5
tile,mirnetv2,tile/good/030,0,0.7420358657836914,163610ee343c2ae22902639fd2d69341f427f214a7fdf7eab3fa1e6fb7261ad5
tile,mirnetv2,tile/good/031,0,0.7495021224021912,163610ee343c2ae22902639fd2d69341f427f214a7fdf7eab3fa1e6fb7261ad5
tile,mirnetv2,tile/good/032,0,0.7241153120994568,163610ee343c2ae22902639fd2d69341f427f214a7fdf7eab3fa1e6fb7261ad5
tile,mirnetv2,tile/gray_stroke/000,1,0.7379143238067627,163610ee343c2ae22902639fd2d69341f427f214a7fdf7eab3fa1e6fb7261ad5
tile,mirnetv2,tile/gray_stroke/001,1,0.816425621509552,163610ee343c2ae22902639fd2d69341f427f214a7fdf7eab3fa1e6fb7261ad5
tile,mirnetv2,tile/gray_stroke/002,1,0.7955178022384644,163610ee343c2ae22902639fd2d69341f427f214a7fdf7eab3fa1e6fb7261ad5
tile,mirnetv2,tile/gray_stroke/003,1,0.7371730804443359,163610ee343c2ae22902639fd2d69341f427f214a7fdf7eab3fa1e6fb7261ad5
tile,mirnetv2,tile/gray_stroke/004,1,0.628188967704773,163610ee343c2ae22902639fd2d69341f427f214a7fdf7eab3fa1e6fb7261ad5
tile,mirnetv2,tile/gray_stroke/005,1,0.7105124592781067,163610ee343c2ae22902639fd2d69341f427f214a7fdf7eab3fa1e6fb7261ad5
tile,mirnetv2,tile/gray_stroke/006,1,0.6791730523109436,163610ee343c2ae22902639fd2d69341f427f214a7fdf7eab3fa1e6fb7261ad5
tile,mirnetv2,tile/gray_stroke/007,1,0.8565906286239624,163610ee343c2ae22902639fd2d69341f427f214a7fdf7eab3fa1e6fb7261ad5
tile,mirnetv2,tile/gray_stroke/008,1,0.7230390906333923,163610ee343c2ae22902639fd2d69341f427f214a7fdf7eab3fa1e6fb7261ad5
tile,mirnetv2,tile/gray_stroke/009,1,0.6742147207260132,163610ee343c2ae22902639fd2d69341f427f214a7fdf7eab3fa1e6fb7261ad5
tile,mirnetv2,tile/gray_stroke/010,1,0.708699643611908,163610ee343c2ae22902639fd2d69341f427f214a7fdf7eab3fa1e6fb7261ad5
tile,mirnetv2,tile/gray_stroke/011,1,0.6878394484519958,163610ee343c2ae22902639fd2d69341f427f214a7fdf7eab3fa1e6fb7261ad5
tile,mirnetv2,tile/gray_stroke/012,1,0.7860561609268188,163610ee343c2ae22902639fd2d69341f427f214a7fdf7eab3fa1e6fb7261ad5
tile,mirnetv2,tile/gray_stroke/013,1,0.6231358647346497,163610ee343c2ae22902639fd2d69341f427f214a7fdf7eab3fa1e6fb7261ad5
tile,mirnetv2,tile/gray_stroke/014,1,0.6431193947792053,163610ee343c2ae22902639fd2d69341f427f214a7fdf7eab3fa1e6fb7261ad5
tile,mirnetv2,tile/gray_stroke/015,1,0.6688153743743896,163610ee343c2ae22902639fd2d69341f427f214a7fdf7eab3fa1e6fb7261ad5
tile,mirnetv2,tile/oil/000,1,0.7004095911979675,163610ee343c2ae22902639fd2d69341f427f214a7fdf7eab3fa1e6fb7261ad5
tile,mirnetv2,tile/oil/001,1,0.7105925679206848,163610ee343c2ae22902639fd2d69341f427f214a7fdf7eab3fa1e6fb7261ad5
tile,mirnetv2,tile/oil/002,1,0.7274547815322876,163610ee343c2ae22902639fd2d69341f427f214a7fdf7eab3fa1e6fb7261ad5
tile,mirnetv2,tile/oil/003,1,0.7701351642608643,163610ee343c2ae22902639fd2d69341f427f214a7fdf7eab3fa1e6fb7261ad5
tile,mirnetv2,tile/oil/004,1,0.7284456491470337,163610ee343c2ae22902639fd2d69341f427f214a7fdf7eab3fa1e6fb7261ad5
tile,mirnetv2,tile/oil/005,1,0.6200577020645142,163610ee343c2ae22902639fd2d69341f427f214a7fdf7eab3fa1e6fb7261ad5
tile,mirnetv2,tile/oil/006,1,0.6802458167076111,163610ee343c2ae22902639fd2d69341f427f214a7fdf7eab3fa1e6fb7261ad5
tile,mirnetv2,tile/oil/007,1,0.6526926159858704,163610ee343c2ae22902639fd2d69341f427f214a7fdf7eab3fa1e6fb7261ad5
tile,mirnetv2,tile/oil/008,1,0.8713776469230652,163610ee343c2ae22902639fd2d69341f427f214a7fdf7eab3fa1e6fb7261ad5
tile,mirnetv2,tile/oil/009,1,0.7081035375595093,163610ee343c2ae22902639fd2d69341f427f214a7fdf7eab3fa1e6fb7261ad5
tile,mirnetv2,tile/oil/010,1,0.6475545167922974,163610ee343c2ae22902639fd2d69341f427f214a7fdf7eab3fa1e6fb7261ad5
tile,mirnetv2,tile/oil/011,1,0.7046593427658081,163610ee343c2ae22902639fd2d69341f427f214a7fdf7eab3fa1e6fb7261ad5
tile,mirnetv2,tile/oil/012,1,0.6963104009628296,163610ee343c2ae22902639fd2d69341f427f214a7fdf7eab3fa1e6fb7261ad5
tile,mirnetv2,tile/oil/013,1,0.6731255054473877,163610ee343c2ae22902639fd2d69341f427f214a7fdf7eab3fa1e6fb7261ad5
tile,mirnetv2,tile/oil/014,1,0.7264047861099243,163610ee343c2ae22902639fd2d69341f427f214a7fdf7eab3fa1e6fb7261ad5
tile,mirnetv2,tile/oil/015,1,0.7979022264480591,163610ee343c2ae22902639fd2d69341f427f214a7fdf7eab3fa1e6fb7261ad5
tile,mirnetv2,tile/oil/016,1,0.7377373576164246,163610ee343c2ae22902639fd2d69341f427f214a7fdf7eab3fa1e6fb7261ad5
tile,mirnetv2,tile/oil/017,1,0.7877708673477173,163610ee343c2ae22902639fd2d69341f427f214a7fdf7eab3fa1e6fb7261ad5
tile,mirnetv2,tile/rough/000,1,0.6488351821899414,163610ee343c2ae22902639fd2d69341f427f214a7fdf7eab3fa1e6fb7261ad5
tile,mirnetv2,tile/rough/001,1,0.6677884459495544,163610ee343c2ae22902639fd2d69341f427f214a7fdf7eab3fa1e6fb7261ad5
tile,mirnetv2,tile/rough/002,1,0.7010771036148071,163610ee343c2ae22902639fd2d69341f427f214a7fdf7eab3fa1e6fb7261ad5
tile,mirnetv2,tile/rough/003,1,0.6484405398368835,163610ee343c2ae22902639fd2d69341f427f214a7fdf7eab3fa1e6fb7261ad5
tile,mirnetv2,tile/rough/004,1,0.6967450380325317,163610ee343c2ae22902639fd2d69341f427f214a7fdf7eab3fa1e6fb7261ad5
tile,mirnetv2,tile/rough/005,1,0.8060730695724487,163610ee343c2ae22902639fd2d69341f427f214a7fdf7eab3fa1e6fb7261ad5
tile,mirnetv2,tile/rough/006,1,0.7701702117919922,163610ee343c2ae22902639fd2d69341f427f214a7fdf7eab3fa1e6fb7261ad5
tile,mirnetv2,tile/rough/007,1,0.6988758444786072,163610ee343c2ae22902639fd2d69341f427f214a7fdf7eab3fa1e6fb7261ad5
tile,mirnetv2,tile/rough/008,1,0.6994207501411438,163610ee343c2ae22902639fd2d69341f427f214a7fdf7eab3fa1e6fb7261ad5
tile,mirnetv2,tile/rough/009,1,0.7221217751502991,163610ee343c2ae22902639fd2d69341f427f214a7fdf7eab3fa1e6fb7261ad5
tile,mirnetv2,tile/rough/010,1,0.6547964215278625,163610ee343c2ae22902639fd2d69341f427f214a7fdf7eab3fa1e6fb7261ad5
tile,mirnetv2,tile/rough/011,1,0.7489721179008484,163610ee343c2ae22902639fd2d69341f427f214a7fdf7eab3fa1e6fb7261ad5
tile,mirnetv2,tile/rough/012,1,0.772956907749176,163610ee343c2ae22902639fd2d69341f427f214a7fdf7eab3fa1e6fb7261ad5
tile,mirnetv2,tile/rough/013,1,0.6837180852890015,163610ee343c2ae22902639fd2d69341f427f214a7fdf7eab3fa1e6fb7261ad5
tile,mirnetv2,tile/rough/014,1,0.6507286429405212,163610ee343c2ae22902639fd2d69341f427f214a7fdf7eab3fa1e6fb7261ad5
tile,icra,tile/crack/000,1,0.3795207738876343,163610ee343c2ae22902639fd2d69341f427f214a7fdf7eab3fa1e6fb7261ad5
tile,icra,tile/crack/001,1,0.3582668602466583,163610ee343c2ae22902639fd2d69341f427f214a7fdf7eab3fa1e6fb7261ad5
tile,icra,tile/crack/002,1,0.3578999638557434,163610ee343c2ae22902639fd2d69341f427f214a7fdf7eab3fa1e6fb7261ad5
tile,icra,tile/crack/003,1,0.32586246728897095,163610ee343c2ae22902639fd2d69341f427f214a7fdf7eab3fa1e6fb7261ad5
tile,icra,tile/crack/004,1,0.30013254284858704,163610ee343c2ae22902639fd2d69341f427f214a7fdf7eab3fa1e6fb7261ad5
tile,icra,tile/crack/005,1,0.35734638571739197,163610ee343c2ae22902639fd2d69341f427f214a7fdf7eab3fa1e6fb7261ad5
tile,icra,tile/crack/006,1,0.38924309611320496,163610ee343c2ae22902639fd2d69341f427f214a7fdf7eab3fa1e6fb7261ad5
tile,icra,tile/crack/007,1,0.2878004312515259,163610ee343c2ae22902639fd2d69341f427f214a7fdf7eab3fa1e6fb7261ad5
tile,icra,tile/crack/008,1,0.2998463809490204,163610ee343c2ae22902639fd2d69341f427f214a7fdf7eab3fa1e6fb7261ad5
tile,icra,tile/crack/009,1,0.32193121314048767,163610ee343c2ae22902639fd2d69341f427f214a7fdf7eab3fa1e6fb7261ad5
tile,icra,tile/crack/010,1,0.366963654756546,163610ee343c2ae22902639fd2d69341f427f214a7fdf7eab3fa1e6fb7261ad5
tile,icra,tile/crack/011,1,0.38016989827156067,163610ee343c2ae22902639fd2d69341f427f214a7fdf7eab3fa1e6fb7261ad5
tile,icra,tile/crack/012,1,0.4170815944671631,163610ee343c2ae22902639fd2d69341f427f214a7fdf7eab3fa1e6fb7261ad5
tile,icra,tile/crack/013,1,0.36655476689338684,163610ee343c2ae22902639fd2d69341f427f214a7fdf7eab3fa1e6fb7261ad5
tile,icra,tile/crack/014,1,0.3691442906856537,163610ee343c2ae22902639fd2d69341f427f214a7fdf7eab3fa1e6fb7261ad5
tile,icra,tile/crack/015,1,0.3273693919181824,163610ee343c2ae22902639fd2d69341f427f214a7fdf7eab3fa1e6fb7261ad5
tile,icra,tile/crack/016,1,0.3026498854160309,163610ee343c2ae22902639fd2d69341f427f214a7fdf7eab3fa1e6fb7261ad5
tile,icra,tile/glue_strip/000,1,0.3735376298427582,163610ee343c2ae22902639fd2d69341f427f214a7fdf7eab3fa1e6fb7261ad5
tile,icra,tile/glue_strip/001,1,0.5249037742614746,163610ee343c2ae22902639fd2d69341f427f214a7fdf7eab3fa1e6fb7261ad5
tile,icra,tile/glue_strip/002,1,0.41567540168762207,163610ee343c2ae22902639fd2d69341f427f214a7fdf7eab3fa1e6fb7261ad5
tile,icra,tile/glue_strip/003,1,0.386656790971756,163610ee343c2ae22902639fd2d69341f427f214a7fdf7eab3fa1e6fb7261ad5
tile,icra,tile/glue_strip/004,1,0.44390302896499634,163610ee343c2ae22902639fd2d69341f427f214a7fdf7eab3fa1e6fb7261ad5
tile,icra,tile/glue_strip/005,1,0.3655714690685272,163610ee343c2ae22902639fd2d69341f427f214a7fdf7eab3fa1e6fb7261ad5
tile,icra,tile/glue_strip/006,1,0.3864929676055908,163610ee343c2ae22902639fd2d69341f427f214a7fdf7eab3fa1e6fb7261ad5
tile,icra,tile/glue_strip/007,1,0.43809109926223755,163610ee343c2ae22902639fd2d69341f427f214a7fdf7eab3fa1e6fb7261ad5
tile,icra,tile/glue_strip/008,1,0.4215591251850128,163610ee343c2ae22902639fd2d69341f427f214a7fdf7eab3fa1e6fb7261ad5
tile,icra,tile/glue_strip/009,1,0.36194488406181335,163610ee343c2ae22902639fd2d69341f427f214a7fdf7eab3fa1e6fb7261ad5
tile,icra,tile/glue_strip/010,1,0.3100728988647461,163610ee343c2ae22902639fd2d69341f427f214a7fdf7eab3fa1e6fb7261ad5
tile,icra,tile/glue_strip/011,1,0.29435500502586365,163610ee343c2ae22902639fd2d69341f427f214a7fdf7eab3fa1e6fb7261ad5
tile,icra,tile/glue_strip/012,1,0.3278312385082245,163610ee343c2ae22902639fd2d69341f427f214a7fdf7eab3fa1e6fb7261ad5
tile,icra,tile/glue_strip/013,1,0.34401893615722656,163610ee343c2ae22902639fd2d69341f427f214a7fdf7eab3fa1e6fb7261ad5
tile,icra,tile/glue_strip/014,1,0.3302724361419678,163610ee343c2ae22902639fd2d69341f427f214a7fdf7eab3fa1e6fb7261ad5
tile,icra,tile/glue_strip/015,1,0.3532859683036804,163610ee343c2ae22902639fd2d69341f427f214a7fdf7eab3fa1e6fb7261ad5
tile,icra,tile/glue_strip/016,1,0.3769654333591461,163610ee343c2ae22902639fd2d69341f427f214a7fdf7eab3fa1e6fb7261ad5
tile,icra,tile/glue_strip/017,1,0.38111570477485657,163610ee343c2ae22902639fd2d69341f427f214a7fdf7eab3fa1e6fb7261ad5
tile,icra,tile/good/000,0,0.353478342294693,163610ee343c2ae22902639fd2d69341f427f214a7fdf7eab3fa1e6fb7261ad5
tile,icra,tile/good/001,0,0.37198328971862793,163610ee343c2ae22902639fd2d69341f427f214a7fdf7eab3fa1e6fb7261ad5
tile,icra,tile/good/002,0,0.303812712430954,163610ee343c2ae22902639fd2d69341f427f214a7fdf7eab3fa1e6fb7261ad5
tile,icra,tile/good/003,0,0.30997249484062195,163610ee343c2ae22902639fd2d69341f427f214a7fdf7eab3fa1e6fb7261ad5
tile,icra,tile/good/004,0,0.2970159351825714,163610ee343c2ae22902639fd2d69341f427f214a7fdf7eab3fa1e6fb7261ad5
tile,icra,tile/good/005,0,0.4478253424167633,163610ee343c2ae22902639fd2d69341f427f214a7fdf7eab3fa1e6fb7261ad5
tile,icra,tile/good/006,0,0.30725428462028503,163610ee343c2ae22902639fd2d69341f427f214a7fdf7eab3fa1e6fb7261ad5
tile,icra,tile/good/007,0,0.32829374074935913,163610ee343c2ae22902639fd2d69341f427f214a7fdf7eab3fa1e6fb7261ad5
tile,icra,tile/good/008,0,0.3755130171775818,163610ee343c2ae22902639fd2d69341f427f214a7fdf7eab3fa1e6fb7261ad5
tile,icra,tile/good/009,0,0.3580549359321594,163610ee343c2ae22902639fd2d69341f427f214a7fdf7eab3fa1e6fb7261ad5
tile,icra,tile/good/010,0,0.3278660774230957,163610ee343c2ae22902639fd2d69341f427f214a7fdf7eab3fa1e6fb7261ad5
tile,icra,tile/good/011,0,0.2501078248023987,163610ee343c2ae22902639fd2d69341f427f214a7fdf7eab3fa1e6fb7261ad5
tile,icra,tile/good/012,0,0.3434300124645233,163610ee343c2ae22902639fd2d69341f427f214a7fdf7eab3fa1e6fb7261ad5
tile,icra,tile/good/013,0,0.3352288603782654,163610ee343c2ae22902639fd2d69341f427f214a7fdf7eab3fa1e6fb7261ad5
tile,icra,tile/good/014,0,0.29340675473213196,163610ee343c2ae22902639fd2d69341f427f214a7fdf7eab3fa1e6fb7261ad5
tile,icra,tile/good/015,0,0.4301842451095581,163610ee343c2ae22902639fd2d69341f427f214a7fdf7eab3fa1e6fb7261ad5
tile,icra,tile/good/016,0,0.3153626322746277,163610ee343c2ae22902639fd2d69341f427f214a7fdf7eab3fa1e6fb7261ad5
tile,icra,tile/good/017,0,0.408961683511734,163610ee343c2ae22902639fd2d69341f427f214a7fdf7eab3fa1e6fb7261ad5
tile,icra,tile/good/018,0,0.2696661949157715,163610ee343c2ae22902639fd2d69341f427f214a7fdf7eab3fa1e6fb7261ad5
tile,icra,tile/good/019,0,0.30536094307899475,163610ee343c2ae22902639fd2d69341f427f214a7fdf7eab3fa1e6fb7261ad5
tile,icra,tile/good/020,0,0.3780393600463867,163610ee343c2ae22902639fd2d69341f427f214a7fdf7eab3fa1e6fb7261ad5
tile,icra,tile/good/021,0,0.3876175880432129,163610ee343c2ae22902639fd2d69341f427f214a7fdf7eab3fa1e6fb7261ad5
tile,icra,tile/good/022,0,0.28370869159698486,163610ee343c2ae22902639fd2d69341f427f214a7fdf7eab3fa1e6fb7261ad5
tile,icra,tile/good/023,0,0.28617000579833984,163610ee343c2ae22902639fd2d69341f427f214a7fdf7eab3fa1e6fb7261ad5
tile,icra,tile/good/024,0,0.28853169083595276,163610ee343c2ae22902639fd2d69341f427f214a7fdf7eab3fa1e6fb7261ad5
tile,icra,tile/good/025,0,0.2748005986213684,163610ee343c2ae22902639fd2d69341f427f214a7fdf7eab3fa1e6fb7261ad5
tile,icra,tile/good/026,0,0.3129832446575165,163610ee343c2ae22902639fd2d69341f427f214a7fdf7eab3fa1e6fb7261ad5
tile,icra,tile/good/027,0,0.4854770302772522,163610ee343c2ae22902639fd2d69341f427f214a7fdf7eab3fa1e6fb7261ad5
tile,icra,tile/good/028,0,0.3678745925426483,163610ee343c2ae22902639fd2d69341f427f214a7fdf7eab3fa1e6fb7261ad5
tile,icra,tile/good/029,0,0.2886725664138794,163610ee343c2ae22902639fd2d69341f427f214a7fdf7eab3fa1e6fb7261ad5
tile,icra,tile/good/030,0,0.3357534110546112,163610ee343c2ae22902639fd2d69341f427f214a7fdf7eab3fa1e6fb7261ad5
tile,icra,tile/good/031,0,0.3065173327922821,163610ee343c2ae22902639fd2d69341f427f214a7fdf7eab3fa1e6fb7261ad5
tile,icra,tile/good/032,0,0.35261350870132446,163610ee343c2ae22902639fd2d69341f427f214a7fdf7eab3fa1e6fb7261ad5
tile,icra,tile/gray_stroke/000,1,0.42779502272605896,163610ee343c2ae22902639fd2d69341f427f214a7fdf7eab3fa1e6fb7261ad5
tile,icra,tile/gray_stroke/001,1,0.5163806676864624,163610ee343c2ae22902639fd2d69341f427f214a7fdf7eab3fa1e6fb7261ad5
tile,icra,tile/gray_stroke/002,1,0.4411625564098358,163610ee343c2ae22902639fd2d69341f427f214a7fdf7eab3fa1e6fb7261ad5
tile,icra,tile/gray_stroke/003,1,0.40684282779693604,163610ee343c2ae22902639fd2d69341f427f214a7fdf7eab3fa1e6fb7261ad5
tile,icra,tile/gray_stroke/004,1,0.35238638520240784,163610ee343c2ae22902639fd2d69341f427f214a7fdf7eab3fa1e6fb7261ad5
tile,icra,tile/gray_stroke/005,1,0.3946405351161957,163610ee343c2ae22902639fd2d69341f427f214a7fdf7eab3fa1e6fb7261ad5
tile,icra,tile/gray_stroke/006,1,0.32208824157714844,163610ee343c2ae22902639fd2d69341f427f214a7fdf7eab3fa1e6fb7261ad5
tile,icra,tile/gray_stroke/007,1,0.4578920900821686,163610ee343c2ae22902639fd2d69341f427f214a7fdf7eab3fa1e6fb7261ad5
tile,icra,tile/gray_stroke/008,1,0.37566959857940674,163610ee343c2ae22902639fd2d69341f427f214a7fdf7eab3fa1e6fb7261ad5
tile,icra,tile/gray_stroke/009,1,0.4099951386451721,163610ee343c2ae22902639fd2d69341f427f214a7fdf7eab3fa1e6fb7261ad5
tile,icra,tile/gray_stroke/010,1,0.39774125814437866,163610ee343c2ae22902639fd2d69341f427f214a7fdf7eab3fa1e6fb7261ad5
tile,icra,tile/gray_stroke/011,1,0.3039264976978302,163610ee343c2ae22902639fd2d69341f427f214a7fdf7eab3fa1e6fb7261ad5
tile,icra,tile/gray_stroke/012,1,0.3778882324695587,163610ee343c2ae22902639fd2d69341f427f214a7fdf7eab3fa1e6fb7261ad5
tile,icra,tile/gray_stroke/013,1,0.4061693847179413,163610ee343c2ae22902639fd2d69341f427f214a7fdf7eab3fa1e6fb7261ad5
tile,icra,tile/gray_stroke/014,1,0.2985214591026306,163610ee343c2ae22902639fd2d69341f427f214a7fdf7eab3fa1e6fb7261ad5
tile,icra,tile/gray_stroke/015,1,0.41359007358551025,163610ee343c2ae22902639fd2d69341f427f214a7fdf7eab3fa1e6fb7261ad5
tile,icra,tile/oil/000,1,0.38403087854385376,163610ee343c2ae22902639fd2d69341f427f214a7fdf7eab3fa1e6fb7261ad5
tile,icra,tile/oil/001,1,0.31008589267730713,163610ee343c2ae22902639fd2d69341f427f214a7fdf7eab3fa1e6fb7261ad5
tile,icra,tile/oil/002,1,0.37058258056640625,163610ee343c2ae22902639fd2d69341f427f214a7fdf7eab3fa1e6fb7261ad5
tile,icra,tile/oil/003,1,0.45068514347076416,163610ee343c2ae22902639fd2d69341f427f214a7fdf7eab3fa1e6fb7261ad5
tile,icra,tile/oil/004,1,0.3549414277076721,163610ee343c2ae22902639fd2d69341f427f214a7fdf7eab3fa1e6fb7261ad5
tile,icra,tile/oil/005,1,0.3931003510951996,163610ee343c2ae22902639fd2d69341f427f214a7fdf7eab3fa1e6fb7261ad5
tile,icra,tile/oil/006,1,0.3472440838813782,163610ee343c2ae22902639fd2d69341f427f214a7fdf7eab3fa1e6fb7261ad5
tile,icra,tile/oil/007,1,0.3451073169708252,163610ee343c2ae22902639fd2d69341f427f214a7fdf7eab3fa1e6fb7261ad5
tile,icra,tile/oil/008,1,0.3685755431652069,163610ee343c2ae22902639fd2d69341f427f214a7fdf7eab3fa1e6fb7261ad5
tile,icra,tile/oil/009,1,0.3228360712528229,163610ee343c2ae22902639fd2d69341f427f214a7fdf7eab3fa1e6fb7261ad5
tile,icra,tile/oil/010,1,0.38251009583473206,163610ee343c2ae22902639fd2d69341f427f214a7fdf7eab3fa1e6fb7261ad5
tile,icra,tile/oil/011,1,0.5046359300613403,163610ee343c2ae22902639fd2d69341f427f214a7fdf7eab3fa1e6fb7261ad5
tile,icra,tile/oil/012,1,0.3740825057029724,163610ee343c2ae22902639fd2d69341f427f214a7fdf7eab3fa1e6fb7261ad5
tile,icra,tile/oil/013,1,0.36690279841423035,163610ee343c2ae22902639fd2d69341f427f214a7fdf7eab3fa1e6fb7261ad5
tile,icra,tile/oil/014,1,0.40328142046928406,163610ee343c2ae22902639fd2d69341f427f214a7fdf7eab3fa1e6fb7261ad5
tile,icra,tile/oil/015,1,0.5381503701210022,163610ee343c2ae22902639fd2d69341f427f214a7fdf7eab3fa1e6fb7261ad5
tile,icra,tile/oil/016,1,0.3641248643398285,163610ee343c2ae22902639fd2d69341f427f214a7fdf7eab3fa1e6fb7261ad5
tile,icra,tile/oil/017,1,0.30510827898979187,163610ee343c2ae22902639fd2d69341f427f214a7fdf7eab3fa1e6fb7261ad5
tile,icra,tile/rough/000,1,0.3104247450828552,163610ee343c2ae22902639fd2d69341f427f214a7fdf7eab3fa1e6fb7261ad5
tile,icra,tile/rough/001,1,0.3470982313156128,163610ee343c2ae22902639fd2d69341f427f214a7fdf7eab3fa1e6fb7261ad5
tile,icra,tile/rough/002,1,0.3752652406692505,163610ee343c2ae22902639fd2d69341f427f214a7fdf7eab3fa1e6fb7261ad5
tile,icra,tile/rough/003,1,0.3422294855117798,163610ee343c2ae22902639fd2d69341f427f214a7fdf7eab3fa1e6fb7261ad5
tile,icra,tile/rough/004,1,0.48258304595947266,163610ee343c2ae22902639fd2d69341f427f214a7fdf7eab3fa1e6fb7261ad5
tile,icra,tile/rough/005,1,0.433404803276062,163610ee343c2ae22902639fd2d69341f427f214a7fdf7eab3fa1e6fb7261ad5
tile,icra,tile/rough/006,1,0.38807451725006104,163610ee343c2ae22902639fd2d69341f427f214a7fdf7eab3fa1e6fb7261ad5
tile,icra,tile/rough/007,1,0.36768218874931335,163610ee343c2ae22902639fd2d69341f427f214a7fdf7eab3fa1e6fb7261ad5
tile,icra,tile/rough/008,1,0.3615933656692505,163610ee343c2ae22902639fd2d69341f427f214a7fdf7eab3fa1e6fb7261ad5
tile,icra,tile/rough/009,1,0.38839471340179443,163610ee343c2ae22902639fd2d69341f427f214a7fdf7eab3fa1e6fb7261ad5
tile,icra,tile/rough/010,1,0.2866862416267395,163610ee343c2ae22902639fd2d69341f427f214a7fdf7eab3fa1e6fb7261ad5
tile,icra,tile/rough/011,1,0.4173106849193573,163610ee343c2ae22902639fd2d69341f427f214a7fdf7eab3fa1e6fb7261ad5
tile,icra,tile/rough/012,1,0.41425061225891113,163610ee343c2ae22902639fd2d69341f427f214a7fdf7eab3fa1e6fb7261ad5
tile,icra,tile/rough/013,1,0.3611478805541992,163610ee343c2ae22902639fd2d69341f427f214a7fdf7eab3fa1e6fb7261ad5
tile,icra,tile/rough/014,1,0.3440018892288208,163610ee343c2ae22902639fd2d69341f427f214a7fdf7eab3fa1e6fb7261ad5
toothbrush,dark,toothbrush/defective/000,1,0.5260439515113831,06ff155c0bfad2cd84883d79f6f4e4852d654d725dc896faa0ebf39a1d8334ce
toothbrush,dark,toothbrush/defective/001,1,0.4420115351676941,06ff155c0bfad2cd84883d79f6f4e4852d654d725dc896faa0ebf39a1d8334ce
toothbrush,dark,toothbrush/defective/002,1,0.44953596591949463,06ff155c0bfad2cd84883d79f6f4e4852d654d725dc896faa0ebf39a1d8334ce
toothbrush,dark,toothbrush/defective/003,1,0.42297032475471497,06ff155c0bfad2cd84883d79f6f4e4852d654d725dc896faa0ebf39a1d8334ce
toothbrush,dark,toothbrush/defective/004,1,0.5378561615943909,06ff155c0bfad2cd84883d79f6f4e4852d654d725dc896faa0ebf39a1d8334ce
toothbrush,dark,toothbrush/defective/005,1,0.5572242140769958,06ff155c0bfad2cd84883d79f6f4e4852d654d725dc896faa0ebf39a1d8334ce
toothbrush,dark,toothbrush/defective/006,1,0.5684512257575989,06ff155c0bfad2cd84883d79f6f4e4852d654d725dc896faa0ebf39a1d8334ce
toothbrush,dark,toothbrush/defective/007,1,0.4439566433429718,06ff155c0bfad2cd84883d79f6f4e4852d654d725dc896faa0ebf39a1d8334ce
toothbrush,dark,toothbrush/defective/008,1,0.4921877086162567,06ff155c0bfad2cd84883d79f6f4e4852d654d725dc896faa0ebf39a1d8334ce
toothbrush,dark,toothbrush/defective/009,1,0.4416048526763916,06ff155c0bfad2cd84883d79f6f4e4852d654d725dc896faa0ebf39a1d8334ce
toothbrush,dark,toothbrush/defective/010,1,0.5541576147079468,06ff155c0bfad2cd84883d79f6f4e4852d654d725dc896faa0ebf39a1d8334ce
toothbrush,dark,toothbrush/defective/011,1,0.46468138694763184,06ff155c0bfad2cd84883d79f6f4e4852d654d725dc896faa0ebf39a1d8334ce
toothbrush,dark,toothbrush/defective/012,1,0.4840642213821411,06ff155c0bfad2cd84883d79f6f4e4852d654d725dc896faa0ebf39a1d8334ce
toothbrush,dark,toothbrush/defective/013,1,0.4795323312282562,06ff155c0bfad2cd84883d79f6f4e4852d654d725dc896faa0ebf39a1d8334ce
toothbrush,dark,toothbrush/defective/014,1,0.4552379846572876,06ff155c0bfad2cd84883d79f6f4e4852d654d725dc896faa0ebf39a1d8334ce
toothbrush,dark,toothbrush/defective/015,1,0.4370117783546448,06ff155c0bfad2cd84883d79f6f4e4852d654d725dc896faa0ebf39a1d8334ce
toothbrush,dark,toothbrush/defective/016,1,0.4297410845756531,06ff155c0bfad2cd84883d79f6f4e4852d654d725dc896faa0ebf39a1d8334ce
toothbrush,dark,toothbrush/defective/017,1,0.5135264992713928,06ff155c0bfad2cd84883d79f6f4e4852d654d725dc896faa0ebf39a1d8334ce
toothbrush,dark,toothbrush/defective/018,1,0.5251584053039551,06ff155c0bfad2cd84883d79f6f4e4852d654d725dc896faa0ebf39a1d8334ce
toothbrush,dark,toothbrush/defective/019,1,0.46816083788871765,06ff155c0bfad2cd84883d79f6f4e4852d654d725dc896faa0ebf39a1d8334ce
toothbrush,dark,toothbrush/defective/020,1,0.42617321014404297,06ff155c0bfad2cd84883d79f6f4e4852d654d725dc896faa0ebf39a1d8334ce
toothbrush,dark,toothbrush/defective/021,1,0.4409298896789551,06ff155c0bfad2cd84883d79f6f4e4852d654d725dc896faa0ebf39a1d8334ce
toothbrush,dark,toothbrush/defective/022,1,0.58506840467453,06ff155c0bfad2cd84883d79f6f4e4852d654d725dc896faa0ebf39a1d8334ce
toothbrush,dark,toothbrush/defective/023,1,0.48759064078330994,06ff155c0bfad2cd84883d79f6f4e4852d654d725dc896faa0ebf39a1d8334ce
toothbrush,dark,toothbrush/defective/024,1,0.4341846704483032,06ff155c0bfad2cd84883d79f6f4e4852d654d725dc896faa0ebf39a1d8334ce
toothbrush,dark,toothbrush/defective/025,1,0.44481509923934937,06ff155c0bfad2cd84883d79f6f4e4852d654d725dc896faa0ebf39a1d8334ce
toothbrush,dark,toothbrush/defective/026,1,0.429731547832489,06ff155c0bfad2cd84883d79f6f4e4852d654d725dc896faa0ebf39a1d8334ce
toothbrush,dark,toothbrush/defective/027,1,0.4135214388370514,06ff155c0bfad2cd84883d79f6f4e4852d654d725dc896faa0ebf39a1d8334ce
toothbrush,dark,toothbrush/defective/028,1,0.3975740373134613,06ff155c0bfad2cd84883d79f6f4e4852d654d725dc896faa0ebf39a1d8334ce
toothbrush,dark,toothbrush/defective/029,1,0.5058371424674988,06ff155c0bfad2cd84883d79f6f4e4852d654d725dc896faa0ebf39a1d8334ce
toothbrush,dark,toothbrush/good/000,0,0.45394816994667053,06ff155c0bfad2cd84883d79f6f4e4852d654d725dc896faa0ebf39a1d8334ce
toothbrush,dark,toothbrush/good/001,0,0.41785958409309387,06ff155c0bfad2cd84883d79f6f4e4852d654d725dc896faa0ebf39a1d8334ce
toothbrush,dark,toothbrush/good/002,0,0.41982534527778625,06ff155c0bfad2cd84883d79f6f4e4852d654d725dc896faa0ebf39a1d8334ce
toothbrush,dark,toothbrush/good/003,0,0.45491883158683777,06ff155c0bfad2cd84883d79f6f4e4852d654d725dc896faa0ebf39a1d8334ce
toothbrush,dark,toothbrush/good/004,0,0.47511085867881775,06ff155c0bfad2cd84883d79f6f4e4852d654d725dc896faa0ebf39a1d8334ce
toothbrush,dark,toothbrush/good/005,0,0.4797438383102417,06ff155c0bfad2cd84883d79f6f4e4852d654d725dc896faa0ebf39a1d8334ce
toothbrush,dark,toothbrush/good/006,0,0.43902039527893066,06ff155c0bfad2cd84883d79f6f4e4852d654d725dc896faa0ebf39a1d8334ce
toothbrush,dark,toothbrush/good/007,0,0.46650147438049316,06ff155c0bfad2cd84883d79f6f4e4852d654d725dc896faa0ebf39a1d8334ce
toothbrush,dark,toothbrush/good/008,0,0.48737919330596924,06ff155c0bfad2cd84883d79f6f4e4852d654d725dc896faa0ebf39a1d8334ce
toothbrush,dark,toothbrush/good/009,0,0.5463751554489136,06ff155c0bfad2cd84883d79f6f4e4852d654d725dc896faa0ebf39a1d8334ce
toothbrush,dark,toothbrush/good/010,0,0.43939638137817383,06ff155c0bfad2cd84883d79f6f4e4852d654d725dc896faa0ebf39a1d8334ce
toothbrush,dark,toothbrush/good/011,0,0.44164109230041504,06ff155c0bfad2cd84883d79f6f4e4852d654d725dc896faa0ebf39a1d8334ce
toothbrush,mirnetv2,toothbrush/defective/000,1,0.6481093168258667,06ff155c0bfad2cd84883d79f6f4e4852d654d725dc896faa0ebf39a1d8334ce
toothbrush,mirnetv2,toothbrush/defective/001,1,0.840360164642334,06ff155c0bfad2cd84883d79f6f4e4852d654d725dc896faa0ebf39a1d8334ce
toothbrush,mirnetv2,toothbrush/defective/002,1,0.871046245098114,06ff155c0bfad2cd84883d79f6f4e4852d654d725dc896faa0ebf39a1d8334ce
toothbrush,mirnetv2,toothbrush/defective/003,1,0.8087084293365479,06ff155c0bfad2cd84883d79f6f4e4852d654d725dc896faa0ebf39a1d8334ce
toothbrush,mirnetv2,toothbrush/defective/004,1,0.6226055026054382,06ff155c0bfad2cd84883d79f6f4e4852d654d725dc896faa0ebf39a1d8334ce
toothbrush,mirnetv2,toothbrush/defective/005,1,0.558201014995575,06ff155c0bfad2cd84883d79f6f4e4852d654d725dc896faa0ebf39a1d8334ce
toothbrush,mirnetv2,toothbrush/defective/006,1,0.6573847532272339,06ff155c0bfad2cd84883d79f6f4e4852d654d725dc896faa0ebf39a1d8334ce
toothbrush,mirnetv2,toothbrush/defective/007,1,0.8016525506973267,06ff155c0bfad2cd84883d79f6f4e4852d654d725dc896faa0ebf39a1d8334ce
toothbrush,mirnetv2,toothbrush/defective/008,1,0.6853216290473938,06ff155c0bfad2cd84883d79f6f4e4852d654d725dc896faa0ebf39a1d8334ce
toothbrush,mirnetv2,toothbrush/defective/009,1,0.7985691428184509,06ff155c0bfad2cd84883d79f6f4e4852d654d725dc896faa0ebf39a1d8334ce
toothbrush,mirnetv2,toothbrush/defective/010,1,0.3370768129825592,06ff155c0bfad2cd84883d79f6f4e4852d654d725dc896faa0ebf39a1d8334ce
toothbrush,mirnetv2,toothbrush/defective/011,1,0.90790855884552,06ff155c0bfad2cd84883d79f6f4e4852d654d725dc896faa0ebf39a1d8334ce
toothbrush,mirnetv2,toothbrush/defective/012,1,0.9814651012420654,06ff155c0bfad2cd84883d79f6f4e4852d654d725dc896faa0ebf39a1d8334ce
toothbrush,mirnetv2,toothbrush/defective/013,1,0.9070568680763245,06ff155c0bfad2cd84883d79f6f4e4852d654d725dc896faa0ebf39a1d8334ce
toothbrush,mirnetv2,toothbrush/defective/014,1,1.008451223373413,06ff155c0bfad2cd84883d79f6f4e4852d654d725dc896faa0ebf39a1d8334ce
toothbrush,mirnetv2,toothbrush/defective/015,1,0.9764262437820435,06ff155c0bfad2cd84883d79f6f4e4852d654d725dc896faa0ebf39a1d8334ce
toothbrush,mirnetv2,toothbrush/defective/016,1,0.9060678482055664,06ff155c0bfad2cd84883d79f6f4e4852d654d725dc896faa0ebf39a1d8334ce
toothbrush,mirnetv2,toothbrush/defective/017,1,0.5163022875785828,06ff155c0bfad2cd84883d79f6f4e4852d654d725dc896faa0ebf39a1d8334ce
toothbrush,mirnetv2,toothbrush/defective/018,1,0.749270498752594,06ff155c0bfad2cd84883d79f6f4e4852d654d725dc896faa0ebf39a1d8334ce
toothbrush,mirnetv2,toothbrush/defective/019,1,0.8614255785942078,06ff155c0bfad2cd84883d79f6f4e4852d654d725dc896faa0ebf39a1d8334ce
toothbrush,mirnetv2,toothbrush/defective/020,1,1.0294800996780396,06ff155c0bfad2cd84883d79f6f4e4852d654d725dc896faa0ebf39a1d8334ce
toothbrush,mirnetv2,toothbrush/defective/021,1,1.0595099925994873,06ff155c0bfad2cd84883d79f6f4e4852d654d725dc896faa0ebf39a1d8334ce
toothbrush,mirnetv2,toothbrush/defective/022,1,0.35867270827293396,06ff155c0bfad2cd84883d79f6f4e4852d654d725dc896faa0ebf39a1d8334ce
toothbrush,mirnetv2,toothbrush/defective/023,1,0.7138551473617554,06ff155c0bfad2cd84883d79f6f4e4852d654d725dc896faa0ebf39a1d8334ce
toothbrush,mirnetv2,toothbrush/defective/024,1,1.0183111429214478,06ff155c0bfad2cd84883d79f6f4e4852d654d725dc896faa0ebf39a1d8334ce
toothbrush,mirnetv2,toothbrush/defective/025,1,1.005692958831787,06ff155c0bfad2cd84883d79f6f4e4852d654d725dc896faa0ebf39a1d8334ce
toothbrush,mirnetv2,toothbrush/defective/026,1,1.0150249004364014,06ff155c0bfad2cd84883d79f6f4e4852d654d725dc896faa0ebf39a1d8334ce
toothbrush,mirnetv2,toothbrush/defective/027,1,0.8892257213592529,06ff155c0bfad2cd84883d79f6f4e4852d654d725dc896faa0ebf39a1d8334ce
toothbrush,mirnetv2,toothbrush/defective/028,1,0.9398345947265625,06ff155c0bfad2cd84883d79f6f4e4852d654d725dc896faa0ebf39a1d8334ce
toothbrush,mirnetv2,toothbrush/defective/029,1,0.6739641427993774,06ff155c0bfad2cd84883d79f6f4e4852d654d725dc896faa0ebf39a1d8334ce
toothbrush,mirnetv2,toothbrush/good/000,0,0.9126535654067993,06ff155c0bfad2cd84883d79f6f4e4852d654d725dc896faa0ebf39a1d8334ce
toothbrush,mirnetv2,toothbrush/good/001,0,0.904598593711853,06ff155c0bfad2cd84883d79f6f4e4852d654d725dc896faa0ebf39a1d8334ce
toothbrush,mirnetv2,toothbrush/good/002,0,0.8153530955314636,06ff155c0bfad2cd84883d79f6f4e4852d654d725dc896faa0ebf39a1d8334ce
toothbrush,mirnetv2,toothbrush/good/003,0,0.9716640114784241,06ff155c0bfad2cd84883d79f6f4e4852d654d725dc896faa0ebf39a1d8334ce
toothbrush,mirnetv2,toothbrush/good/004,0,0.8842885494232178,06ff155c0bfad2cd84883d79f6f4e4852d654d725dc896faa0ebf39a1d8334ce
toothbrush,mirnetv2,toothbrush/good/005,0,0.8923399448394775,06ff155c0bfad2cd84883d79f6f4e4852d654d725dc896faa0ebf39a1d8334ce
toothbrush,mirnetv2,toothbrush/good/006,0,0.989236056804657,06ff155c0bfad2cd84883d79f6f4e4852d654d725dc896faa0ebf39a1d8334ce
toothbrush,mirnetv2,toothbrush/good/007,0,0.8103823065757751,06ff155c0bfad2cd84883d79f6f4e4852d654d725dc896faa0ebf39a1d8334ce
toothbrush,mirnetv2,toothbrush/good/008,0,0.6661503911018372,06ff155c0bfad2cd84883d79f6f4e4852d654d725dc896faa0ebf39a1d8334ce
toothbrush,mirnetv2,toothbrush/good/009,0,0.6010825634002686,06ff155c0bfad2cd84883d79f6f4e4852d654d725dc896faa0ebf39a1d8334ce
toothbrush,mirnetv2,toothbrush/good/010,0,1.0550020933151245,06ff155c0bfad2cd84883d79f6f4e4852d654d725dc896faa0ebf39a1d8334ce
toothbrush,mirnetv2,toothbrush/good/011,0,0.972454845905304,06ff155c0bfad2cd84883d79f6f4e4852d654d725dc896faa0ebf39a1d8334ce
toothbrush,icra,toothbrush/defective/000,1,0.23794682323932648,06ff155c0bfad2cd84883d79f6f4e4852d654d725dc896faa0ebf39a1d8334ce
toothbrush,icra,toothbrush/defective/001,1,0.5132796168327332,06ff155c0bfad2cd84883d79f6f4e4852d654d725dc896faa0ebf39a1d8334ce
toothbrush,icra,toothbrush/defective/002,1,0.6257344484329224,06ff155c0bfad2cd84883d79f6f4e4852d654d725dc896faa0ebf39a1d8334ce
toothbrush,icra,toothbrush/defective/003,1,0.520001232624054,06ff155c0bfad2cd84883d79f6f4e4852d654d725dc896faa0ebf39a1d8334ce
toothbrush,icra,toothbrush/defective/004,1,0.24191461503505707,06ff155c0bfad2cd84883d79f6f4e4852d654d725dc896faa0ebf39a1d8334ce
toothbrush,icra,toothbrush/defective/005,1,0.2903102934360504,06ff155c0bfad2cd84883d79f6f4e4852d654d725dc896faa0ebf39a1d8334ce
toothbrush,icra,toothbrush/defective/006,1,0.28688329458236694,06ff155c0bfad2cd84883d79f6f4e4852d654d725dc896faa0ebf39a1d8334ce
toothbrush,icra,toothbrush/defective/007,1,0.5049872398376465,06ff155c0bfad2cd84883d79f6f4e4852d654d725dc896faa0ebf39a1d8334ce
toothbrush,icra,toothbrush/defective/008,1,0.4719509482383728,06ff155c0bfad2cd84883d79f6f4e4852d654d725dc896faa0ebf39a1d8334ce
toothbrush,icra,toothbrush/defective/009,1,0.5144502520561218,06ff155c0bfad2cd84883d79f6f4e4852d654d725dc896faa0ebf39a1d8334ce
toothbrush,icra,toothbrush/defective/010,1,0.35646313428878784,06ff155c0bfad2cd84883d79f6f4e4852d654d725dc896faa0ebf39a1d8334ce
toothbrush,icra,toothbrush/defective/011,1,0.3764794170856476,06ff155c0bfad2cd84883d79f6f4e4852d654d725dc896faa0ebf39a1d8334ce
toothbrush,icra,toothbrush/defective/012,1,0.4635449945926666,06ff155c0bfad2cd84883d79f6f4e4852d654d725dc896faa0ebf39a1d8334ce
toothbrush,icra,toothbrush/defective/013,1,0.3376210629940033,06ff155c0bfad2cd84883d79f6f4e4852d654d725dc896faa0ebf39a1d8334ce
toothbrush,icra,toothbrush/defective/014,1,0.5539693832397461,06ff155c0bfad2cd84883d79f6f4e4852d654d725dc896faa0ebf39a1d8334ce
toothbrush,icra,toothbrush/defective/015,1,0.47542089223861694,06ff155c0bfad2cd84883d79f6f4e4852d654d725dc896faa0ebf39a1d8334ce
toothbrush,icra,toothbrush/defective/016,1,0.4731549024581909,06ff155c0bfad2cd84883d79f6f4e4852d654d725dc896faa0ebf39a1d8334ce
toothbrush,icra,toothbrush/defective/017,1,0.22319898009300232,06ff155c0bfad2cd84883d79f6f4e4852d654d725dc896faa0ebf39a1d8334ce
toothbrush,icra,toothbrush/defective/018,1,0.30640143156051636,06ff155c0bfad2cd84883d79f6f4e4852d654d725dc896faa0ebf39a1d8334ce
toothbrush,icra,toothbrush/defective/019,1,0.5402416586875916,06ff155c0bfad2cd84883d79f6f4e4852d654d725dc896faa0ebf39a1d8334ce
toothbrush,icra,toothbrush/defective/020,1,0.5571321249008179,06ff155c0bfad2cd84883d79f6f4e4852d654d725dc896faa0ebf39a1d8334ce
toothbrush,icra,toothbrush/defective/021,1,0.5030063390731812,06ff155c0bfad2cd84883d79f6f4e4852d654d725dc896faa0ebf39a1d8334ce
toothbrush,icra,toothbrush/defective/022,1,0.2862544655799866,06ff155c0bfad2cd84883d79f6f4e4852d654d725dc896faa0ebf39a1d8334ce
toothbrush,icra,toothbrush/defective/023,1,0.22099336981773376,06ff155c0bfad2cd84883d79f6f4e4852d654d725dc896faa0ebf39a1d8334ce
toothbrush,icra,toothbrush/defective/024,1,0.5508524179458618,06ff155c0bfad2cd84883d79f6f4e4852d654d725dc896faa0ebf39a1d8334ce
toothbrush,icra,toothbrush/defective/025,1,0.5673885345458984,06ff155c0bfad2cd84883d79f6f4e4852d654d725dc896faa0ebf39a1d8334ce
toothbrush,icra,toothbrush/defective/026,1,0.6551262140274048,06ff155c0bfad2cd84883d79f6f4e4852d654d725dc896faa0ebf39a1d8334ce
toothbrush,icra,toothbrush/defective/027,1,0.537363588809967,06ff155c0bfad2cd84883d79f6f4e4852d654d725dc896faa0ebf39a1d8334ce
toothbrush,icra,toothbrush/defective/028,1,0.5002171993255615,06ff155c0bfad2cd84883d79f6f4e4852d654d725dc896faa0ebf39a1d8334ce
toothbrush,icra,toothbrush/defective/029,1,0.2540270984172821,06ff155c0bfad2cd84883d79f6f4e4852d654d725dc896faa0ebf39a1d8334ce
toothbrush,icra,toothbrush/good/000,0,0.29663512110710144,06ff155c0bfad2cd84883d79f6f4e4852d654d725dc896faa0ebf39a1d8334ce
toothbrush,icra,toothbrush/good/001,0,0.5065422654151917,06ff155c0bfad2cd84883d79f6f4e4852d654d725dc896faa0ebf39a1d8334ce
toothbrush,icra,toothbrush/good/002,0,0.48389142751693726,06ff155c0bfad2cd84883d79f6f4e4852d654d725dc896faa0ebf39a1d8334ce
toothbrush,icra,toothbrush/good/003,0,0.43875405192375183,06ff155c0bfad2cd84883d79f6f4e4852d654d725dc896faa0ebf39a1d8334ce
toothbrush,icra,toothbrush/good/004,0,0.29592809081077576,06ff155c0bfad2cd84883d79f6f4e4852d654d725dc896faa0ebf39a1d8334ce
toothbrush,icra,toothbrush/good/005,0,0.30950331687927246,06ff155c0bfad2cd84883d79f6f4e4852d654d725dc896faa0ebf39a1d8334ce
toothbrush,icra,toothbrush/good/006,0,0.41035231947898865,06ff155c0bfad2cd84883d79f6f4e4852d654d725dc896faa0ebf39a1d8334ce
toothbrush,icra,toothbrush/good/007,0,0.29707327485084534,06ff155c0bfad2cd84883d79f6f4e4852d654d725dc896faa0ebf39a1d8334ce
toothbrush,icra,toothbrush/good/008,0,0.21834202110767365,06ff155c0bfad2cd84883d79f6f4e4852d654d725dc896faa0ebf39a1d8334ce
toothbrush,icra,toothbrush/good/009,0,0.2988303303718567,06ff155c0bfad2cd84883d79f6f4e4852d654d725dc896faa0ebf39a1d8334ce
toothbrush,icra,toothbrush/good/010,0,0.5277494192123413,06ff155c0bfad2cd84883d79f6f4e4852d654d725dc896faa0ebf39a1d8334ce
toothbrush,icra,toothbrush/good/011,0,0.3943978548049927,06ff155c0bfad2cd84883d79f6f4e4852d654d725dc896faa0ebf39a1d8334ce
transistor,dark,transistor/bent_lead/000,1,0.510829508304596,04e5d8547b2409ce52fb75d4e0117ffc07b10ddf21697c2c6ef8af7cad123ec2
transistor,dark,transistor/bent_lead/001,1,0.5933455228805542,04e5d8547b2409ce52fb75d4e0117ffc07b10ddf21697c2c6ef8af7cad123ec2
transistor,dark,transistor/bent_lead/002,1,0.6230142116546631,04e5d8547b2409ce52fb75d4e0117ffc07b10ddf21697c2c6ef8af7cad123ec2
transistor,dark,transistor/bent_lead/003,1,0.5510118007659912,04e5d8547b2409ce52fb75d4e0117ffc07b10ddf21697c2c6ef8af7cad123ec2
transistor,dark,transistor/bent_lead/004,1,0.5125701427459717,04e5d8547b2409ce52fb75d4e0117ffc07b10ddf21697c2c6ef8af7cad123ec2
transistor,dark,transistor/bent_lead/005,1,0.6086822152137756,04e5d8547b2409ce52fb75d4e0117ffc07b10ddf21697c2c6ef8af7cad123ec2
transistor,dark,transistor/bent_lead/006,1,0.6778613328933716,04e5d8547b2409ce52fb75d4e0117ffc07b10ddf21697c2c6ef8af7cad123ec2
transistor,dark,transistor/bent_lead/007,1,0.5876356363296509,04e5d8547b2409ce52fb75d4e0117ffc07b10ddf21697c2c6ef8af7cad123ec2
transistor,dark,transistor/bent_lead/008,1,0.6373305916786194,04e5d8547b2409ce52fb75d4e0117ffc07b10ddf21697c2c6ef8af7cad123ec2
transistor,dark,transistor/bent_lead/009,1,0.5494585037231445,04e5d8547b2409ce52fb75d4e0117ffc07b10ddf21697c2c6ef8af7cad123ec2
transistor,dark,transistor/cut_lead/000,1,0.7029258012771606,04e5d8547b2409ce52fb75d4e0117ffc07b10ddf21697c2c6ef8af7cad123ec2
transistor,dark,transistor/cut_lead/001,1,0.6794018745422363,04e5d8547b2409ce52fb75d4e0117ffc07b10ddf21697c2c6ef8af7cad123ec2
transistor,dark,transistor/cut_lead/002,1,0.8340379595756531,04e5d8547b2409ce52fb75d4e0117ffc07b10ddf21697c2c6ef8af7cad123ec2
transistor,dark,transistor/cut_lead/003,1,0.7263256311416626,04e5d8547b2409ce52fb75d4e0117ffc07b10ddf21697c2c6ef8af7cad123ec2
transistor,dark,transistor/cut_lead/004,1,0.7476762533187866,04e5d8547b2409ce52fb75d4e0117ffc07b10ddf21697c2c6ef8af7cad123ec2
transistor,dark,transistor/cut_lead/005,1,0.642366886138916,04e5d8547b2409ce52fb75d4e0117ffc07b10ddf21697c2c6ef8af7cad123ec2
transistor,dark,transistor/cut_lead/006,1,0.6067158579826355,04e5d8547b2409ce52fb75d4e0117ffc07b10ddf21697c2c6ef8af7cad123ec2
transistor,dark,transistor/cut_lead/007,1,0.4720470607280731,04e5d8547b2409ce52fb75d4e0117ffc07b10ddf21697c2c6ef8af7cad123ec2
transistor,dark,transistor/cut_lead/008,1,0.7188050746917725,04e5d8547b2409ce52fb75d4e0117ffc07b10ddf21697c2c6ef8af7cad123ec2
transistor,dark,transistor/cut_lead/009,1,0.7229530215263367,04e5d8547b2409ce52fb75d4e0117ffc07b10ddf21697c2c6ef8af7cad123ec2
transistor,dark,transistor/damaged_case/000,1,0.6763678193092346,04e5d8547b2409ce52fb75d4e0117ffc07b10ddf21697c2c6ef8af7cad123ec2
transistor,dark,transistor/damaged_case/001,1,0.6683206558227539,04e5d8547b2409ce52fb75d4e0117ffc07b10ddf21697c2c6ef8af7cad123ec2
transistor,dark,transistor/damaged_case/002,1,0.6133511066436768,04e5d8547b2409ce52fb75d4e0117ffc07b10ddf21697c2c6ef8af7cad123ec2
transistor,dark,transistor/damaged_case/003,1,0.5123245120048523,04e5d8547b2409ce52fb75d4e0117ffc07b10ddf21697c2c6ef8af7cad123ec2
transistor,dark,transistor/damaged_case/004,1,0.7468472719192505,04e5d8547b2409ce52fb75d4e0117ffc07b10ddf21697c2c6ef8af7cad123ec2
transistor,dark,transistor/damaged_case/005,1,0.7275497317314148,04e5d8547b2409ce52fb75d4e0117ffc07b10ddf21697c2c6ef8af7cad123ec2
transistor,dark,transistor/damaged_case/006,1,0.6955870389938354,04e5d8547b2409ce52fb75d4e0117ffc07b10ddf21697c2c6ef8af7cad123ec2
transistor,dark,transistor/damaged_case/007,1,0.475907564163208,04e5d8547b2409ce52fb75d4e0117ffc07b10ddf21697c2c6ef8af7cad123ec2
transistor,dark,transistor/damaged_case/008,1,0.5248856544494629,04e5d8547b2409ce52fb75d4e0117ffc07b10ddf21697c2c6ef8af7cad123ec2
transistor,dark,transistor/damaged_case/009,1,0.4831482470035553,04e5d8547b2409ce52fb75d4e0117ffc07b10ddf21697c2c6ef8af7cad123ec2
transistor,dark,transistor/good/000,0,0.7097073197364807,04e5d8547b2409ce52fb75d4e0117ffc07b10ddf21697c2c6ef8af7cad123ec2
transistor,dark,transistor/good/001,0,0.5041107535362244,04e5d8547b2409ce52fb75d4e0117ffc07b10ddf21697c2c6ef8af7cad123ec2
transistor,dark,transistor/good/002,0,0.5189141035079956,04e5d8547b2409ce52fb75d4e0117ffc07b10ddf21697c2c6ef8af7cad123ec2
transistor,dark,transistor/good/003,0,0.675843358039856,04e5d8547b2409ce52fb75d4e0117ffc07b10ddf21697c2c6ef8af7cad123ec2
transistor,dark,transistor/good/004,0,0.6798271536827087,04e5d8547b2409ce52fb75d4e0117ffc07b10ddf21697c2c6ef8af7cad123ec2
transistor,dark,transistor/good/005,0,0.76318359375,04e5d8547b2409ce52fb75d4e0117ffc07b10ddf21697c2c6ef8af7cad123ec2
transistor,dark,transistor/good/006,0,0.6191667914390564,04e5d8547b2409ce52fb75d4e0117ffc07b10ddf21697c2c6ef8af7cad123ec2
transistor,dark,transistor/good/007,0,0.6523273587226868,04e5d8547b2409ce52fb75d4e0117ffc07b10ddf21697c2c6ef8af7cad123ec2
transistor,dark,transistor/good/008,0,0.5091184973716736,04e5d8547b2409ce52fb75d4e0117ffc07b10ddf21697c2c6ef8af7cad123ec2
transistor,dark,transistor/good/009,0,0.5591679215431213,04e5d8547b2409ce52fb75d4e0117ffc07b10ddf21697c2c6ef8af7cad123ec2
transistor,dark,transistor/good/010,0,0.7632622718811035,04e5d8547b2409ce52fb75d4e0117ffc07b10ddf21697c2c6ef8af7cad123ec2
transistor,dark,transistor/good/011,0,0.6747250556945801,04e5d8547b2409ce52fb75d4e0117ffc07b10ddf21697c2c6ef8af7cad123ec2
transistor,dark,transistor/good/012,0,0.5773820281028748,04e5d8547b2409ce52fb75d4e0117ffc07b10ddf21697c2c6ef8af7cad123ec2
transistor,dark,transistor/good/013,0,0.6377412676811218,04e5d8547b2409ce52fb75d4e0117ffc07b10ddf21697c2c6ef8af7cad123ec2
transistor,dark,transistor/good/014,0,0.5304063558578491,04e5d8547b2409ce52fb75d4e0117ffc07b10ddf21697c2c6ef8af7cad123ec2
transistor,dark,transistor/good/015,0,0.6494280099868774,04e5d8547b2409ce52fb75d4e0117ffc07b10ddf21697c2c6ef8af7cad123ec2
transistor,dark,transistor/good/016,0,0.4761171042919159,04e5d8547b2409ce52fb75d4e0117ffc07b10ddf21697c2c6ef8af7cad123ec2
transistor,dark,transistor/good/017,0,0.5117744207382202,04e5d8547b2409ce52fb75d4e0117ffc07b10ddf21697c2c6ef8af7cad123ec2
transistor,dark,transistor/good/018,0,0.6643244028091431,04e5d8547b2409ce52fb75d4e0117ffc07b10ddf21697c2c6ef8af7cad123ec2
transistor,dark,transistor/good/019,0,0.5781577825546265,04e5d8547b2409ce52fb75d4e0117ffc07b10ddf21697c2c6ef8af7cad123ec2
transistor,dark,transistor/good/020,0,0.6922142505645752,04e5d8547b2409ce52fb75d4e0117ffc07b10ddf21697c2c6ef8af7cad123ec2
transistor,dark,transistor/good/021,0,0.5762544274330139,04e5d8547b2409ce52fb75d4e0117ffc07b10ddf21697c2c6ef8af7cad123ec2
transistor,dark,transistor/good/022,0,0.6010782718658447,04e5d8547b2409ce52fb75d4e0117ffc07b10ddf21697c2c6ef8af7cad123ec2
transistor,dark,transistor/good/023,0,0.45888271927833557,04e5d8547b2409ce52fb75d4e0117ffc07b10ddf21697c2c6ef8af7cad123ec2
transistor,dark,transistor/good/024,0,0.5529817342758179,04e5d8547b2409ce52fb75d4e0117ffc07b10ddf21697c2c6ef8af7cad123ec2
transistor,dark,transistor/good/025,0,0.6480783820152283,04e5d8547b2409ce52fb75d4e0117ffc07b10ddf21697c2c6ef8af7cad123ec2
transistor,dark,transistor/good/026,0,0.6446548700332642,04e5d8547b2409ce52fb75d4e0117ffc07b10ddf21697c2c6ef8af7cad123ec2
transistor,dark,transistor/good/027,0,0.5267531871795654,04e5d8547b2409ce52fb75d4e0117ffc07b10ddf21697c2c6ef8af7cad123ec2
transistor,dark,transistor/good/028,0,0.5171064734458923,04e5d8547b2409ce52fb75d4e0117ffc07b10ddf21697c2c6ef8af7cad123ec2
transistor,dark,transistor/good/029,0,0.48943981528282166,04e5d8547b2409ce52fb75d4e0117ffc07b10ddf21697c2c6ef8af7cad123ec2
transistor,dark,transistor/good/030,0,0.5496830940246582,04e5d8547b2409ce52fb75d4e0117ffc07b10ddf21697c2c6ef8af7cad123ec2
transistor,dark,transistor/good/031,0,0.655340850353241,04e5d8547b2409ce52fb75d4e0117ffc07b10ddf21697c2c6ef8af7cad123ec2
transistor,dark,transistor/good/032,0,0.8177787065505981,04e5d8547b2409ce52fb75d4e0117ffc07b10ddf21697c2c6ef8af7cad123ec2
transistor,dark,transistor/good/033,0,0.5928168296813965,04e5d8547b2409ce52fb75d4e0117ffc07b10ddf21697c2c6ef8af7cad123ec2
transistor,dark,transistor/good/034,0,0.5715599060058594,04e5d8547b2409ce52fb75d4e0117ffc07b10ddf21697c2c6ef8af7cad123ec2
transistor,dark,transistor/good/035,0,0.5589144825935364,04e5d8547b2409ce52fb75d4e0117ffc07b10ddf21697c2c6ef8af7cad123ec2
transistor,dark,transistor/good/036,0,0.6604290008544922,04e5d8547b2409ce52fb75d4e0117ffc07b10ddf21697c2c6ef8af7cad123ec2
transistor,dark,transistor/good/037,0,0.6397801637649536,04e5d8547b2409ce52fb75d4e0117ffc07b10ddf21697c2c6ef8af7cad123ec2
transistor,dark,transistor/good/038,0,0.6331650614738464,04e5d8547b2409ce52fb75d4e0117ffc07b10ddf21697c2c6ef8af7cad123ec2
transistor,dark,transistor/good/039,0,0.7747026681900024,04e5d8547b2409ce52fb75d4e0117ffc07b10ddf21697c2c6ef8af7cad123ec2
transistor,dark,transistor/good/040,0,0.6828629970550537,04e5d8547b2409ce52fb75d4e0117ffc07b10ddf21697c2c6ef8af7cad123ec2
transistor,dark,transistor/good/041,0,0.6940135359764099,04e5d8547b2409ce52fb75d4e0117ffc07b10ddf21697c2c6ef8af7cad123ec2
transistor,dark,transistor/good/042,0,0.5365002751350403,04e5d8547b2409ce52fb75d4e0117ffc07b10ddf21697c2c6ef8af7cad123ec2
transistor,dark,transistor/good/043,0,0.7456703186035156,04e5d8547b2409ce52fb75d4e0117ffc07b10ddf21697c2c6ef8af7cad123ec2
transistor,dark,transistor/good/044,0,0.662153422832489,04e5d8547b2409ce52fb75d4e0117ffc07b10ddf21697c2c6ef8af7cad123ec2
transistor,dark,transistor/good/045,0,0.7527424693107605,04e5d8547b2409ce52fb75d4e0117ffc07b10ddf21697c2c6ef8af7cad123ec2
transistor,dark,transistor/good/046,0,0.5511852502822876,04e5d8547b2409ce52fb75d4e0117ffc07b10ddf21697c2c6ef8af7cad123ec2
transistor,dark,transistor/good/047,0,0.6645779013633728,04e5d8547b2409ce52fb75d4e0117ffc07b10ddf21697c2c6ef8af7cad123ec2
transistor,dark,transistor/good/048,0,0.619164228439331,04e5d8547b2409ce52fb75d4e0117ffc07b10ddf21697c2c6ef8af7cad123ec2
transistor,dark,transistor/good/049,0,0.49962201714515686,04e5d8547b2409ce52fb75d4e0117ffc07b10ddf21697c2c6ef8af7cad123ec2
transistor,dark,transistor/good/050,0,0.7207671999931335,04e5d8547b2409ce52fb75d4e0117ffc07b10ddf21697c2c6ef8af7cad123ec2
transistor,dark,transistor/good/051,0,0.6685808897018433,04e5d8547b2409ce52fb75d4e0117ffc07b10ddf21697c2c6ef8af7cad123ec2
transistor,dark,transistor/good/052,0,0.4910214841365814,04e5d8547b2409ce52fb75d4e0117ffc07b10ddf21697c2c6ef8af7cad123ec2
transistor,dark,transistor/good/053,0,0.6795963644981384,04e5d8547b2409ce52fb75d4e0117ffc07b10ddf21697c2c6ef8af7cad123ec2
transistor,dark,transistor/good/054,0,0.6564839482307434,04e5d8547b2409ce52fb75d4e0117ffc07b10ddf21697c2c6ef8af7cad123ec2
transistor,dark,transistor/good/055,0,0.6572270393371582,04e5d8547b2409ce52fb75d4e0117ffc07b10ddf21697c2c6ef8af7cad123ec2
transistor,dark,transistor/good/056,0,0.594738245010376,04e5d8547b2409ce52fb75d4e0117ffc07b10ddf21697c2c6ef8af7cad123ec2
transistor,dark,transistor/good/057,0,0.6578570008277893,04e5d8547b2409ce52fb75d4e0117ffc07b10ddf21697c2c6ef8af7cad123ec2
transistor,dark,transistor/good/058,0,0.6235775947570801,04e5d8547b2409ce52fb75d4e0117ffc07b10ddf21697c2c6ef8af7cad123ec2
transistor,dark,transistor/good/059,0,0.5735019445419312,04e5d8547b2409ce52fb75d4e0117ffc07b10ddf21697c2c6ef8af7cad123ec2
transistor,dark,transistor/misplaced/000,1,0.6090838313102722,04e5d8547b2409ce52fb75d4e0117ffc07b10ddf21697c2c6ef8af7cad123ec2
transistor,dark,transistor/misplaced/001,1,0.5207043290138245,04e5d8547b2409ce52fb75d4e0117ffc07b10ddf21697c2c6ef8af7cad123ec2
transistor,dark,transistor/misplaced/002,1,0.631051242351532,04e5d8547b2409ce52fb75d4e0117ffc07b10ddf21697c2c6ef8af7cad123ec2
transistor,dark,transistor/misplaced/003,1,0.5439409017562866,04e5d8547b2409ce52fb75d4e0117ffc07b10ddf21697c2c6ef8af7cad123ec2
transistor,dark,transistor/misplaced/004,1,0.5775271058082581,04e5d8547b2409ce52fb75d4e0117ffc07b10ddf21697c2c6ef8af7cad123ec2
transistor,dark,transistor/misplaced/005,1,0.7379614114761353,04e5d8547b2409ce52fb75d4e0117ffc07b10ddf21697c2c6ef8af7cad123ec2
transistor,dark,transistor/misplaced/006,1,0.5738319754600525,04e5d8547b2409ce52fb75d4e0117ffc07b10ddf21697c2c6ef8af7cad123ec2
transistor,dark,transistor/misplaced/007,1,0.5552867650985718,04e5d8547b2409ce52fb75d4e0117ffc07b10ddf21697c2c6ef8af7cad123ec2
transistor,dark,transistor/misplaced/008,1,0.7025503516197205,04e5d8547b2409ce52fb75d4e0117ffc07b10ddf21697c2c6ef8af7cad123ec2
transistor,dark,transistor/misplaced/009,1,0.6736633777618408,04e5d8547b2409ce52fb75d4e0117ffc07b10ddf21697c2c6ef8af7cad123ec2
transistor,mirnetv2,transistor/bent_lead/000,1,0.5783497095108032,04e5d8547b2409ce52fb75d4e0117ffc07b10ddf21697c2c6ef8af7cad123ec2
transistor,mirnetv2,transistor/bent_lead/001,1,0.5895102620124817,04e5d8547b2409ce52fb75d4e0117ffc07b10ddf21697c2c6ef8af7cad123ec2
transistor,mirnetv2,transistor/bent_lead/002,1,0.7368993759155273,04e5d8547b2409ce52fb75d4e0117ffc07b10ddf21697c2c6ef8af7cad123ec2
transistor,mirnetv2,transistor/bent_lead/003,1,0.676577091217041,04e5d8547b2409ce52fb75d4e0117ffc07b10ddf21697c2c6ef8af7cad123ec2
transistor,mirnetv2,transistor/bent_lead/004,1,0.6153049468994141,04e5d8547b2409ce52fb75d4e0117ffc07b10ddf21697c2c6ef8af7cad123ec2
transistor,mirnetv2,transistor/bent_lead/005,1,0.7418516278266907,04e5d8547b2409ce52fb75d4e0117ffc07b10ddf21697c2c6ef8af7cad123ec2
transistor,mirnetv2,transistor/bent_lead/006,1,0.6148582696914673,04e5d8547b2409ce52fb75d4e0117ffc07b10ddf21697c2c6ef8af7cad123ec2
transistor,mirnetv2,transistor/bent_lead/007,1,0.4620792865753174,04e5d8547b2409ce52fb75d4e0117ffc07b10ddf21697c2c6ef8af7cad123ec2
transistor,mirnetv2,transistor/bent_lead/008,1,0.7571665644645691,04e5d8547b2409ce52fb75d4e0117ffc07b10ddf21697c2c6ef8af7cad123ec2
transistor,mirnetv2,transistor/bent_lead/009,1,0.5953025817871094,04e5d8547b2409ce52fb75d4e0117ffc07b10ddf21697c2c6ef8af7cad123ec2
transistor,mirnetv2,transistor/cut_lead/000,1,0.7504240870475769,04e5d8547b2409ce52fb75d4e0117ffc07b10ddf21697c2c6ef8af7cad123ec2
transistor,mirnetv2,transistor/cut_lead/001,1,0.5603834986686707,04e5d8547b2409ce52fb75d4e0117ffc07b10ddf21697c2c6ef8af7cad123ec2
transistor,mirnetv2,transistor/cut_lead/002,1,0.8408971428871155,04e5d8547b2409ce52fb75d4e0117ffc07b10ddf21697c2c6ef8af7cad123ec2
transistor,mirnetv2,transistor/cut_lead/003,1,0.7363969683647156,04e5d8547b2409ce52fb75d4e0117ffc07b10ddf21697c2c6ef8af7cad123ec2
transistor,mirnetv2,transistor/cut_lead/004,1,0.6495280265808105,04e5d8547b2409ce52fb75d4e0117ffc07b10ddf21697c2c6ef8af7cad123ec2
transistor,mirnetv2,transistor/cut_lead/005,1,0.6034945845603943,04e5d8547b2409ce52fb75d4e0117ffc07b10ddf21697c2c6ef8af7cad123ec2
transistor,mirnetv2,transistor/cut_lead/006,1,0.7726986408233643,04e5d8547b2409ce52fb75d4e0117ffc07b10ddf21697c2c6ef8af7cad123ec2
transistor,mirnetv2,transistor/cut_lead/007,1,0.5791117548942566,04e5d8547b2409ce52fb75d4e0117ffc07b10ddf21697c2c6ef8af7cad123ec2
transistor,mirnetv2,transistor/cut_lead/008,1,0.8721956014633179,04e5d8547b2409ce52fb75d4e0117ffc07b10ddf21697c2c6ef8af7cad123ec2
transistor,mirnetv2,transistor/cut_lead/009,1,0.8583859801292419,04e5d8547b2409ce52fb75d4e0117ffc07b10ddf21697c2c6ef8af7cad123ec2
transistor,mirnetv2,transistor/damaged_case/000,1,0.7584052085876465,04e5d8547b2409ce52fb75d4e0117ffc07b10ddf21697c2c6ef8af7cad123ec2
transistor,mirnetv2,transistor/damaged_case/001,1,0.5033938884735107,04e5d8547b2409ce52fb75d4e0117ffc07b10ddf21697c2c6ef8af7cad123ec2
transistor,mirnetv2,transistor/damaged_case/002,1,0.4438062906265259,04e5d8547b2409ce52fb75d4e0117ffc07b10ddf21697c2c6ef8af7cad123ec2
transistor,mirnetv2,transistor/damaged_case/003,1,0.5156362056732178,04e5d8547b2409ce52fb75d4e0117ffc07b10ddf21697c2c6ef8af7cad123ec2
transistor,mirnetv2,transistor/damaged_case/004,1,0.869888186454773,04e5d8547b2409ce52fb75d4e0117ffc07b10ddf21697c2c6ef8af7cad123ec2
transistor,mirnetv2,transistor/damaged_case/005,1,0.7974544763565063,04e5d8547b2409ce52fb75d4e0117ffc07b10ddf21697c2c6ef8af7cad123ec2
transistor,mirnetv2,transistor/damaged_case/006,1,0.6780914664268494,04e5d8547b2409ce52fb75d4e0117ffc07b10ddf21697c2c6ef8af7cad123ec2
transistor,mirnetv2,transistor/damaged_case/007,1,0.5008766055107117,04e5d8547b2409ce52fb75d4e0117ffc07b10ddf21697c2c6ef8af7cad123ec2
transistor,mirnetv2,transistor/damaged_case/008,1,0.6364260911941528,04e5d8547b2409ce52fb75d4e0117ffc07b10ddf21697c2c6ef8af7cad123ec2
transistor,mirnetv2,transistor/damaged_case/009,1,0.6232255101203918,04e5d8547b2409ce52fb75d4e0117ffc07b10ddf21697c2c6ef8af7cad123ec2
transistor,mirnetv2,transistor/good/000,0,0.8336165547370911,04e5d8547b2409ce52fb75d4e0117ffc07b10ddf21697c2c6ef8af7cad123ec2
transistor,mirnetv2,transistor/good/001,0,0.5689024925231934,04e5d8547b2409ce52fb75d4e0117ffc07b10ddf21697c2c6ef8af7cad123ec2
transistor,mirnetv2,transistor/good/002,0,0.6270872354507446,04e5d8547b2409ce52fb75d4e0117ffc07b10ddf21697c2c6ef8af7cad123ec2
transistor,mirnetv2,transistor/good/003,0,0.5259907841682434,04e5d8547b2409ce52fb75d4e0117ffc07b10ddf21697c2c6ef8af7cad123ec2
transistor,mirnetv2,transistor/good/004,0,0.5589600801467896,04e5d8547b2409ce52fb75d4e0117ffc07b10ddf21697c2c6ef8af7cad123ec2
transistor,mirnetv2,transistor/good/005,0,0.8991393446922302,04e5d8547b2409ce52fb75d4e0117ffc07b10ddf21697c2c6ef8af7cad123ec2
transistor,mirnetv2,transistor/good/006,0,0.41694244742393494,04e5d8547b2409ce52fb75d4e0117ffc07b10ddf21697c2c6ef8af7cad123ec2
transistor,mirnetv2,transistor/good/007,0,0.4837004244327545,04e5d8547b2409ce52fb75d4e0117ffc07b10ddf21697c2c6ef8af7cad123ec2
transistor,mirnetv2,transistor/good/008,0,0.6172453165054321,04e5d8547b2409ce52fb75d4e0117ffc07b10ddf21697c2c6ef8af7cad123ec2
transistor,mirnetv2,transistor/good/009,0,0.7180452942848206,04e5d8547b2409ce52fb75d4e0117ffc07b10ddf21697c2c6ef8af7cad123ec2
transistor,mirnetv2,transistor/good/010,0,0.7138094902038574,04e5d8547b2409ce52fb75d4e0117ffc07b10ddf21697c2c6ef8af7cad123ec2
transistor,mirnetv2,transistor/good/011,0,0.6639382839202881,04e5d8547b2409ce52fb75d4e0117ffc07b10ddf21697c2c6ef8af7cad123ec2
transistor,mirnetv2,transistor/good/012,0,0.6663440465927124,04e5d8547b2409ce52fb75d4e0117ffc07b10ddf21697c2c6ef8af7cad123ec2
transistor,mirnetv2,transistor/good/013,0,0.4923568665981293,04e5d8547b2409ce52fb75d4e0117ffc07b10ddf21697c2c6ef8af7cad123ec2
transistor,mirnetv2,transistor/good/014,0,0.5069007873535156,04e5d8547b2409ce52fb75d4e0117ffc07b10ddf21697c2c6ef8af7cad123ec2
transistor,mirnetv2,transistor/good/015,0,0.811087429523468,04e5d8547b2409ce52fb75d4e0117ffc07b10ddf21697c2c6ef8af7cad123ec2
transistor,mirnetv2,transistor/good/016,0,0.6248337626457214,04e5d8547b2409ce52fb75d4e0117ffc07b10ddf21697c2c6ef8af7cad123ec2
transistor,mirnetv2,transistor/good/017,0,0.5432978272438049,04e5d8547b2409ce52fb75d4e0117ffc07b10ddf21697c2c6ef8af7cad123ec2
transistor,mirnetv2,transistor/good/018,0,0.7820492386817932,04e5d8547b2409ce52fb75d4e0117ffc07b10ddf21697c2c6ef8af7cad123ec2
transistor,mirnetv2,transistor/good/019,0,0.6127302646636963,04e5d8547b2409ce52fb75d4e0117ffc07b10ddf21697c2c6ef8af7cad123ec2
transistor,mirnetv2,transistor/good/020,0,0.7806956171989441,04e5d8547b2409ce52fb75d4e0117ffc07b10ddf21697c2c6ef8af7cad123ec2
transistor,mirnetv2,transistor/good/021,0,0.45550188422203064,04e5d8547b2409ce52fb75d4e0117ffc07b10ddf21697c2c6ef8af7cad123ec2
transistor,mirnetv2,transistor/good/022,0,0.709087610244751,04e5d8547b2409ce52fb75d4e0117ffc07b10ddf21697c2c6ef8af7cad123ec2
transistor,mirnetv2,transistor/good/023,0,0.4757671356201172,04e5d8547b2409ce52fb75d4e0117ffc07b10ddf21697c2c6ef8af7cad123ec2
transistor,mirnetv2,transistor/good/024,0,0.42957696318626404,04e5d8547b2409ce52fb75d4e0117ffc07b10ddf21697c2c6ef8af7cad123ec2
transistor,mirnetv2,transistor/good/025,0,0.7987834811210632,04e5d8547b2409ce52fb75d4e0117ffc07b10ddf21697c2c6ef8af7cad123ec2
transistor,mirnetv2,transistor/good/026,0,0.5111027956008911,04e5d8547b2409ce52fb75d4e0117ffc07b10ddf21697c2c6ef8af7cad123ec2
transistor,mirnetv2,transistor/good/027,0,0.5922838449478149,04e5d8547b2409ce52fb75d4e0117ffc07b10ddf21697c2c6ef8af7cad123ec2
transistor,mirnetv2,transistor/good/028,0,0.46953338384628296,04e5d8547b2409ce52fb75d4e0117ffc07b10ddf21697c2c6ef8af7cad123ec2
transistor,mirnetv2,transistor/good/029,0,0.4628199636936188,04e5d8547b2409ce52fb75d4e0117ffc07b10ddf21697c2c6ef8af7cad123ec2
transistor,mirnetv2,transistor/good/030,0,0.6502594351768494,04e5d8547b2409ce52fb75d4e0117ffc07b10ddf21697c2c6ef8af7cad123ec2
transistor,mirnetv2,transistor/good/031,0,0.7981799840927124,04e5d8547b2409ce52fb75d4e0117ffc07b10ddf21697c2c6ef8af7cad123ec2
transistor,mirnetv2,transistor/good/032,0,0.8484394550323486,04e5d8547b2409ce52fb75d4e0117ffc07b10ddf21697c2c6ef8af7cad123ec2
transistor,mirnetv2,transistor/good/033,0,0.4136108458042145,04e5d8547b2409ce52fb75d4e0117ffc07b10ddf21697c2c6ef8af7cad123ec2
transistor,mirnetv2,transistor/good/034,0,0.6175435185432434,04e5d8547b2409ce52fb75d4e0117ffc07b10ddf21697c2c6ef8af7cad123ec2
transistor,mirnetv2,transistor/good/035,0,0.4885860085487366,04e5d8547b2409ce52fb75d4e0117ffc07b10ddf21697c2c6ef8af7cad123ec2
transistor,mirnetv2,transistor/good/036,0,0.8404063582420349,04e5d8547b2409ce52fb75d4e0117ffc07b10ddf21697c2c6ef8af7cad123ec2
transistor,mirnetv2,transistor/good/037,0,0.7503352761268616,04e5d8547b2409ce52fb75d4e0117ffc07b10ddf21697c2c6ef8af7cad123ec2
transistor,mirnetv2,transistor/good/038,0,0.48784247040748596,04e5d8547b2409ce52fb75d4e0117ffc07b10ddf21697c2c6ef8af7cad123ec2
transistor,mirnetv2,transistor/good/039,0,0.7052326202392578,04e5d8547b2409ce52fb75d4e0117ffc07b10ddf21697c2c6ef8af7cad123ec2
transistor,mirnetv2,transistor/good/040,0,0.4780440032482147,04e5d8547b2409ce52fb75d4e0117ffc07b10ddf21697c2c6ef8af7cad123ec2
transistor,mirnetv2,transistor/good/041,0,0.5744547247886658,04e5d8547b2409ce52fb75d4e0117ffc07b10ddf21697c2c6ef8af7cad123ec2
transistor,mirnetv2,transistor/good/042,0,0.615909993648529,04e5d8547b2409ce52fb75d4e0117ffc07b10ddf21697c2c6ef8af7cad123ec2
transistor,mirnetv2,transistor/good/043,0,0.8382419943809509,04e5d8547b2409ce52fb75d4e0117ffc07b10ddf21697c2c6ef8af7cad123ec2
transistor,mirnetv2,transistor/good/044,0,0.772903561592102,04e5d8547b2409ce52fb75d4e0117ffc07b10ddf21697c2c6ef8af7cad123ec2
transistor,mirnetv2,transistor/good/045,0,0.560586154460907,04e5d8547b2409ce52fb75d4e0117ffc07b10ddf21697c2c6ef8af7cad123ec2
transistor,mirnetv2,transistor/good/046,0,0.6834968328475952,04e5d8547b2409ce52fb75d4e0117ffc07b10ddf21697c2c6ef8af7cad123ec2
transistor,mirnetv2,transistor/good/047,0,0.7899646162986755,04e5d8547b2409ce52fb75d4e0117ffc07b10ddf21697c2c6ef8af7cad123ec2
transistor,mirnetv2,transistor/good/048,0,0.5399423837661743,04e5d8547b2409ce52fb75d4e0117ffc07b10ddf21697c2c6ef8af7cad123ec2
transistor,mirnetv2,transistor/good/049,0,0.5607528686523438,04e5d8547b2409ce52fb75d4e0117ffc07b10ddf21697c2c6ef8af7cad123ec2
transistor,mirnetv2,transistor/good/050,0,0.5295442342758179,04e5d8547b2409ce52fb75d4e0117ffc07b10ddf21697c2c6ef8af7cad123ec2
transistor,mirnetv2,transistor/good/051,0,0.7193987369537354,04e5d8547b2409ce52fb75d4e0117ffc07b10ddf21697c2c6ef8af7cad123ec2
transistor,mirnetv2,transistor/good/052,0,0.4803559482097626,04e5d8547b2409ce52fb75d4e0117ffc07b10ddf21697c2c6ef8af7cad123ec2
transistor,mirnetv2,transistor/good/053,0,0.8223453760147095,04e5d8547b2409ce52fb75d4e0117ffc07b10ddf21697c2c6ef8af7cad123ec2
transistor,mirnetv2,transistor/good/054,0,0.5985697507858276,04e5d8547b2409ce52fb75d4e0117ffc07b10ddf21697c2c6ef8af7cad123ec2
transistor,mirnetv2,transistor/good/055,0,0.8441148400306702,04e5d8547b2409ce52fb75d4e0117ffc07b10ddf21697c2c6ef8af7cad123ec2
transistor,mirnetv2,transistor/good/056,0,0.5575280785560608,04e5d8547b2409ce52fb75d4e0117ffc07b10ddf21697c2c6ef8af7cad123ec2
transistor,mirnetv2,transistor/good/057,0,0.739303708076477,04e5d8547b2409ce52fb75d4e0117ffc07b10ddf21697c2c6ef8af7cad123ec2
transistor,mirnetv2,transistor/good/058,0,0.7682486176490784,04e5d8547b2409ce52fb75d4e0117ffc07b10ddf21697c2c6ef8af7cad123ec2
transistor,mirnetv2,transistor/good/059,0,0.7209171056747437,04e5d8547b2409ce52fb75d4e0117ffc07b10ddf21697c2c6ef8af7cad123ec2
transistor,mirnetv2,transistor/misplaced/000,1,0.7710857391357422,04e5d8547b2409ce52fb75d4e0117ffc07b10ddf21697c2c6ef8af7cad123ec2
transistor,mirnetv2,transistor/misplaced/001,1,0.4966249167919159,04e5d8547b2409ce52fb75d4e0117ffc07b10ddf21697c2c6ef8af7cad123ec2
transistor,mirnetv2,transistor/misplaced/002,1,0.6609683632850647,04e5d8547b2409ce52fb75d4e0117ffc07b10ddf21697c2c6ef8af7cad123ec2
transistor,mirnetv2,transistor/misplaced/003,1,0.7941057085990906,04e5d8547b2409ce52fb75d4e0117ffc07b10ddf21697c2c6ef8af7cad123ec2
transistor,mirnetv2,transistor/misplaced/004,1,0.5075884461402893,04e5d8547b2409ce52fb75d4e0117ffc07b10ddf21697c2c6ef8af7cad123ec2
transistor,mirnetv2,transistor/misplaced/005,1,0.5676325559616089,04e5d8547b2409ce52fb75d4e0117ffc07b10ddf21697c2c6ef8af7cad123ec2
transistor,mirnetv2,transistor/misplaced/006,1,0.45283499360084534,04e5d8547b2409ce52fb75d4e0117ffc07b10ddf21697c2c6ef8af7cad123ec2
transistor,mirnetv2,transistor/misplaced/007,1,0.48761117458343506,04e5d8547b2409ce52fb75d4e0117ffc07b10ddf21697c2c6ef8af7cad123ec2
transistor,mirnetv2,transistor/misplaced/008,1,0.5248371958732605,04e5d8547b2409ce52fb75d4e0117ffc07b10ddf21697c2c6ef8af7cad123ec2
transistor,mirnetv2,transistor/misplaced/009,1,0.6538057923316956,04e5d8547b2409ce52fb75d4e0117ffc07b10ddf21697c2c6ef8af7cad123ec2
transistor,icra,transistor/bent_lead/000,1,0.3278917670249939,04e5d8547b2409ce52fb75d4e0117ffc07b10ddf21697c2c6ef8af7cad123ec2
transistor,icra,transistor/bent_lead/001,1,0.3423198461532593,04e5d8547b2409ce52fb75d4e0117ffc07b10ddf21697c2c6ef8af7cad123ec2
transistor,icra,transistor/bent_lead/002,1,0.4494384825229645,04e5d8547b2409ce52fb75d4e0117ffc07b10ddf21697c2c6ef8af7cad123ec2
transistor,icra,transistor/bent_lead/003,1,0.39581117033958435,04e5d8547b2409ce52fb75d4e0117ffc07b10ddf21697c2c6ef8af7cad123ec2
transistor,icra,transistor/bent_lead/004,1,0.35675594210624695,04e5d8547b2409ce52fb75d4e0117ffc07b10ddf21697c2c6ef8af7cad123ec2
transistor,icra,transistor/bent_lead/005,1,0.4228910207748413,04e5d8547b2409ce52fb75d4e0117ffc07b10ddf21697c2c6ef8af7cad123ec2
transistor,icra,transistor/bent_lead/006,1,0.39211606979370117,04e5d8547b2409ce52fb75d4e0117ffc07b10ddf21697c2c6ef8af7cad123ec2
transistor,icra,transistor/bent_lead/007,1,0.28179559111595154,04e5d8547b2409ce52fb75d4e0117ffc07b10ddf21697c2c6ef8af7cad123ec2
transistor,icra,transistor/bent_lead/008,1,0.4355616569519043,04e5d8547b2409ce52fb75d4e0117ffc07b10ddf21697c2c6ef8af7cad123ec2
transistor,icra,transistor/bent_lead/009,1,0.3243478238582611,04e5d8547b2409ce52fb75d4e0117ffc07b10ddf21697c2c6ef8af7cad123ec2
transistor,icra,transistor/cut_lead/000,1,0.48702472448349,04e5d8547b2409ce52fb75d4e0117ffc07b10ddf21697c2c6ef8af7cad123ec2
transistor,icra,transistor/cut_lead/001,1,0.3491871953010559,04e5d8547b2409ce52fb75d4e0117ffc07b10ddf21697c2c6ef8af7cad123ec2
transistor,icra,transistor/cut_lead/002,1,0.519969642162323,04e5d8547b2409ce52fb75d4e0117ffc07b10ddf21697c2c6ef8af7cad123ec2
transistor,icra,transistor/cut_lead/003,1,0.44899269938468933,04e5d8547b2409ce52fb75d4e0117ffc07b10ddf21697c2c6ef8af7cad123ec2
transistor,icra,transistor/cut_lead/004,1,0.3925337791442871,04e5d8547b2409ce52fb75d4e0117ffc07b10ddf21697c2c6ef8af7cad123ec2
transistor,icra,transistor/cut_lead/005,1,0.3597438335418701,04e5d8547b2409ce52fb75d4e0117ffc07b10ddf21697c2c6ef8af7cad123ec2
transistor,icra,transistor/cut_lead/006,1,0.43281757831573486,04e5d8547b2409ce52fb75d4e0117ffc07b10ddf21697c2c6ef8af7cad123ec2
transistor,icra,transistor/cut_lead/007,1,0.32923102378845215,04e5d8547b2409ce52fb75d4e0117ffc07b10ddf21697c2c6ef8af7cad123ec2
transistor,icra,transistor/cut_lead/008,1,0.5133281350135803,04e5d8547b2409ce52fb75d4e0117ffc07b10ddf21697c2c6ef8af7cad123ec2
transistor,icra,transistor/cut_lead/009,1,0.4964196979999542,04e5d8547b2409ce52fb75d4e0117ffc07b10ddf21697c2c6ef8af7cad123ec2
transistor,icra,transistor/damaged_case/000,1,0.4388972520828247,04e5d8547b2409ce52fb75d4e0117ffc07b10ddf21697c2c6ef8af7cad123ec2
transistor,icra,transistor/damaged_case/001,1,0.28860294818878174,04e5d8547b2409ce52fb75d4e0117ffc07b10ddf21697c2c6ef8af7cad123ec2
transistor,icra,transistor/damaged_case/002,1,0.28174087405204773,04e5d8547b2409ce52fb75d4e0117ffc07b10ddf21697c2c6ef8af7cad123ec2
transistor,icra,transistor/damaged_case/003,1,0.2757258117198944,04e5d8547b2409ce52fb75d4e0117ffc07b10ddf21697c2c6ef8af7cad123ec2
transistor,icra,transistor/damaged_case/004,1,0.5388636589050293,04e5d8547b2409ce52fb75d4e0117ffc07b10ddf21697c2c6ef8af7cad123ec2
transistor,icra,transistor/damaged_case/005,1,0.47977131605148315,04e5d8547b2409ce52fb75d4e0117ffc07b10ddf21697c2c6ef8af7cad123ec2
transistor,icra,transistor/damaged_case/006,1,0.4118722975254059,04e5d8547b2409ce52fb75d4e0117ffc07b10ddf21697c2c6ef8af7cad123ec2
transistor,icra,transistor/damaged_case/007,1,0.2807984948158264,04e5d8547b2409ce52fb75d4e0117ffc07b10ddf21697c2c6ef8af7cad123ec2
transistor,icra,transistor/damaged_case/008,1,0.3699442744255066,04e5d8547b2409ce52fb75d4e0117ffc07b10ddf21697c2c6ef8af7cad123ec2
transistor,icra,transistor/damaged_case/009,1,0.3582756519317627,04e5d8547b2409ce52fb75d4e0117ffc07b10ddf21697c2c6ef8af7cad123ec2
transistor,icra,transistor/good/000,0,0.47434157133102417,04e5d8547b2409ce52fb75d4e0117ffc07b10ddf21697c2c6ef8af7cad123ec2
transistor,icra,transistor/good/001,0,0.3239036500453949,04e5d8547b2409ce52fb75d4e0117ffc07b10ddf21697c2c6ef8af7cad123ec2
transistor,icra,transistor/good/002,0,0.3539017140865326,04e5d8547b2409ce52fb75d4e0117ffc07b10ddf21697c2c6ef8af7cad123ec2
transistor,icra,transistor/good/003,0,0.32666921615600586,04e5d8547b2409ce52fb75d4e0117ffc07b10ddf21697c2c6ef8af7cad123ec2
transistor,icra,transistor/good/004,0,0.34101012349128723,04e5d8547b2409ce52fb75d4e0117ffc07b10ddf21697c2c6ef8af7cad123ec2
transistor,icra,transistor/good/005,0,0.5738971829414368,04e5d8547b2409ce52fb75d4e0117ffc07b10ddf21697c2c6ef8af7cad123ec2
transistor,icra,transistor/good/006,0,0.2684679925441742,04e5d8547b2409ce52fb75d4e0117ffc07b10ddf21697c2c6ef8af7cad123ec2
transistor,icra,transistor/good/007,0,0.28353098034858704,04e5d8547b2409ce52fb75d4e0117ffc07b10ddf21697c2c6ef8af7cad123ec2
transistor,icra,transistor/good/008,0,0.35331180691719055,04e5d8547b2409ce52fb75d4e0117ffc07b10ddf21697c2c6ef8af7cad123ec2
transistor,icra,transistor/good/009,0,0.39661410450935364,04e5d8547b2409ce52fb75d4e0117ffc07b10ddf21697c2c6ef8af7cad123ec2
transistor,icra,transistor/good/010,0,0.44092896580696106,04e5d8547b2409ce52fb75d4e0117ffc07b10ddf21697c2c6ef8af7cad123ec2
transistor,icra,transistor/good/011,0,0.39729440212249756,04e5d8547b2409ce52fb75d4e0117ffc07b10ddf21697c2c6ef8af7cad123ec2
transistor,icra,transistor/good/012,0,0.3641756474971771,04e5d8547b2409ce52fb75d4e0117ffc07b10ddf21697c2c6ef8af7cad123ec2
transistor,icra,transistor/good/013,0,0.29448726773262024,04e5d8547b2409ce52fb75d4e0117ffc07b10ddf21697c2c6ef8af7cad123ec2
transistor,icra,transistor/good/014,0,0.2662023901939392,04e5d8547b2409ce52fb75d4e0117ffc07b10ddf21697c2c6ef8af7cad123ec2
transistor,icra,transistor/good/015,0,0.46271613240242004,04e5d8547b2409ce52fb75d4e0117ffc07b10ddf21697c2c6ef8af7cad123ec2
transistor,icra,transistor/good/016,0,0.374128133058548,04e5d8547b2409ce52fb75d4e0117ffc07b10ddf21697c2c6ef8af7cad123ec2
transistor,icra,transistor/good/017,0,0.30189165472984314,04e5d8547b2409ce52fb75d4e0117ffc07b10ddf21697c2c6ef8af7cad123ec2
transistor,icra,transistor/good/018,0,0.47960951924324036,04e5d8547b2409ce52fb75d4e0117ffc07b10ddf21697c2c6ef8af7cad123ec2
transistor,icra,transistor/good/019,0,0.38240769505500793,04e5d8547b2409ce52fb75d4e0117ffc07b10ddf21697c2c6ef8af7cad123ec2
transistor,icra,transistor/good/020,0,0.481148898601532,04e5d8547b2409ce52fb75d4e0117ffc07b10ddf21697c2c6ef8af7cad123ec2
transistor,icra,transistor/good/021,0,0.2661753296852112,04e5d8547b2409ce52fb75d4e0117ffc07b10ddf21697c2c6ef8af7cad123ec2
transistor,icra,transistor/good/022,0,0.42015400528907776,04e5d8547b2409ce52fb75d4e0117ffc07b10ddf21697c2c6ef8af7cad123ec2
transistor,icra,transistor/good/023,0,0.25125613808631897,04e5d8547b2409ce52fb75d4e0117ffc07b10ddf21697c2c6ef8af7cad123ec2
transistor,icra,transistor/good/024,0,0.26059597730636597,04e5d8547b2409ce52fb75d4e0117ffc07b10ddf21697c2c6ef8af7cad123ec2
transistor,icra,transistor/good/025,0,0.47758281230926514,04e5d8547b2409ce52fb75d4e0117ffc07b10ddf21697c2c6ef8af7cad123ec2
transistor,icra,transistor/good/026,0,0.30219969153404236,04e5d8547b2409ce52fb75d4e0117ffc07b10ddf21697c2c6ef8af7cad123ec2
transistor,icra,transistor/good/027,0,0.3332706391811371,04e5d8547b2409ce52fb75d4e0117ffc07b10ddf21697c2c6ef8af7cad123ec2
transistor,icra,transistor/good/028,0,0.27434056997299194,04e5d8547b2409ce52fb75d4e0117ffc07b10ddf21697c2c6ef8af7cad123ec2
transistor,icra,transistor/good/029,0,0.26391929388046265,04e5d8547b2409ce52fb75d4e0117ffc07b10ddf21697c2c6ef8af7cad123ec2
transistor,icra,transistor/good/030,0,0.3781642019748688,04e5d8547b2409ce52fb75d4e0117ffc07b10ddf21697c2c6ef8af7cad123ec2
transistor,icra,transistor/good/031,0,0.4571351110935211,04e5d8547b2409ce52fb75d4e0117ffc07b10ddf21697c2c6ef8af7cad123ec2
transistor,icra,transistor/good/032,0,0.5501211285591125,04e5d8547b2409ce52fb75d4e0117ffc07b10ddf21697c2c6ef8af7cad123ec2
transistor,icra,transistor/good/033,0,0.2541840374469757,04e5d8547b2409ce52fb75d4e0117ffc07b10ddf21697c2c6ef8af7cad123ec2
transistor,icra,transistor/good/034,0,0.3557475209236145,04e5d8547b2409ce52fb75d4e0117ffc07b10ddf21697c2c6ef8af7cad123ec2
transistor,icra,transistor/good/035,0,0.288443386554718,04e5d8547b2409ce52fb75d4e0117ffc07b10ddf21697c2c6ef8af7cad123ec2
transistor,icra,transistor/good/036,0,0.5085732340812683,04e5d8547b2409ce52fb75d4e0117ffc07b10ddf21697c2c6ef8af7cad123ec2
transistor,icra,transistor/good/037,0,0.4379916191101074,04e5d8547b2409ce52fb75d4e0117ffc07b10ddf21697c2c6ef8af7cad123ec2
transistor,icra,transistor/good/038,0,0.31167808175086975,04e5d8547b2409ce52fb75d4e0117ffc07b10ddf21697c2c6ef8af7cad123ec2
transistor,icra,transistor/good/039,0,0.4506491422653198,04e5d8547b2409ce52fb75d4e0117ffc07b10ddf21697c2c6ef8af7cad123ec2
transistor,icra,transistor/good/040,0,0.30743086338043213,04e5d8547b2409ce52fb75d4e0117ffc07b10ddf21697c2c6ef8af7cad123ec2
transistor,icra,transistor/good/041,0,0.3561364412307739,04e5d8547b2409ce52fb75d4e0117ffc07b10ddf21697c2c6ef8af7cad123ec2
transistor,icra,transistor/good/042,0,0.3463270962238312,04e5d8547b2409ce52fb75d4e0117ffc07b10ddf21697c2c6ef8af7cad123ec2
transistor,icra,transistor/good/043,0,0.5377503037452698,04e5d8547b2409ce52fb75d4e0117ffc07b10ddf21697c2c6ef8af7cad123ec2
transistor,icra,transistor/good/044,0,0.4540576934814453,04e5d8547b2409ce52fb75d4e0117ffc07b10ddf21697c2c6ef8af7cad123ec2
transistor,icra,transistor/good/045,0,0.36465004086494446,04e5d8547b2409ce52fb75d4e0117ffc07b10ddf21697c2c6ef8af7cad123ec2
transistor,icra,transistor/good/046,0,0.40688344836235046,04e5d8547b2409ce52fb75d4e0117ffc07b10ddf21697c2c6ef8af7cad123ec2
transistor,icra,transistor/good/047,0,0.4587475657463074,04e5d8547b2409ce52fb75d4e0117ffc07b10ddf21697c2c6ef8af7cad123ec2
transistor,icra,transistor/good/048,0,0.32658642530441284,04e5d8547b2409ce52fb75d4e0117ffc07b10ddf21697c2c6ef8af7cad123ec2
transistor,icra,transistor/good/049,0,0.31939393281936646,04e5d8547b2409ce52fb75d4e0117ffc07b10ddf21697c2c6ef8af7cad123ec2
transistor,icra,transistor/good/050,0,0.30181097984313965,04e5d8547b2409ce52fb75d4e0117ffc07b10ddf21697c2c6ef8af7cad123ec2
transistor,icra,transistor/good/051,0,0.428082674741745,04e5d8547b2409ce52fb75d4e0117ffc07b10ddf21697c2c6ef8af7cad123ec2
transistor,icra,transistor/good/052,0,0.26279324293136597,04e5d8547b2409ce52fb75d4e0117ffc07b10ddf21697c2c6ef8af7cad123ec2
transistor,icra,transistor/good/053,0,0.4897553622722626,04e5d8547b2409ce52fb75d4e0117ffc07b10ddf21697c2c6ef8af7cad123ec2
transistor,icra,transistor/good/054,0,0.38610151410102844,04e5d8547b2409ce52fb75d4e0117ffc07b10ddf21697c2c6ef8af7cad123ec2
transistor,icra,transistor/good/055,0,0.48730704188346863,04e5d8547b2409ce52fb75d4e0117ffc07b10ddf21697c2c6ef8af7cad123ec2
transistor,icra,transistor/good/056,0,0.3317519724369049,04e5d8547b2409ce52fb75d4e0117ffc07b10ddf21697c2c6ef8af7cad123ec2
transistor,icra,transistor/good/057,0,0.434391051530838,04e5d8547b2409ce52fb75d4e0117ffc07b10ddf21697c2c6ef8af7cad123ec2
transistor,icra,transistor/good/058,0,0.45061373710632324,04e5d8547b2409ce52fb75d4e0117ffc07b10ddf21697c2c6ef8af7cad123ec2
transistor,icra,transistor/good/059,0,0.4204193949699402,04e5d8547b2409ce52fb75d4e0117ffc07b10ddf21697c2c6ef8af7cad123ec2
transistor,icra,transistor/misplaced/000,1,0.4359757602214813,04e5d8547b2409ce52fb75d4e0117ffc07b10ddf21697c2c6ef8af7cad123ec2
transistor,icra,transistor/misplaced/001,1,0.27802014350891113,04e5d8547b2409ce52fb75d4e0117ffc07b10ddf21697c2c6ef8af7cad123ec2
transistor,icra,transistor/misplaced/002,1,0.47526484727859497,04e5d8547b2409ce52fb75d4e0117ffc07b10ddf21697c2c6ef8af7cad123ec2
transistor,icra,transistor/misplaced/003,1,0.4834485948085785,04e5d8547b2409ce52fb75d4e0117ffc07b10ddf21697c2c6ef8af7cad123ec2
transistor,icra,transistor/misplaced/004,1,0.2872815430164337,04e5d8547b2409ce52fb75d4e0117ffc07b10ddf21697c2c6ef8af7cad123ec2
transistor,icra,transistor/misplaced/005,1,0.371420294046402,04e5d8547b2409ce52fb75d4e0117ffc07b10ddf21697c2c6ef8af7cad123ec2
transistor,icra,transistor/misplaced/006,1,0.2711264491081238,04e5d8547b2409ce52fb75d4e0117ffc07b10ddf21697c2c6ef8af7cad123ec2
transistor,icra,transistor/misplaced/007,1,0.3198893070220947,04e5d8547b2409ce52fb75d4e0117ffc07b10ddf21697c2c6ef8af7cad123ec2
transistor,icra,transistor/misplaced/008,1,0.3519565165042877,04e5d8547b2409ce52fb75d4e0117ffc07b10ddf21697c2c6ef8af7cad123ec2
transistor,icra,transistor/misplaced/009,1,0.439800888299942,04e5d8547b2409ce52fb75d4e0117ffc07b10ddf21697c2c6ef8af7cad123ec2
wood,dark,wood/color/000,1,0.5509649515151978,2151bed8fa1538e2cb83f95ec78b322c49b507f639b8a78f8609243f6127f34e
wood,dark,wood/color/001,1,0.5888352990150452,2151bed8fa1538e2cb83f95ec78b322c49b507f639b8a78f8609243f6127f34e
wood,dark,wood/color/002,1,0.7014431357383728,2151bed8fa1538e2cb83f95ec78b322c49b507f639b8a78f8609243f6127f34e
wood,dark,wood/color/003,1,0.767900288105011,2151bed8fa1538e2cb83f95ec78b322c49b507f639b8a78f8609243f6127f34e
wood,dark,wood/color/004,1,0.5489065051078796,2151bed8fa1538e2cb83f95ec78b322c49b507f639b8a78f8609243f6127f34e
wood,dark,wood/color/005,1,0.6654015183448792,2151bed8fa1538e2cb83f95ec78b322c49b507f639b8a78f8609243f6127f34e
wood,dark,wood/color/006,1,0.7796601057052612,2151bed8fa1538e2cb83f95ec78b322c49b507f639b8a78f8609243f6127f34e
wood,dark,wood/color/007,1,0.643704891204834,2151bed8fa1538e2cb83f95ec78b322c49b507f639b8a78f8609243f6127f34e
wood,dark,wood/combined/000,1,0.6880967617034912,2151bed8fa1538e2cb83f95ec78b322c49b507f639b8a78f8609243f6127f34e
wood,dark,wood/combined/001,1,0.5691405534744263,2151bed8fa1538e2cb83f95ec78b322c49b507f639b8a78f8609243f6127f34e
wood,dark,wood/combined/002,1,0.7596920728683472,2151bed8fa1538e2cb83f95ec78b322c49b507f639b8a78f8609243f6127f34e
wood,dark,wood/combined/003,1,0.8726912140846252,2151bed8fa1538e2cb83f95ec78b322c49b507f639b8a78f8609243f6127f34e
wood,dark,wood/combined/004,1,0.8565669655799866,2151bed8fa1538e2cb83f95ec78b322c49b507f639b8a78f8609243f6127f34e
wood,dark,wood/combined/005,1,0.7660543322563171,2151bed8fa1538e2cb83f95ec78b322c49b507f639b8a78f8609243f6127f34e
wood,dark,wood/combined/006,1,0.8633861541748047,2151bed8fa1538e2cb83f95ec78b322c49b507f639b8a78f8609243f6127f34e
wood,dark,wood/combined/007,1,0.7073575258255005,2151bed8fa1538e2cb83f95ec78b322c49b507f639b8a78f8609243f6127f34e
wood,dark,wood/combined/008,1,0.7817786335945129,2151bed8fa1538e2cb83f95ec78b322c49b507f639b8a78f8609243f6127f34e
wood,dark,wood/combined/009,1,0.5821112990379333,2151bed8fa1538e2cb83f95ec78b322c49b507f639b8a78f8609243f6127f34e
wood,dark,wood/combined/010,1,0.7305511832237244,2151bed8fa1538e2cb83f95ec78b322c49b507f639b8a78f8609243f6127f34e
wood,dark,wood/good/000,0,0.7050240635871887,2151bed8fa1538e2cb83f95ec78b322c49b507f639b8a78f8609243f6127f34e
wood,dark,wood/good/001,0,0.6314070820808411,2151bed8fa1538e2cb83f95ec78b322c49b507f639b8a78f8609243f6127f34e
wood,dark,wood/good/002,0,0.7215709686279297,2151bed8fa1538e2cb83f95ec78b322c49b507f639b8a78f8609243f6127f34e
wood,dark,wood/good/003,0,0.6262587308883667,2151bed8fa1538e2cb83f95ec78b322c49b507f639b8a78f8609243f6127f34e
wood,dark,wood/good/004,0,0.5831266641616821,2151bed8fa1538e2cb83f95ec78b322c49b507f639b8a78f8609243f6127f34e
wood,dark,wood/good/005,0,0.7330583333969116,2151bed8fa1538e2cb83f95ec78b322c49b507f639b8a78f8609243f6127f34e
wood,dark,wood/good/006,0,0.7589536309242249,2151bed8fa1538e2cb83f95ec78b322c49b507f639b8a78f8609243f6127f34e
wood,dark,wood/good/007,0,0.6859638094902039,2151bed8fa1538e2cb83f95ec78b322c49b507f639b8a78f8609243f6127f34e
wood,dark,wood/good/008,0,0.5673432946205139,2151bed8fa1538e2cb83f95ec78b322c49b507f639b8a78f8609243f6127f34e
wood,dark,wood/good/009,0,0.6315315365791321,2151bed8fa1538e2cb83f95ec78b322c49b507f639b8a78f8609243f6127f34e
wood,dark,wood/good/010,0,0.6178280115127563,2151bed8fa1538e2cb83f95ec78b322c49b507f639b8a78f8609243f6127f34e
wood,dark,wood/good/011,0,0.7527708411216736,2151bed8fa1538e2cb83f95ec78b322c49b507f639b8a78f8609243f6127f34e
wood,dark,wood/good/012,0,0.6020689010620117,2151bed8fa1538e2cb83f95ec78b322c49b507f639b8a78f8609243f6127f34e
wood,dark,wood/good/013,0,0.661646842956543,2151bed8fa1538e2cb83f95ec78b322c49b507f639b8a78f8609243f6127f34e
wood,dark,wood/good/014,0,0.765252411365509,2151bed8fa1538e2cb83f95ec78b322c49b507f639b8a78f8609243f6127f34e
wood,dark,wood/good/015,0,0.7282012104988098,2151bed8fa1538e2cb83f95ec78b322c49b507f639b8a78f8609243f6127f34e
wood,dark,wood/good/016,0,0.7346718907356262,2151bed8fa1538e2cb83f95ec78b322c49b507f639b8a78f8609243f6127f34e
wood,dark,wood/good/017,0,0.6335029602050781,2151bed8fa1538e2cb83f95ec78b322c49b507f639b8a78f8609243f6127f34e
wood,dark,wood/good/018,0,0.6943273544311523,2151bed8fa1538e2cb83f95ec78b322c49b507f639b8a78f8609243f6127f34e
wood,dark,wood/hole/000,1,0.5577110648155212,2151bed8fa1538e2cb83f95ec78b322c49b507f639b8a78f8609243f6127f34e
wood,dark,wood/hole/001,1,0.6236536502838135,2151bed8fa1538e2cb83f95ec78b322c49b507f639b8a78f8609243f6127f34e
wood,dark,wood/hole/002,1,0.749474287033081,2151bed8fa1538e2cb83f95ec78b322c49b507f639b8a78f8609243f6127f34e
wood,dark,wood/hole/003,1,0.7000585794448853,2151bed8fa1538e2cb83f95ec78b322c49b507f639b8a78f8609243f6127f34e
wood,dark,wood/hole/004,1,0.6685637831687927,2151bed8fa1538e2cb83f95ec78b322c49b507f639b8a78f8609243f6127f34e
wood,dark,wood/hole/005,1,0.7115268111228943,2151bed8fa1538e2cb83f95ec78b322c49b507f639b8a78f8609243f6127f34e
wood,dark,wood/hole/006,1,0.6100018620491028,2151bed8fa1538e2cb83f95ec78b322c49b507f639b8a78f8609243f6127f34e
wood,dark,wood/hole/007,1,0.5935670137405396,2151bed8fa1538e2cb83f95ec78b322c49b507f639b8a78f8609243f6127f34e
wood,dark,wood/hole/008,1,0.5608612298965454,2151bed8fa1538e2cb83f95ec78b322c49b507f639b8a78f8609243f6127f34e
wood,dark,wood/hole/009,1,0.6050471663475037,2151bed8fa1538e2cb83f95ec78b322c49b507f639b8a78f8609243f6127f34e
wood,dark,wood/liquid/000,1,0.6921536922454834,2151bed8fa1538e2cb83f95ec78b322c49b507f639b8a78f8609243f6127f34e
wood,dark,wood/liquid/001,1,0.6776218414306641,2151bed8fa1538e2cb83f95ec78b322c49b507f639b8a78f8609243f6127f34e
wood,dark,wood/liquid/002,1,0.7284495234489441,2151bed8fa1538e2cb83f95ec78b322c49b507f639b8a78f8609243f6127f34e
wood,dark,wood/liquid/003,1,0.6816887855529785,2151bed8fa1538e2cb83f95ec78b322c49b507f639b8a78f8609243f6127f34e
wood,dark,wood/liquid/004,1,0.6226189136505127,2151bed8fa1538e2cb83f95ec78b322c49b507f639b8a78f8609243f6127f34e
wood,dark,wood/liquid/005,1,0.5755714774131775,2151bed8fa1538e2cb83f95ec78b322c49b507f639b8a78f8609243f6127f34e
wood,dark,wood/liquid/006,1,0.7000077962875366,2151bed8fa1538e2cb83f95ec78b322c49b507f639b8a78f8609243f6127f34e
wood,dark,wood/liquid/007,1,0.848793625831604,2151bed8fa1538e2cb83f95ec78b322c49b507f639b8a78f8609243f6127f34e
wood,dark,wood/liquid/008,1,0.6427150368690491,2151bed8fa1538e2cb83f95ec78b322c49b507f639b8a78f8609243f6127f34e
wood,dark,wood/liquid/009,1,0.6024047136306763,2151bed8fa1538e2cb83f95ec78b322c49b507f639b8a78f8609243f6127f34e
wood,dark,wood/scratch/000,1,0.5759633183479309,2151bed8fa1538e2cb83f95ec78b322c49b507f639b8a78f8609243f6127f34e
wood,dark,wood/scratch/001,1,0.5957344770431519,2151bed8fa1538e2cb83f95ec78b322c49b507f639b8a78f8609243f6127f34e
wood,dark,wood/scratch/002,1,0.5824459195137024,2151bed8fa1538e2cb83f95ec78b322c49b507f639b8a78f8609243f6127f34e
wood,dark,wood/scratch/003,1,0.6812589168548584,2151bed8fa1538e2cb83f95ec78b322c49b507f639b8a78f8609243f6127f34e
wood,dark,wood/scratch/004,1,0.7620505094528198,2151bed8fa1538e2cb83f95ec78b322c49b507f639b8a78f8609243f6127f34e
wood,dark,wood/scratch/005,1,0.6489158272743225,2151bed8fa1538e2cb83f95ec78b322c49b507f639b8a78f8609243f6127f34e
wood,dark,wood/scratch/006,1,0.6315948367118835,2151bed8fa1538e2cb83f95ec78b322c49b507f639b8a78f8609243f6127f34e
wood,dark,wood/scratch/007,1,0.7011496424674988,2151bed8fa1538e2cb83f95ec78b322c49b507f639b8a78f8609243f6127f34e
wood,dark,wood/scratch/008,1,0.8917555809020996,2151bed8fa1538e2cb83f95ec78b322c49b507f639b8a78f8609243f6127f34e
wood,dark,wood/scratch/009,1,0.6799963116645813,2151bed8fa1538e2cb83f95ec78b322c49b507f639b8a78f8609243f6127f34e
wood,dark,wood/scratch/010,1,0.6353050470352173,2151bed8fa1538e2cb83f95ec78b322c49b507f639b8a78f8609243f6127f34e
wood,dark,wood/scratch/011,1,0.797997236251831,2151bed8fa1538e2cb83f95ec78b322c49b507f639b8a78f8609243f6127f34e
wood,dark,wood/scratch/012,1,0.7174027562141418,2151bed8fa1538e2cb83f95ec78b322c49b507f639b8a78f8609243f6127f34e
wood,dark,wood/scratch/013,1,0.77178555727005,2151bed8fa1538e2cb83f95ec78b322c49b507f639b8a78f8609243f6127f34e
wood,dark,wood/scratch/014,1,0.5727927684783936,2151bed8fa1538e2cb83f95ec78b322c49b507f639b8a78f8609243f6127f34e
wood,dark,wood/scratch/015,1,0.9246487617492676,2151bed8fa1538e2cb83f95ec78b322c49b507f639b8a78f8609243f6127f34e
wood,dark,wood/scratch/016,1,0.7475427985191345,2151bed8fa1538e2cb83f95ec78b322c49b507f639b8a78f8609243f6127f34e
wood,dark,wood/scratch/017,1,0.8089988827705383,2151bed8fa1538e2cb83f95ec78b322c49b507f639b8a78f8609243f6127f34e
wood,dark,wood/scratch/018,1,0.6014713644981384,2151bed8fa1538e2cb83f95ec78b322c49b507f639b8a78f8609243f6127f34e
wood,dark,wood/scratch/019,1,0.6255494356155396,2151bed8fa1538e2cb83f95ec78b322c49b507f639b8a78f8609243f6127f34e
wood,dark,wood/scratch/020,1,0.610741913318634,2151bed8fa1538e2cb83f95ec78b322c49b507f639b8a78f8609243f6127f34e
wood,mirnetv2,wood/color/000,1,0.5399968028068542,2151bed8fa1538e2cb83f95ec78b322c49b507f639b8a78f8609243f6127f34e
wood,mirnetv2,wood/color/001,1,0.5968889594078064,2151bed8fa1538e2cb83f95ec78b322c49b507f639b8a78f8609243f6127f34e
wood,mirnetv2,wood/color/002,1,0.7218412160873413,2151bed8fa1538e2cb83f95ec78b322c49b507f639b8a78f8609243f6127f34e
wood,mirnetv2,wood/color/003,1,0.7329883575439453,2151bed8fa1538e2cb83f95ec78b322c49b507f639b8a78f8609243f6127f34e
wood,mirnetv2,wood/color/004,1,0.5463144779205322,2151bed8fa1538e2cb83f95ec78b322c49b507f639b8a78f8609243f6127f34e
wood,mirnetv2,wood/color/005,1,0.6656174063682556,2151bed8fa1538e2cb83f95ec78b322c49b507f639b8a78f8609243f6127f34e
wood,mirnetv2,wood/color/006,1,0.777195394039154,2151bed8fa1538e2cb83f95ec78b322c49b507f639b8a78f8609243f6127f34e
wood,mirnetv2,wood/color/007,1,0.6165295243263245,2151bed8fa1538e2cb83f95ec78b322c49b507f639b8a78f8609243f6127f34e
wood,mirnetv2,wood/combined/000,1,0.7075234651565552,2151bed8fa1538e2cb83f95ec78b322c49b507f639b8a78f8609243f6127f34e
wood,mirnetv2,wood/combined/001,1,0.6125587224960327,2151bed8fa1538e2cb83f95ec78b322c49b507f639b8a78f8609243f6127f34e
wood,mirnetv2,wood/combined/002,1,0.6535928845405579,2151bed8fa1538e2cb83f95ec78b322c49b507f639b8a78f8609243f6127f34e
wood,mirnetv2,wood/combined/003,1,0.782118022441864,2151bed8fa1538e2cb83f95ec78b322c49b507f639b8a78f8609243f6127f34e
wood,mirnetv2,wood/combined/004,1,0.8745343089103699,2151bed8fa1538e2cb83f95ec78b322c49b507f639b8a78f8609243f6127f34e
wood,mirnetv2,wood/combined/005,1,0.7672268748283386,2151bed8fa1538e2cb83f95ec78b322c49b507f639b8a78f8609243f6127f34e
wood,mirnetv2,wood/combined/006,1,0.846855878829956,2151bed8fa1538e2cb83f95ec78b322c49b507f639b8a78f8609243f6127f34e
wood,mirnetv2,wood/combined/007,1,0.7237088084220886,2151bed8fa1538e2cb83f95ec78b322c49b507f639b8a78f8609243f6127f34e
wood,mirnetv2,wood/combined/008,1,0.6631735563278198,2151bed8fa1538e2cb83f95ec78b322c49b507f639b8a78f8609243f6127f34e
wood,mirnetv2,wood/combined/009,1,0.48839762806892395,2151bed8fa1538e2cb83f95ec78b322c49b507f639b8a78f8609243f6127f34e
wood,mirnetv2,wood/combined/010,1,0.8314191699028015,2151bed8fa1538e2cb83f95ec78b322c49b507f639b8a78f8609243f6127f34e
wood,mirnetv2,wood/good/000,0,0.6123897433280945,2151bed8fa1538e2cb83f95ec78b322c49b507f639b8a78f8609243f6127f34e
wood,mirnetv2,wood/good/001,0,0.5209746956825256,2151bed8fa1538e2cb83f95ec78b322c49b507f639b8a78f8609243f6127f34e
wood,mirnetv2,wood/good/002,0,0.6351916193962097,2151bed8fa1538e2cb83f95ec78b322c49b507f639b8a78f8609243f6127f34e
wood,mirnetv2,wood/good/003,0,0.513861894607544,2151bed8fa1538e2cb83f95ec78b322c49b507f639b8a78f8609243f6127f34e
wood,mirnetv2,wood/good/004,0,0.5919417142868042,2151bed8fa1538e2cb83f95ec78b322c49b507f639b8a78f8609243f6127f34e
wood,mirnetv2,wood/good/005,0,0.5739840269088745,2151bed8fa1538e2cb83f95ec78b322c49b507f639b8a78f8609243f6127f34e
wood,mirnetv2,wood/good/006,0,0.6929364204406738,2151bed8fa1538e2cb83f95ec78b322c49b507f639b8a78f8609243f6127f34e
wood,mirnetv2,wood/good/007,0,0.610602617263794,2151bed8fa1538e2cb83f95ec78b322c49b507f639b8a78f8609243f6127f34e
wood,mirnetv2,wood/good/008,0,0.5141736268997192,2151bed8fa1538e2cb83f95ec78b322c49b507f639b8a78f8609243f6127f34e
wood,mirnetv2,wood/good/009,0,0.6198635697364807,2151bed8fa1538e2cb83f95ec78b322c49b507f639b8a78f8609243f6127f34e
wood,mirnetv2,wood/good/010,0,0.5353295803070068,2151bed8fa1538e2cb83f95ec78b322c49b507f639b8a78f8609243f6127f34e
wood,mirnetv2,wood/good/011,0,0.7194042801856995,2151bed8fa1538e2cb83f95ec78b322c49b507f639b8a78f8609243f6127f34e
wood,mirnetv2,wood/good/012,0,0.559013843536377,2151bed8fa1538e2cb83f95ec78b322c49b507f639b8a78f8609243f6127f34e
wood,mirnetv2,wood/good/013,0,0.6181739568710327,2151bed8fa1538e2cb83f95ec78b322c49b507f639b8a78f8609243f6127f34e
wood,mirnetv2,wood/good/014,0,0.7466306090354919,2151bed8fa1538e2cb83f95ec78b322c49b507f639b8a78f8609243f6127f34e
wood,mirnetv2,wood/good/015,0,0.6431206464767456,2151bed8fa1538e2cb83f95ec78b322c49b507f639b8a78f8609243f6127f34e
wood,mirnetv2,wood/good/016,0,0.6462335586547852,2151bed8fa1538e2cb83f95ec78b322c49b507f639b8a78f8609243f6127f34e
wood,mirnetv2,wood/good/017,0,0.6232815980911255,2151bed8fa1538e2cb83f95ec78b322c49b507f639b8a78f8609243f6127f34e
wood,mirnetv2,wood/good/018,0,0.613762617111206,2151bed8fa1538e2cb83f95ec78b322c49b507f639b8a78f8609243f6127f34e
wood,mirnetv2,wood/hole/000,1,0.46822988986968994,2151bed8fa1538e2cb83f95ec78b322c49b507f639b8a78f8609243f6127f34e
wood,mirnetv2,wood/hole/001,1,0.5746796131134033,2151bed8fa1538e2cb83f95ec78b322c49b507f639b8a78f8609243f6127f34e
wood,mirnetv2,wood/hole/002,1,0.7350656390190125,2151bed8fa1538e2cb83f95ec78b322c49b507f639b8a78f8609243f6127f34e
wood,mirnetv2,wood/hole/003,1,0.7462291717529297,2151bed8fa1538e2cb83f95ec78b322c49b507f639b8a78f8609243f6127f34e
wood,mirnetv2,wood/hole/004,1,0.6368995308876038,2151bed8fa1538e2cb83f95ec78b322c49b507f639b8a78f8609243f6127f34e
wood,mirnetv2,wood/hole/005,1,0.613913357257843,2151bed8fa1538e2cb83f95ec78b322c49b507f639b8a78f8609243f6127f34e
wood,mirnetv2,wood/hole/006,1,0.5934578776359558,2151bed8fa1538e2cb83f95ec78b322c49b507f639b8a78f8609243f6127f34e
wood,mirnetv2,wood/hole/007,1,0.5691919326782227,2151bed8fa1538e2cb83f95ec78b322c49b507f639b8a78f8609243f6127f34e
wood,mirnetv2,wood/hole/008,1,0.5652139782905579,2151bed8fa1538e2cb83f95ec78b322c49b507f639b8a78f8609243f6127f34e
wood,mirnetv2,wood/hole/009,1,0.5281537771224976,2151bed8fa1538e2cb83f95ec78b322c49b507f639b8a78f8609243f6127f34e
wood,mirnetv2,wood/liquid/000,1,0.6158083081245422,2151bed8fa1538e2cb83f95ec78b322c49b507f639b8a78f8609243f6127f34e
wood,mirnetv2,wood/liquid/001,1,0.646675169467926,2151bed8fa1538e2cb83f95ec78b322c49b507f639b8a78f8609243f6127f34e
wood,mirnetv2,wood/liquid/002,1,0.5121193528175354,2151bed8fa1538e2cb83f95ec78b322c49b507f639b8a78f8609243f6127f34e
wood,mirnetv2,wood/liquid/003,1,0.5750369429588318,2151bed8fa1538e2cb83f95ec78b322c49b507f639b8a78f8609243f6127f34e
wood,mirnetv2,wood/liquid/004,1,0.5203325152397156,2151bed8fa1538e2cb83f95ec78b322c49b507f639b8a78f8609243f6127f34e
wood,mirnetv2,wood/liquid/005,1,0.5913749933242798,2151bed8fa1538e2cb83f95ec78b322c49b507f639b8a78f8609243f6127f34e
wood,mirnetv2,wood/liquid/006,1,0.740311324596405,2151bed8fa1538e2cb83f95ec78b322c49b507f639b8a78f8609243f6127f34e
wood,mirnetv2,wood/liquid/007,1,0.8626130819320679,2151bed8fa1538e2cb83f95ec78b322c49b507f639b8a78f8609243f6127f34e
wood,mirnetv2,wood/liquid/008,1,0.5933240652084351,2151bed8fa1538e2cb83f95ec78b322c49b507f639b8a78f8609243f6127f34e
wood,mirnetv2,wood/liquid/009,1,0.5888110995292664,2151bed8fa1538e2cb83f95ec78b322c49b507f639b8a78f8609243f6127f34e
wood,mirnetv2,wood/scratch/000,1,0.5327233672142029,2151bed8fa1538e2cb83f95ec78b322c49b507f639b8a78f8609243f6127f34e
wood,mirnetv2,wood/scratch/001,1,0.5794633626937866,2151bed8fa1538e2cb83f95ec78b322c49b507f639b8a78f8609243f6127f34e
wood,mirnetv2,wood/scratch/002,1,0.48524242639541626,2151bed8fa1538e2cb83f95ec78b322c49b507f639b8a78f8609243f6127f34e
wood,mirnetv2,wood/scratch/003,1,0.6531299948692322,2151bed8fa1538e2cb83f95ec78b322c49b507f639b8a78f8609243f6127f34e
wood,mirnetv2,wood/scratch/004,1,0.6208898425102234,2151bed8fa1538e2cb83f95ec78b322c49b507f639b8a78f8609243f6127f34e
wood,mirnetv2,wood/scratch/005,1,0.6391149759292603,2151bed8fa1538e2cb83f95ec78b322c49b507f639b8a78f8609243f6127f34e
wood,mirnetv2,wood/scratch/006,1,0.5511442422866821,2151bed8fa1538e2cb83f95ec78b322c49b507f639b8a78f8609243f6127f34e
wood,mirnetv2,wood/scratch/007,1,0.6668617129325867,2151bed8fa1538e2cb83f95ec78b322c49b507f639b8a78f8609243f6127f34e
wood,mirnetv2,wood/scratch/008,1,0.73835688829422,2151bed8fa1538e2cb83f95ec78b322c49b507f639b8a78f8609243f6127f34e
wood,mirnetv2,wood/scratch/009,1,0.5610456466674805,2151bed8fa1538e2cb83f95ec78b322c49b507f639b8a78f8609243f6127f34e
wood,mirnetv2,wood/scratch/010,1,0.5624687671661377,2151bed8fa1538e2cb83f95ec78b322c49b507f639b8a78f8609243f6127f34e
wood,mirnetv2,wood/scratch/011,1,0.7472839951515198,2151bed8fa1538e2cb83f95ec78b322c49b507f639b8a78f8609243f6127f34e
wood,mirnetv2,wood/scratch/012,1,0.656561017036438,2151bed8fa1538e2cb83f95ec78b322c49b507f639b8a78f8609243f6127f34e
wood,mirnetv2,wood/scratch/013,1,0.7893461585044861,2151bed8fa1538e2cb83f95ec78b322c49b507f639b8a78f8609243f6127f34e
wood,mirnetv2,wood/scratch/014,1,0.5683463215827942,2151bed8fa1538e2cb83f95ec78b322c49b507f639b8a78f8609243f6127f34e
wood,mirnetv2,wood/scratch/015,1,0.7245309948921204,2151bed8fa1538e2cb83f95ec78b322c49b507f639b8a78f8609243f6127f34e
wood,mirnetv2,wood/scratch/016,1,0.6629864573478699,2151bed8fa1538e2cb83f95ec78b322c49b507f639b8a78f8609243f6127f34e
wood,mirnetv2,wood/scratch/017,1,0.6301112771034241,2151bed8fa1538e2cb83f95ec78b322c49b507f639b8a78f8609243f6127f34e
wood,mirnetv2,wood/scratch/018,1,0.5155214071273804,2151bed8fa1538e2cb83f95ec78b322c49b507f639b8a78f8609243f6127f34e
wood,mirnetv2,wood/scratch/019,1,0.5934919118881226,2151bed8fa1538e2cb83f95ec78b322c49b507f639b8a78f8609243f6127f34e
wood,mirnetv2,wood/scratch/020,1,0.505229651927948,2151bed8fa1538e2cb83f95ec78b322c49b507f639b8a78f8609243f6127f34e
wood,icra,wood/color/000,1,0.32996681332588196,2151bed8fa1538e2cb83f95ec78b322c49b507f639b8a78f8609243f6127f34e
wood,icra,wood/color/001,1,0.4135439693927765,2151bed8fa1538e2cb83f95ec78b322c49b507f639b8a78f8609243f6127f34e
wood,icra,wood/color/002,1,0.3253759741783142,2151bed8fa1538e2cb83f95ec78b322c49b507f639b8a78f8609243f6127f34e
wood,icra,wood/color/003,1,0.5280762910842896,2151bed8fa1538e2cb83f95ec78b322c49b507f639b8a78f8609243f6127f34e
wood,icra,wood/color/004,1,0.3061402142047882,2151bed8fa1538e2cb83f95ec78b322c49b507f639b8a78f8609243f6127f34e
wood,icra,wood/color/005,1,0.41593512892723083,2151bed8fa1538e2cb83f95ec78b322c49b507f639b8a78f8609243f6127f34e
wood,icra,wood/color/006,1,0.38150274753570557,2151bed8fa1538e2cb83f95ec78b322c49b507f639b8a78f8609243f6127f34e
wood,icra,wood/color/007,1,0.37904608249664307,2151bed8fa1538e2cb83f95ec78b322c49b507f639b8a78f8609243f6127f34e
wood,icra,wood/combined/000,1,0.39035698771476746,2151bed8fa1538e2cb83f95ec78b322c49b507f639b8a78f8609243f6127f34e
wood,icra,wood/combined/001,1,0.3732978403568268,2151bed8fa1538e2cb83f95ec78b322c49b507f639b8a78f8609243f6127f34e
wood,icra,wood/combined/002,1,0.46308407187461853,2151bed8fa1538e2cb83f95ec78b322c49b507f639b8a78f8609243f6127f34e
wood,icra,wood/combined/003,1,0.48941686749458313,2151bed8fa1538e2cb83f95ec78b322c49b507f639b8a78f8609243f6127f34e
wood,icra,wood/combined/004,1,0.38820236921310425,2151bed8fa1538e2cb83f95ec78b322c49b507f639b8a78f8609243f6127f34e
wood,icra,wood/combined/005,1,0.361896276473999,2151bed8fa1538e2cb83f95ec78b322c49b507f639b8a78f8609243f6127f34e
wood,icra,wood/combined/006,1,0.4988868236541748,2151bed8fa1538e2cb83f95ec78b322c49b507f639b8a78f8609243f6127f34e
wood,icra,wood/combined/007,1,0.31101423501968384,2151bed8fa1538e2cb83f95ec78b322c49b507f639b8a78f8609243f6127f34e
wood,icra,wood/combined/008,1,0.5267738103866577,2151bed8fa1538e2cb83f95ec78b322c49b507f639b8a78f8609243f6127f34e
wood,icra,wood/combined/009,1,0.3197402060031891,2151bed8fa1538e2cb83f95ec78b322c49b507f639b8a78f8609243f6127f34e
wood,icra,wood/combined/010,1,0.35164737701416016,2151bed8fa1538e2cb83f95ec78b322c49b507f639b8a78f8609243f6127f34e
wood,icra,wood/good/000,0,0.3917876183986664,2151bed8fa1538e2cb83f95ec78b322c49b507f639b8a78f8609243f6127f34e
wood,icra,wood/good/001,0,0.4139663279056549,2151bed8fa1538e2cb83f95ec78b322c49b507f639b8a78f8609243f6127f34e
wood,icra,wood/good/002,0,0.3563825488090515,2151bed8fa1538e2cb83f95ec78b322c49b507f639b8a78f8609243f6127f34e
wood,icra,wood/good/003,0,0.38617801666259766,2151bed8fa1538e2cb83f95ec78b322c49b507f639b8a78f8609243f6127f34e
wood,icra,wood/good/004,0,0.356802761554718,2151bed8fa1538e2cb83f95ec78b322c49b507f639b8a78f8609243f6127f34e
wood,icra,wood/good/005,0,0.3736006021499634,2151bed8fa1538e2cb83f95ec78b322c49b507f639b8a78f8609243f6127f34e
wood,icra,wood/good/006,0,0.39993152022361755,2151bed8fa1538e2cb83f95ec78b322c49b507f639b8a78f8609243f6127f34e
wood,icra,wood/good/007,0,0.40566501021385193,2151bed8fa1538e2cb83f95ec78b322c49b507f639b8a78f8609243f6127f34e
wood,icra,wood/good/008,0,0.38676226139068604,2151bed8fa1538e2cb83f95ec78b322c49b507f639b8a78f8609243f6127f34e
wood,icra,wood/good/009,0,0.3857191503047943,2151bed8fa1538e2cb83f95ec78b322c49b507f639b8a78f8609243f6127f34e
wood,icra,wood/good/010,0,0.3913099467754364,2151bed8fa1538e2cb83f95ec78b322c49b507f639b8a78f8609243f6127f34e
wood,icra,wood/good/011,0,0.38749516010284424,2151bed8fa1538e2cb83f95ec78b322c49b507f639b8a78f8609243f6127f34e
wood,icra,wood/good/012,0,0.3701762855052948,2151bed8fa1538e2cb83f95ec78b322c49b507f639b8a78f8609243f6127f34e
wood,icra,wood/good/013,0,0.3431256115436554,2151bed8fa1538e2cb83f95ec78b322c49b507f639b8a78f8609243f6127f34e
wood,icra,wood/good/014,0,0.30650946497917175,2151bed8fa1538e2cb83f95ec78b322c49b507f639b8a78f8609243f6127f34e
wood,icra,wood/good/015,0,0.3626357913017273,2151bed8fa1538e2cb83f95ec78b322c49b507f639b8a78f8609243f6127f34e
wood,icra,wood/good/016,0,0.33194008469581604,2151bed8fa1538e2cb83f95ec78b322c49b507f639b8a78f8609243f6127f34e
wood,icra,wood/good/017,0,0.35450294613838196,2151bed8fa1538e2cb83f95ec78b322c49b507f639b8a78f8609243f6127f34e
wood,icra,wood/good/018,0,0.3083188831806183,2151bed8fa1538e2cb83f95ec78b322c49b507f639b8a78f8609243f6127f34e
wood,icra,wood/hole/000,1,0.3939647376537323,2151bed8fa1538e2cb83f95ec78b322c49b507f639b8a78f8609243f6127f34e
wood,icra,wood/hole/001,1,0.3880887031555176,2151bed8fa1538e2cb83f95ec78b322c49b507f639b8a78f8609243f6127f34e
wood,icra,wood/hole/002,1,0.34955689311027527,2151bed8fa1538e2cb83f95ec78b322c49b507f639b8a78f8609243f6127f34e
wood,icra,wood/hole/003,1,0.33675023913383484,2151bed8fa1538e2cb83f95ec78b322c49b507f639b8a78f8609243f6127f34e
wood,icra,wood/hole/004,1,0.35598114132881165,2151bed8fa1538e2cb83f95ec78b322c49b507f639b8a78f8609243f6127f34e
wood,icra,wood/hole/005,1,0.39051058888435364,2151bed8fa1538e2cb83f95ec78b322c49b507f639b8a78f8609243f6127f34e
wood,icra,wood/hole/006,1,0.30864235758781433,2151bed8fa1538e2cb83f95ec78b322c49b507f639b8a78f8609243f6127f34e
wood,icra,wood/hole/007,1,0.29901689291000366,2151bed8fa1538e2cb83f95ec78b322c49b507f639b8a78f8609243f6127f34e
wood,icra,wood/hole/008,1,0.2523960769176483,2151bed8fa1538e2cb83f95ec78b322c49b507f639b8a78f8609243f6127f34e
wood,icra,wood/hole/009,1,0.4040263891220093,2151bed8fa1538e2cb83f95ec78b322c49b507f639b8a78f8609243f6127f34e
wood,icra,wood/liquid/000,1,0.37243252992630005,2151bed8fa1538e2cb83f95ec78b322c49b507f639b8a78f8609243f6127f34e
wood,icra,wood/liquid/001,1,0.4949100911617279,2151bed8fa1538e2cb83f95ec78b322c49b507f639b8a78f8609243f6127f34e
wood,icra,wood/liquid/002,1,0.38235998153686523,2151bed8fa1538e2cb83f95ec78b322c49b507f639b8a78f8609243f6127f34e
wood,icra,wood/liquid/003,1,0.40796706080436707,2151bed8fa1538e2cb83f95ec78b322c49b507f639b8a78f8609243f6127f34e
wood,icra,wood/liquid/004,1,0.3358400762081146,2151bed8fa1538e2cb83f95ec78b322c49b507f639b8a78f8609243f6127f34e
wood,icra,wood/liquid/005,1,0.4066861867904663,2151bed8fa1538e2cb83f95ec78b322c49b507f639b8a78f8609243f6127f34e
wood,icra,wood/liquid/006,1,0.42052146792411804,2151bed8fa1538e2cb83f95ec78b322c49b507f639b8a78f8609243f6127f34e
wood,icra,wood/liquid/007,1,0.46779027581214905,2151bed8fa1538e2cb83f95ec78b322c49b507f639b8a78f8609243f6127f34e
wood,icra,wood/liquid/008,1,0.3955276906490326,2151bed8fa1538e2cb83f95ec78b322c49b507f639b8a78f8609243f6127f34e
wood,icra,wood/liquid/009,1,0.39588814973831177,2151bed8fa1538e2cb83f95ec78b322c49b507f639b8a78f8609243f6127f34e
wood,icra,wood/scratch/000,1,0.38034412264823914,2151bed8fa1538e2cb83f95ec78b322c49b507f639b8a78f8609243f6127f34e
wood,icra,wood/scratch/001,1,0.4268207550048828,2151bed8fa1538e2cb83f95ec78b322c49b507f639b8a78f8609243f6127f34e
wood,icra,wood/scratch/002,1,0.38590842485427856,2151bed8fa1538e2cb83f95ec78b322c49b507f639b8a78f8609243f6127f34e
wood,icra,wood/scratch/003,1,0.3908580541610718,2151bed8fa1538e2cb83f95ec78b322c49b507f639b8a78f8609243f6127f34e
wood,icra,wood/scratch/004,1,0.4179476201534271,2151bed8fa1538e2cb83f95ec78b322c49b507f639b8a78f8609243f6127f34e
wood,icra,wood/scratch/005,1,0.311592161655426,2151bed8fa1538e2cb83f95ec78b322c49b507f639b8a78f8609243f6127f34e
wood,icra,wood/scratch/006,1,0.45183253288269043,2151bed8fa1538e2cb83f95ec78b322c49b507f639b8a78f8609243f6127f34e
wood,icra,wood/scratch/007,1,0.5119438171386719,2151bed8fa1538e2cb83f95ec78b322c49b507f639b8a78f8609243f6127f34e
wood,icra,wood/scratch/008,1,0.4951392710208893,2151bed8fa1538e2cb83f95ec78b322c49b507f639b8a78f8609243f6127f34e
wood,icra,wood/scratch/009,1,0.4043176472187042,2151bed8fa1538e2cb83f95ec78b322c49b507f639b8a78f8609243f6127f34e
wood,icra,wood/scratch/010,1,0.33240947127342224,2151bed8fa1538e2cb83f95ec78b322c49b507f639b8a78f8609243f6127f34e
wood,icra,wood/scratch/011,1,0.3504972457885742,2151bed8fa1538e2cb83f95ec78b322c49b507f639b8a78f8609243f6127f34e
wood,icra,wood/scratch/012,1,0.41797664761543274,2151bed8fa1538e2cb83f95ec78b322c49b507f639b8a78f8609243f6127f34e
wood,icra,wood/scratch/013,1,0.3797134459018707,2151bed8fa1538e2cb83f95ec78b322c49b507f639b8a78f8609243f6127f34e
wood,icra,wood/scratch/014,1,0.3313942849636078,2151bed8fa1538e2cb83f95ec78b322c49b507f639b8a78f8609243f6127f34e
wood,icra,wood/scratch/015,1,0.47380712628364563,2151bed8fa1538e2cb83f95ec78b322c49b507f639b8a78f8609243f6127f34e
wood,icra,wood/scratch/016,1,0.39854806661605835,2151bed8fa1538e2cb83f95ec78b322c49b507f639b8a78f8609243f6127f34e
wood,icra,wood/scratch/017,1,0.3912913501262665,2151bed8fa1538e2cb83f95ec78b322c49b507f639b8a78f8609243f6127f34e
wood,icra,wood/scratch/018,1,0.33964619040489197,2151bed8fa1538e2cb83f95ec78b322c49b507f639b8a78f8609243f6127f34e
wood,icra,wood/scratch/019,1,0.31208232045173645,2151bed8fa1538e2cb83f95ec78b322c49b507f639b8a78f8609243f6127f34e
wood,icra,wood/scratch/020,1,0.3454524874687195,2151bed8fa1538e2cb83f95ec78b322c49b507f639b8a78f8609243f6127f34e
zipper,dark,zipper/broken_teeth/000,1,0.7500975131988525,a581fce1e3c236826600d7aa3437cdf92f99a3480c2b52a8cb11c1966f2e5ef8
zipper,dark,zipper/broken_teeth/001,1,1.0026228427886963,a581fce1e3c236826600d7aa3437cdf92f99a3480c2b52a8cb11c1966f2e5ef8
zipper,dark,zipper/broken_teeth/002,1,1.034914255142212,a581fce1e3c236826600d7aa3437cdf92f99a3480c2b52a8cb11c1966f2e5ef8
zipper,dark,zipper/broken_teeth/003,1,0.8017165660858154,a581fce1e3c236826600d7aa3437cdf92f99a3480c2b52a8cb11c1966f2e5ef8
zipper,dark,zipper/broken_teeth/004,1,0.7661170363426208,a581fce1e3c236826600d7aa3437cdf92f99a3480c2b52a8cb11c1966f2e5ef8
zipper,dark,zipper/broken_teeth/005,1,0.9731274247169495,a581fce1e3c236826600d7aa3437cdf92f99a3480c2b52a8cb11c1966f2e5ef8
zipper,dark,zipper/broken_teeth/006,1,1.170553207397461,a581fce1e3c236826600d7aa3437cdf92f99a3480c2b52a8cb11c1966f2e5ef8
zipper,dark,zipper/broken_teeth/007,1,0.9153999090194702,a581fce1e3c236826600d7aa3437cdf92f99a3480c2b52a8cb11c1966f2e5ef8
zipper,dark,zipper/broken_teeth/008,1,1.1065667867660522,a581fce1e3c236826600d7aa3437cdf92f99a3480c2b52a8cb11c1966f2e5ef8
zipper,dark,zipper/broken_teeth/009,1,0.9482407569885254,a581fce1e3c236826600d7aa3437cdf92f99a3480c2b52a8cb11c1966f2e5ef8
zipper,dark,zipper/broken_teeth/010,1,1.087777853012085,a581fce1e3c236826600d7aa3437cdf92f99a3480c2b52a8cb11c1966f2e5ef8
zipper,dark,zipper/broken_teeth/011,1,1.0974385738372803,a581fce1e3c236826600d7aa3437cdf92f99a3480c2b52a8cb11c1966f2e5ef8
zipper,dark,zipper/broken_teeth/012,1,1.1461803913116455,a581fce1e3c236826600d7aa3437cdf92f99a3480c2b52a8cb11c1966f2e5ef8
zipper,dark,zipper/broken_teeth/013,1,1.1169129610061646,a581fce1e3c236826600d7aa3437cdf92f99a3480c2b52a8cb11c1966f2e5ef8
zipper,dark,zipper/broken_teeth/014,1,1.1411828994750977,a581fce1e3c236826600d7aa3437cdf92f99a3480c2b52a8cb11c1966f2e5ef8
zipper,dark,zipper/broken_teeth/015,1,1.0825631618499756,a581fce1e3c236826600d7aa3437cdf92f99a3480c2b52a8cb11c1966f2e5ef8
zipper,dark,zipper/broken_teeth/016,1,0.9667415618896484,a581fce1e3c236826600d7aa3437cdf92f99a3480c2b52a8cb11c1966f2e5ef8
zipper,dark,zipper/broken_teeth/017,1,0.6902204155921936,a581fce1e3c236826600d7aa3437cdf92f99a3480c2b52a8cb11c1966f2e5ef8
zipper,dark,zipper/broken_teeth/018,1,1.1537953615188599,a581fce1e3c236826600d7aa3437cdf92f99a3480c2b52a8cb11c1966f2e5ef8
zipper,dark,zipper/combined/000,1,1.1593942642211914,a581fce1e3c236826600d7aa3437cdf92f99a3480c2b52a8cb11c1966f2e5ef8
zipper,dark,zipper/combined/001,1,0.9567504525184631,a581fce1e3c236826600d7aa3437cdf92f99a3480c2b52a8cb11c1966f2e5ef8
zipper,dark,zipper/combined/002,1,1.1290020942687988,a581fce1e3c236826600d7aa3437cdf92f99a3480c2b52a8cb11c1966f2e5ef8
zipper,dark,zipper/combined/003,1,1.0196328163146973,a581fce1e3c236826600d7aa3437cdf92f99a3480c2b52a8cb11c1966f2e5ef8
zipper,dark,zipper/combined/004,1,0.7741132378578186,a581fce1e3c236826600d7aa3437cdf92f99a3480c2b52a8cb11c1966f2e5ef8
zipper,dark,zipper/combined/005,1,1.1277681589126587,a581fce1e3c236826600d7aa3437cdf92f99a3480c2b52a8cb11c1966f2e5ef8
zipper,dark,zipper/combined/006,1,1.0967247486114502,a581fce1e3c236826600d7aa3437cdf92f99a3480c2b52a8cb11c1966f2e5ef8
zipper,dark,zipper/combined/007,1,1.0711311101913452,a581fce1e3c236826600d7aa3437cdf92f99a3480c2b52a8cb11c1966f2e5ef8
zipper,dark,zipper/combined/008,1,0.6791388392448425,a581fce1e3c236826600d7aa3437cdf92f99a3480c2b52a8cb11c1966f2e5ef8
zipper,dark,zipper/combined/009,1,0.8397949934005737,a581fce1e3c236826600d7aa3437cdf92f99a3480c2b52a8cb11c1966f2e5ef8
zipper,dark,zipper/combined/010,1,0.7821597456932068,a581fce1e3c236826600d7aa3437cdf92f99a3480c2b52a8cb11c1966f2e5ef8
zipper,dark,zipper/combined/011,1,1.1220570802688599,a581fce1e3c236826600d7aa3437cdf92f99a3480c2b52a8cb11c1966f2e5ef8
zipper,dark,zipper/combined/012,1,0.7721933126449585,a581fce1e3c236826600d7aa3437cdf92f99a3480c2b52a8cb11c1966f2e5ef8
zipper,dark,zipper/combined/013,1,0.7772437334060669,a581fce1e3c236826600d7aa3437cdf92f99a3480c2b52a8cb11c1966f2e5ef8
zipper,dark,zipper/combined/014,1,1.1512328386306763,a581fce1e3c236826600d7aa3437cdf92f99a3480c2b52a8cb11c1966f2e5ef8
zipper,dark,zipper/combined/015,1,1.1308534145355225,a581fce1e3c236826600d7aa3437cdf92f99a3480c2b52a8cb11c1966f2e5ef8
zipper,dark,zipper/fabric_border/000,1,1.128092885017395,a581fce1e3c236826600d7aa3437cdf92f99a3480c2b52a8cb11c1966f2e5ef8
zipper,dark,zipper/fabric_border/001,1,0.9785628914833069,a581fce1e3c236826600d7aa3437cdf92f99a3480c2b52a8cb11c1966f2e5ef8
zipper,dark,zipper/fabric_border/002,1,0.9521026611328125,a581fce1e3c236826600d7aa3437cdf92f99a3480c2b52a8cb11c1966f2e5ef8
zipper,dark,zipper/fabric_border/003,1,0.6254720687866211,a581fce1e3c236826600d7aa3437cdf92f99a3480c2b52a8cb11c1966f2e5ef8
zipper,dark,zipper/fabric_border/004,1,0.793263852596283,a581fce1e3c236826600d7aa3437cdf92f99a3480c2b52a8cb11c1966f2e5ef8
zipper,dark,zipper/fabric_border/005,1,1.1711753606796265,a581fce1e3c236826600d7aa3437cdf92f99a3480c2b52a8cb11c1966f2e5ef8
zipper,dark,zipper/fabric_border/006,1,0.9403774738311768,a581fce1e3c236826600d7aa3437cdf92f99a3480c2b52a8cb11c1966f2e5ef8
zipper,dark,zipper/fabric_border/007,1,0.8616506457328796,a581fce1e3c236826600d7aa3437cdf92f99a3480c2b52a8cb11c1966f2e5ef8
zipper,dark,zipper/fabric_border/008,1,0.9368952512741089,a581fce1e3c236826600d7aa3437cdf92f99a3480c2b52a8cb11c1966f2e5ef8
zipper,dark,zipper/fabric_border/009,1,0.8566627502441406,a581fce1e3c236826600d7aa3437cdf92f99a3480c2b52a8cb11c1966f2e5ef8
zipper,dark,zipper/fabric_border/010,1,0.9554656744003296,a581fce1e3c236826600d7aa3437cdf92f99a3480c2b52a8cb11c1966f2e5ef8
zipper,dark,zipper/fabric_border/011,1,0.6099758148193359,a581fce1e3c236826600d7aa3437cdf92f99a3480c2b52a8cb11c1966f2e5ef8
zipper,dark,zipper/fabric_border/012,1,0.8787310719490051,a581fce1e3c236826600d7aa3437cdf92f99a3480c2b52a8cb11c1966f2e5ef8
zipper,dark,zipper/fabric_border/013,1,1.140134572982788,a581fce1e3c236826600d7aa3437cdf92f99a3480c2b52a8cb11c1966f2e5ef8
zipper,dark,zipper/fabric_border/014,1,0.9464525580406189,a581fce1e3c236826600d7aa3437cdf92f99a3480c2b52a8cb11c1966f2e5ef8
zipper,dark,zipper/fabric_border/015,1,1.1211285591125488,a581fce1e3c236826600d7aa3437cdf92f99a3480c2b52a8cb11c1966f2e5ef8
zipper,dark,zipper/fabric_border/016,1,0.9767245054244995,a581fce1e3c236826600d7aa3437cdf92f99a3480c2b52a8cb11c1966f2e5ef8
zipper,dark,zipper/fabric_interior/000,1,0.9495171308517456,a581fce1e3c236826600d7aa3437cdf92f99a3480c2b52a8cb11c1966f2e5ef8
zipper,dark,zipper/fabric_interior/001,1,0.7238196730613708,a581fce1e3c236826600d7aa3437cdf92f99a3480c2b52a8cb11c1966f2e5ef8
zipper,dark,zipper/fabric_interior/002,1,0.9623551368713379,a581fce1e3c236826600d7aa3437cdf92f99a3480c2b52a8cb11c1966f2e5ef8
zipper,dark,zipper/fabric_interior/003,1,1.0552866458892822,a581fce1e3c236826600d7aa3437cdf92f99a3480c2b52a8cb11c1966f2e5ef8
zipper,dark,zipper/fabric_interior/004,1,1.017236351966858,a581fce1e3c236826600d7aa3437cdf92f99a3480c2b52a8cb11c1966f2e5ef8
zipper,dark,zipper/fabric_interior/005,1,0.7274106740951538,a581fce1e3c236826600d7aa3437cdf92f99a3480c2b52a8cb11c1966f2e5ef8
zipper,dark,zipper/fabric_interior/006,1,0.7576501369476318,a581fce1e3c236826600d7aa3437cdf92f99a3480c2b52a8cb11c1966f2e5ef8
zipper,dark,zipper/fabric_interior/007,1,0.7821748852729797,a581fce1e3c236826600d7aa3437cdf92f99a3480c2b52a8cb11c1966f2e5ef8
zipper,dark,zipper/fabric_interior/008,1,0.8052175045013428,a581fce1e3c236826600d7aa3437cdf92f99a3480c2b52a8cb11c1966f2e5ef8
zipper,dark,zipper/fabric_interior/009,1,0.9270590543746948,a581fce1e3c236826600d7aa3437cdf92f99a3480c2b52a8cb11c1966f2e5ef8
zipper,dark,zipper/fabric_interior/010,1,1.1823269128799438,a581fce1e3c236826600d7aa3437cdf92f99a3480c2b52a8cb11c1966f2e5ef8
zipper,dark,zipper/fabric_interior/011,1,0.8798590302467346,a581fce1e3c236826600d7aa3437cdf92f99a3480c2b52a8cb11c1966f2e5ef8
zipper,dark,zipper/fabric_interior/012,1,0.8571684956550598,a581fce1e3c236826600d7aa3437cdf92f99a3480c2b52a8cb11c1966f2e5ef8
zipper,dark,zipper/fabric_interior/013,1,0.8492465019226074,a581fce1e3c236826600d7aa3437cdf92f99a3480c2b52a8cb11c1966f2e5ef8
zipper,dark,zipper/fabric_interior/014,1,1.0337764024734497,a581fce1e3c236826600d7aa3437cdf92f99a3480c2b52a8cb11c1966f2e5ef8
zipper,dark,zipper/fabric_interior/015,1,1.0469456911087036,a581fce1e3c236826600d7aa3437cdf92f99a3480c2b52a8cb11c1966f2e5ef8
zipper,dark,zipper/good/000,0,1.0498876571655273,a581fce1e3c236826600d7aa3437cdf92f99a3480c2b52a8cb11c1966f2e5ef8
zipper,dark,zipper/good/001,0,1.1355527639389038,a581fce1e3c236826600d7aa3437cdf92f99a3480c2b52a8cb11c1966f2e5ef8
zipper,dark,zipper/good/002,0,1.067421555519104,a581fce1e3c236826600d7aa3437cdf92f99a3480c2b52a8cb11c1966f2e5ef8
zipper,dark,zipper/good/003,0,1.1142171621322632,a581fce1e3c236826600d7aa3437cdf92f99a3480c2b52a8cb11c1966f2e5ef8
zipper,dark,zipper/good/004,0,0.8836572766304016,a581fce1e3c236826600d7aa3437cdf92f99a3480c2b52a8cb11c1966f2e5ef8
zipper,dark,zipper/good/005,0,1.1263785362243652,a581fce1e3c236826600d7aa3437cdf92f99a3480c2b52a8cb11c1966f2e5ef8
zipper,dark,zipper/good/006,0,1.089223027229309,a581fce1e3c236826600d7aa3437cdf92f99a3480c2b52a8cb11c1966f2e5ef8
zipper,dark,zipper/good/007,0,1.1302624940872192,a581fce1e3c236826600d7aa3437cdf92f99a3480c2b52a8cb11c1966f2e5ef8
zipper,dark,zipper/good/008,0,0.6651151776313782,a581fce1e3c236826600d7aa3437cdf92f99a3480c2b52a8cb11c1966f2e5ef8
zipper,dark,zipper/good/009,0,0.8991219997406006,a581fce1e3c236826600d7aa3437cdf92f99a3480c2b52a8cb11c1966f2e5ef8
zipper,dark,zipper/good/010,0,0.911298930644989,a581fce1e3c236826600d7aa3437cdf92f99a3480c2b52a8cb11c1966f2e5ef8
zipper,dark,zipper/good/011,0,0.7152200937271118,a581fce1e3c236826600d7aa3437cdf92f99a3480c2b52a8cb11c1966f2e5ef8
zipper,dark,zipper/good/012,0,1.1366568803787231,a581fce1e3c236826600d7aa3437cdf92f99a3480c2b52a8cb11c1966f2e5ef8
zipper,dark,zipper/good/013,0,1.0122665166854858,a581fce1e3c236826600d7aa3437cdf92f99a3480c2b52a8cb11c1966f2e5ef8
zipper,dark,zipper/good/014,0,0.7226782441139221,a581fce1e3c236826600d7aa3437cdf92f99a3480c2b52a8cb11c1966f2e5ef8
zipper,dark,zipper/good/015,0,1.0298197269439697,a581fce1e3c236826600d7aa3437cdf92f99a3480c2b52a8cb11c1966f2e5ef8
zipper,dark,zipper/good/016,0,1.1175626516342163,a581fce1e3c236826600d7aa3437cdf92f99a3480c2b52a8cb11c1966f2e5ef8
zipper,dark,zipper/good/017,0,1.0364811420440674,a581fce1e3c236826600d7aa3437cdf92f99a3480c2b52a8cb11c1966f2e5ef8
zipper,dark,zipper/good/018,0,1.0180827379226685,a581fce1e3c236826600d7aa3437cdf92f99a3480c2b52a8cb11c1966f2e5ef8
zipper,dark,zipper/good/019,0,1.0480600595474243,a581fce1e3c236826600d7aa3437cdf92f99a3480c2b52a8cb11c1966f2e5ef8
zipper,dark,zipper/good/020,0,0.9022966623306274,a581fce1e3c236826600d7aa3437cdf92f99a3480c2b52a8cb11c1966f2e5ef8
zipper,dark,zipper/good/021,0,0.8551145792007446,a581fce1e3c236826600d7aa3437cdf92f99a3480c2b52a8cb11c1966f2e5ef8
zipper,dark,zipper/good/022,0,0.9687362909317017,a581fce1e3c236826600d7aa3437cdf92f99a3480c2b52a8cb11c1966f2e5ef8
zipper,dark,zipper/good/023,0,0.7529537677764893,a581fce1e3c236826600d7aa3437cdf92f99a3480c2b52a8cb11c1966f2e5ef8
zipper,dark,zipper/good/024,0,1.130716323852539,a581fce1e3c236826600d7aa3437cdf92f99a3480c2b52a8cb11c1966f2e5ef8
zipper,dark,zipper/good/025,0,0.8809560537338257,a581fce1e3c236826600d7aa3437cdf92f99a3480c2b52a8cb11c1966f2e5ef8
zipper,dark,zipper/good/026,0,0.9993292689323425,a581fce1e3c236826600d7aa3437cdf92f99a3480c2b52a8cb11c1966f2e5ef8
zipper,dark,zipper/good/027,0,1.1291581392288208,a581fce1e3c236826600d7aa3437cdf92f99a3480c2b52a8cb11c1966f2e5ef8
zipper,dark,zipper/good/028,0,0.944025456905365,a581fce1e3c236826600d7aa3437cdf92f99a3480c2b52a8cb11c1966f2e5ef8
zipper,dark,zipper/good/029,0,0.9262546896934509,a581fce1e3c236826600d7aa3437cdf92f99a3480c2b52a8cb11c1966f2e5ef8
zipper,dark,zipper/good/030,0,1.1332906484603882,a581fce1e3c236826600d7aa3437cdf92f99a3480c2b52a8cb11c1966f2e5ef8
zipper,dark,zipper/good/031,0,1.1237139701843262,a581fce1e3c236826600d7aa3437cdf92f99a3480c2b52a8cb11c1966f2e5ef8
zipper,dark,zipper/rough/000,1,1.1505937576293945,a581fce1e3c236826600d7aa3437cdf92f99a3480c2b52a8cb11c1966f2e5ef8
zipper,dark,zipper/rough/001,1,0.5612438321113586,a581fce1e3c236826600d7aa3437cdf92f99a3480c2b52a8cb11c1966f2e5ef8
zipper,dark,zipper/rough/002,1,0.8307192325592041,a581fce1e3c236826600d7aa3437cdf92f99a3480c2b52a8cb11c1966f2e5ef8
zipper,dark,zipper/rough/003,1,1.0481253862380981,a581fce1e3c236826600d7aa3437cdf92f99a3480c2b52a8cb11c1966f2e5ef8
zipper,dark,zipper/rough/004,1,1.1768372058868408,a581fce1e3c236826600d7aa3437cdf92f99a3480c2b52a8cb11c1966f2e5ef8
zipper,dark,zipper/rough/005,1,1.0061753988265991,a581fce1e3c236826600d7aa3437cdf92f99a3480c2b52a8cb11c1966f2e5ef8
zipper,dark,zipper/rough/006,1,1.0493513345718384,a581fce1e3c236826600d7aa3437cdf92f99a3480c2b52a8cb11c1966f2e5ef8
zipper,dark,zipper/rough/007,1,1.1071828603744507,a581fce1e3c236826600d7aa3437cdf92f99a3480c2b52a8cb11c1966f2e5ef8
zipper,dark,zipper/rough/008,1,1.103305697441101,a581fce1e3c236826600d7aa3437cdf92f99a3480c2b52a8cb11c1966f2e5ef8
zipper,dark,zipper/rough/009,1,0.9723179340362549,a581fce1e3c236826600d7aa3437cdf92f99a3480c2b52a8cb11c1966f2e5ef8
zipper,dark,zipper/rough/010,1,1.1243035793304443,a581fce1e3c236826600d7aa3437cdf92f99a3480c2b52a8cb11c1966f2e5ef8
zipper,dark,zipper/rough/011,1,0.9729047417640686,a581fce1e3c236826600d7aa3437cdf92f99a3480c2b52a8cb11c1966f2e5ef8
zipper,dark,zipper/rough/012,1,0.882017195224762,a581fce1e3c236826600d7aa3437cdf92f99a3480c2b52a8cb11c1966f2e5ef8
zipper,dark,zipper/rough/013,1,1.1378530263900757,a581fce1e3c236826600d7aa3437cdf92f99a3480c2b52a8cb11c1966f2e5ef8
zipper,dark,zipper/rough/014,1,1.1377710103988647,a581fce1e3c236826600d7aa3437cdf92f99a3480c2b52a8cb11c1966f2e5ef8
zipper,dark,zipper/rough/015,1,0.9768162369728088,a581fce1e3c236826600d7aa3437cdf92f99a3480c2b52a8cb11c1966f2e5ef8
zipper,dark,zipper/rough/016,1,0.8824474215507507,a581fce1e3c236826600d7aa3437cdf92f99a3480c2b52a8cb11c1966f2e5ef8
zipper,dark,zipper/split_teeth/000,1,1.1586048603057861,a581fce1e3c236826600d7aa3437cdf92f99a3480c2b52a8cb11c1966f2e5ef8
zipper,dark,zipper/split_teeth/001,1,1.1353740692138672,a581fce1e3c236826600d7aa3437cdf92f99a3480c2b52a8cb11c1966f2e5ef8
zipper,dark,zipper/split_teeth/002,1,0.9537106156349182,a581fce1e3c236826600d7aa3437cdf92f99a3480c2b52a8cb11c1966f2e5ef8
zipper,dark,zipper/split_teeth/003,1,1.0867847204208374,a581fce1e3c236826600d7aa3437cdf92f99a3480c2b52a8cb11c1966f2e5ef8
zipper,dark,zipper/split_teeth/004,1,0.8329042792320251,a581fce1e3c236826600d7aa3437cdf92f99a3480c2b52a8cb11c1966f2e5ef8
zipper,dark,zipper/split_teeth/005,1,0.9051637649536133,a581fce1e3c236826600d7aa3437cdf92f99a3480c2b52a8cb11c1966f2e5ef8
zipper,dark,zipper/split_teeth/006,1,1.131901502609253,a581fce1e3c236826600d7aa3437cdf92f99a3480c2b52a8cb11c1966f2e5ef8
zipper,dark,zipper/split_teeth/007,1,0.8981234431266785,a581fce1e3c236826600d7aa3437cdf92f99a3480c2b52a8cb11c1966f2e5ef8
zipper,dark,zipper/split_teeth/008,1,1.0559684038162231,a581fce1e3c236826600d7aa3437cdf92f99a3480c2b52a8cb11c1966f2e5ef8
zipper,dark,zipper/split_teeth/009,1,1.1528093814849854,a581fce1e3c236826600d7aa3437cdf92f99a3480c2b52a8cb11c1966f2e5ef8
zipper,dark,zipper/split_teeth/010,1,1.1360892057418823,a581fce1e3c236826600d7aa3437cdf92f99a3480c2b52a8cb11c1966f2e5ef8
zipper,dark,zipper/split_teeth/011,1,0.8576921224594116,a581fce1e3c236826600d7aa3437cdf92f99a3480c2b52a8cb11c1966f2e5ef8
zipper,dark,zipper/split_teeth/012,1,0.9842894673347473,a581fce1e3c236826600d7aa3437cdf92f99a3480c2b52a8cb11c1966f2e5ef8
zipper,dark,zipper/split_teeth/013,1,0.6565079689025879,a581fce1e3c236826600d7aa3437cdf92f99a3480c2b52a8cb11c1966f2e5ef8
zipper,dark,zipper/split_teeth/014,1,0.9173691868782043,a581fce1e3c236826600d7aa3437cdf92f99a3480c2b52a8cb11c1966f2e5ef8
zipper,dark,zipper/split_teeth/015,1,0.9292468428611755,a581fce1e3c236826600d7aa3437cdf92f99a3480c2b52a8cb11c1966f2e5ef8
zipper,dark,zipper/split_teeth/016,1,1.1612619161605835,a581fce1e3c236826600d7aa3437cdf92f99a3480c2b52a8cb11c1966f2e5ef8
zipper,dark,zipper/split_teeth/017,1,0.6449102163314819,a581fce1e3c236826600d7aa3437cdf92f99a3480c2b52a8cb11c1966f2e5ef8
zipper,dark,zipper/squeezed_teeth/000,1,1.164873480796814,a581fce1e3c236826600d7aa3437cdf92f99a3480c2b52a8cb11c1966f2e5ef8
zipper,dark,zipper/squeezed_teeth/001,1,1.1095439195632935,a581fce1e3c236826600d7aa3437cdf92f99a3480c2b52a8cb11c1966f2e5ef8
zipper,dark,zipper/squeezed_teeth/002,1,0.8728446960449219,a581fce1e3c236826600d7aa3437cdf92f99a3480c2b52a8cb11c1966f2e5ef8
zipper,dark,zipper/squeezed_teeth/003,1,1.0574164390563965,a581fce1e3c236826600d7aa3437cdf92f99a3480c2b52a8cb11c1966f2e5ef8
zipper,dark,zipper/squeezed_teeth/004,1,0.81905198097229,a581fce1e3c236826600d7aa3437cdf92f99a3480c2b52a8cb11c1966f2e5ef8
zipper,dark,zipper/squeezed_teeth/005,1,0.9379183650016785,a581fce1e3c236826600d7aa3437cdf92f99a3480c2b52a8cb11c1966f2e5ef8
zipper,dark,zipper/squeezed_teeth/006,1,1.0192886590957642,a581fce1e3c236826600d7aa3437cdf92f99a3480c2b52a8cb11c1966f2e5ef8
zipper,dark,zipper/squeezed_teeth/007,1,1.0677095651626587,a581fce1e3c236826600d7aa3437cdf92f99a3480c2b52a8cb11c1966f2e5ef8
zipper,dark,zipper/squeezed_teeth/008,1,0.9202588796615601,a581fce1e3c236826600d7aa3437cdf92f99a3480c2b52a8cb11c1966f2e5ef8
zipper,dark,zipper/squeezed_teeth/009,1,1.0919123888015747,a581fce1e3c236826600d7aa3437cdf92f99a3480c2b52a8cb11c1966f2e5ef8
zipper,dark,zipper/squeezed_teeth/010,1,0.8118345141410828,a581fce1e3c236826600d7aa3437cdf92f99a3480c2b52a8cb11c1966f2e5ef8
zipper,dark,zipper/squeezed_teeth/011,1,1.0870466232299805,a581fce1e3c236826600d7aa3437cdf92f99a3480c2b52a8cb11c1966f2e5ef8
zipper,dark,zipper/squeezed_teeth/012,1,1.0375839471817017,a581fce1e3c236826600d7aa3437cdf92f99a3480c2b52a8cb11c1966f2e5ef8
zipper,dark,zipper/squeezed_teeth/013,1,1.094379186630249,a581fce1e3c236826600d7aa3437cdf92f99a3480c2b52a8cb11c1966f2e5ef8
zipper,dark,zipper/squeezed_teeth/014,1,1.1299927234649658,a581fce1e3c236826600d7aa3437cdf92f99a3480c2b52a8cb11c1966f2e5ef8
zipper,dark,zipper/squeezed_teeth/015,1,0.8444727063179016,a581fce1e3c236826600d7aa3437cdf92f99a3480c2b52a8cb11c1966f2e5ef8
zipper,mirnetv2,zipper/broken_teeth/000,1,0.5051379799842834,a581fce1e3c236826600d7aa3437cdf92f99a3480c2b52a8cb11c1966f2e5ef8
zipper,mirnetv2,zipper/broken_teeth/001,1,0.7197044491767883,a581fce1e3c236826600d7aa3437cdf92f99a3480c2b52a8cb11c1966f2e5ef8
zipper,mirnetv2,zipper/broken_teeth/002,1,0.7285576462745667,a581fce1e3c236826600d7aa3437cdf92f99a3480c2b52a8cb11c1966f2e5ef8
zipper,mirnetv2,zipper/broken_teeth/003,1,0.58721524477005,a581fce1e3c236826600d7aa3437cdf92f99a3480c2b52a8cb11c1966f2e5ef8
zipper,mirnetv2,zipper/broken_teeth/004,1,0.5141481161117554,a581fce1e3c236826600d7aa3437cdf92f99a3480c2b52a8cb11c1966f2e5ef8
zipper,mirnetv2,zipper/broken_teeth/005,1,0.6551010608673096,a581fce1e3c236826600d7aa3437cdf92f99a3480c2b52a8cb11c1966f2e5ef8
zipper,mirnetv2,zipper/broken_teeth/006,1,0.955353856086731,a581fce1e3c236826600d7aa3437cdf92f99a3480c2b52a8cb11c1966f2e5ef8
zipper,mirnetv2,zipper/broken_teeth/007,1,0.4754903316497803,a581fce1e3c236826600d7aa3437cdf92f99a3480c2b52a8cb11c1966f2e5ef8
zipper,mirnetv2,zipper/broken_teeth/008,1,0.895085334777832,a581fce1e3c236826600d7aa3437cdf92f99a3480c2b52a8cb11c1966f2e5ef8
zipper,mirnetv2,zipper/broken_teeth/009,1,0.7018993496894836,a581fce1e3c236826600d7aa3437cdf92f99a3480c2b52a8cb11c1966f2e5ef8
zipper,mirnetv2,zipper/broken_teeth/010,1,0.6581968665122986,a581fce1e3c236826600d7aa3437cdf92f99a3480c2b52a8cb11c1966f2e5ef8
zipper,mirnetv2,zipper/broken_teeth/011,1,0.8039047122001648,a581fce1e3c236826600d7aa3437cdf92f99a3480c2b52a8cb11c1966f2e5ef8
zipper,mirnetv2,zipper/broken_teeth/012,1,0.8440973162651062,a581fce1e3c236826600d7aa3437cdf92f99a3480c2b52a8cb11c1966f2e5ef8
zipper,mirnetv2,zipper/broken_teeth/013,1,0.8610385656356812,a581fce1e3c236826600d7aa3437cdf92f99a3480c2b52a8cb11c1966f2e5ef8
zipper,mirnetv2,zipper/broken_teeth/014,1,0.9188425540924072,a581fce1e3c236826600d7aa3437cdf92f99a3480c2b52a8cb11c1966f2e5ef8
zipper,mirnetv2,zipper/broken_teeth/015,1,0.7229170799255371,a581fce1e3c236826600d7aa3437cdf92f99a3480c2b52a8cb11c1966f2e5ef8
zipper,mirnetv2,zipper/broken_teeth/016,1,0.6564502120018005,a581fce1e3c236826600d7aa3437cdf92f99a3480c2b52a8cb11c1966f2e5ef8
zipper,mirnetv2,zipper/broken_teeth/017,1,0.5500319004058838,a581fce1e3c236826600d7aa3437cdf92f99a3480c2b52a8cb11c1966f2e5ef8
zipper,mirnetv2,zipper/broken_teeth/018,1,0.930576503276825,a581fce1e3c236826600d7aa3437cdf92f99a3480c2b52a8cb11c1966f2e5ef8
zipper,mirnetv2,zipper/combined/000,1,0.9124565124511719,a581fce1e3c236826600d7aa3437cdf92f99a3480c2b52a8cb11c1966f2e5ef8
zipper,mirnetv2,zipper/combined/001,1,0.5641822218894958,a581fce1e3c236826600d7aa3437cdf92f99a3480c2b52a8cb11c1966f2e5ef8
zipper,mirnetv2,zipper/combined/002,1,0.801121175289154,a581fce1e3c236826600d7aa3437cdf92f99a3480c2b52a8cb11c1966f2e5ef8
zipper,mirnetv2,zipper/combined/003,1,0.6822071075439453,a581fce1e3c236826600d7aa3437cdf92f99a3480c2b52a8cb11c1966f2e5ef8
zipper,mirnetv2,zipper/combined/004,1,0.4923006594181061,a581fce1e3c236826600d7aa3437cdf92f99a3480c2b52a8cb11c1966f2e5ef8
zipper,mirnetv2,zipper/combined/005,1,0.7794427871704102,a581fce1e3c236826600d7aa3437cdf92f99a3480c2b52a8cb11c1966f2e5ef8
zipper,mirnetv2,zipper/combined/006,1,0.7573030591011047,a581fce1e3c236826600d7aa3437cdf92f99a3480c2b52a8cb11c1966f2e5ef8
zipper,mirnetv2,zipper/combined/007,1,0.5581580400466919,a581fce1e3c236826600d7aa3437cdf92f99a3480c2b52a8cb11c1966f2e5ef8
zipper,mirnetv2,zipper/combined/008,1,0.4474402666091919,a581fce1e3c236826600d7aa3437cdf92f99a3480c2b52a8cb11c1966f2e5ef8
zipper,mirnetv2,zipper/combined/009,1,0.5172644853591919,a581fce1e3c236826600d7aa3437cdf92f99a3480c2b52a8cb11c1966f2e5ef8
zipper,mirnetv2,zipper/combined/010,1,0.6089624166488647,a581fce1e3c236826600d7aa3437cdf92f99a3480c2b52a8cb11c1966f2e5ef8
zipper,mirnetv2,zipper/combined/011,1,0.5125181078910828,a581fce1e3c236826600d7aa3437cdf92f99a3480c2b52a8cb11c1966f2e5ef8
zipper,mirnetv2,zipper/combined/012,1,0.4324515461921692,a581fce1e3c236826600d7aa3437cdf92f99a3480c2b52a8cb11c1966f2e5ef8
zipper,mirnetv2,zipper/combined/013,1,0.48941388726234436,a581fce1e3c236826600d7aa3437cdf92f99a3480c2b52a8cb11c1966f2e5ef8
zipper,mirnetv2,zipper/combined/014,1,0.9298639297485352,a581fce1e3c236826600d7aa3437cdf92f99a3480c2b52a8cb11c1966f2e5ef8
zipper,mirnetv2,zipper/combined/015,1,0.9207248687744141,a581fce1e3c236826600d7aa3437cdf92f99a3480c2b52a8cb11c1966f2e5ef8
zipper,mirnetv2,zipper/fabric_border/000,1,0.8413724899291992,a581fce1e3c236826600d7aa3437cdf92f99a3480c2b52a8cb11c1966f2e5ef8
zipper,mirnetv2,zipper/fabric_border/001,1,0.656607985496521,a581fce1e3c236826600d7aa3437cdf92f99a3480c2b52a8cb11c1966f2e5ef8
zipper,mirnetv2,zipper/fabric_border/002,1,0.5397056937217712,a581fce1e3c236826600d7aa3437cdf92f99a3480c2b52a8cb11c1966f2e5ef8
zipper,mirnetv2,zipper/fabric_border/003,1,0.5236639380455017,a581fce1e3c236826600d7aa3437cdf92f99a3480c2b52a8cb11c1966f2e5ef8
zipper,mirnetv2,zipper/fabric_border/004,1,0.49133768677711487,a581fce1e3c236826600d7aa3437cdf92f99a3480c2b52a8cb11c1966f2e5ef8
zipper,mirnetv2,zipper/fabric_border/005,1,0.9554678797721863,a581fce1e3c236826600d7aa3437cdf92f99a3480c2b52a8cb11c1966f2e5ef8
zipper,mirnetv2,zipper/fabric_border/006,1,0.458503782749176,a581fce1e3c236826600d7aa3437cdf92f99a3480c2b52a8cb11c1966f2e5ef8
zipper,mirnetv2,zipper/fabric_border/007,1,0.6367620229721069,a581fce1e3c236826600d7aa3437cdf92f99a3480c2b52a8cb11c1966f2e5ef8
zipper,mirnetv2,zipper/fabric_border/008,1,0.43610724806785583,a581fce1e3c236826600d7aa3437cdf92f99a3480c2b52a8cb11c1966f2e5ef8
zipper,mirnetv2,zipper/fabric_border/009,1,0.6723451018333435,a581fce1e3c236826600d7aa3437cdf92f99a3480c2b52a8cb11c1966f2e5ef8
zipper,mirnetv2,zipper/fabric_border/010,1,0.6547242403030396,a581fce1e3c236826600d7aa3437cdf92f99a3480c2b52a8cb11c1966f2e5ef8
zipper,mirnetv2,zipper/fabric_border/011,1,0.4430285692214966,a581fce1e3c236826600d7aa3437cdf92f99a3480c2b52a8cb11c1966f2e5ef8
zipper,mirnetv2,zipper/fabric_border/012,1,0.6170219779014587,a581fce1e3c236826600d7aa3437cdf92f99a3480c2b52a8cb11c1966f2e5ef8
zipper,mirnetv2,zipper/fabric_border/013,1,0.9054391980171204,a581fce1e3c236826600d7aa3437cdf92f99a3480c2b52a8cb11c1966f2e5ef8
zipper,mirnetv2,zipper/fabric_border/014,1,0.4657159447669983,a581fce1e3c236826600d7aa3437cdf92f99a3480c2b52a8cb11c1966f2e5ef8
zipper,mirnetv2,zipper/fabric_border/015,1,0.9061170220375061,a581fce1e3c236826600d7aa3437cdf92f99a3480c2b52a8cb11c1966f2e5ef8
zipper,mirnetv2,zipper/fabric_border/016,1,0.7312127947807312,a581fce1e3c236826600d7aa3437cdf92f99a3480c2b52a8cb11c1966f2e5ef8
zipper,mirnetv2,zipper/fabric_interior/000,1,0.5877164602279663,a581fce1e3c236826600d7aa3437cdf92f99a3480c2b52a8cb11c1966f2e5ef8
zipper,mirnetv2,zipper/fabric_interior/001,1,0.592142641544342,a581fce1e3c236826600d7aa3437cdf92f99a3480c2b52a8cb11c1966f2e5ef8
zipper,mirnetv2,zipper/fabric_interior/002,1,0.7211475372314453,a581fce1e3c236826600d7aa3437cdf92f99a3480c2b52a8cb11c1966f2e5ef8
zipper,mirnetv2,zipper/fabric_interior/003,1,0.5341601371765137,a581fce1e3c236826600d7aa3437cdf92f99a3480c2b52a8cb11c1966f2e5ef8
zipper,mirnetv2,zipper/fabric_interior/004,1,0.5657780170440674,a581fce1e3c236826600d7aa3437cdf92f99a3480c2b52a8cb11c1966f2e5ef8
zipper,mirnetv2,zipper/fabric_interior/005,1,0.49498119950294495,a581fce1e3c236826600d7aa3437cdf92f99a3480c2b52a8cb11c1966f2e5ef8
zipper,mirnetv2,zipper/fabric_interior/006,1,0.4761316478252411,a581fce1e3c236826600d7aa3437cdf92f99a3480c2b52a8cb11c1966f2e5ef8
zipper,mirnetv2,zipper/fabric_interior/007,1,0.586945652961731,a581fce1e3c236826600d7aa3437cdf92f99a3480c2b52a8cb11c1966f2e5ef8
zipper,mirnetv2,zipper/fabric_interior/008,1,0.6030821204185486,a581fce1e3c236826600d7aa3437cdf92f99a3480c2b52a8cb11c1966f2e5ef8
zipper,mirnetv2,zipper/fabric_interior/009,1,0.565356969833374,a581fce1e3c236826600d7aa3437cdf92f99a3480c2b52a8cb11c1966f2e5ef8
zipper,mirnetv2,zipper/fabric_interior/010,1,0.9898481965065002,a581fce1e3c236826600d7aa3437cdf92f99a3480c2b52a8cb11c1966f2e5ef8
zipper,mirnetv2,zipper/fabric_interior/011,1,0.4280949532985687,a581fce1e3c236826600d7aa3437cdf92f99a3480c2b52a8cb11c1966f2e5ef8
zipper,mirnetv2,zipper/fabric_interior/012,1,0.5123124122619629,a581fce1e3c236826600d7aa3437cdf92f99a3480c2b52a8cb11c1966f2e5ef8
zipper,mirnetv2,zipper/fabric_interior/013,1,0.4764523506164551,a581fce1e3c236826600d7aa3437cdf92f99a3480c2b52a8cb11c1966f2e5ef8
zipper,mirnetv2,zipper/fabric_interior/014,1,0.6321288347244263,a581fce1e3c236826600d7aa3437cdf92f99a3480c2b52a8cb11c1966f2e5ef8
zipper,mirnetv2,zipper/fabric_interior/015,1,0.8002214431762695,a581fce1e3c236826600d7aa3437cdf92f99a3480c2b52a8cb11c1966f2e5ef8
zipper,mirnetv2,zipper/good/000,0,0.7752865552902222,a581fce1e3c236826600d7aa3437cdf92f99a3480c2b52a8cb11c1966f2e5ef8
zipper,mirnetv2,zipper/good/001,0,0.7932538390159607,a581fce1e3c236826600d7aa3437cdf92f99a3480c2b52a8cb11c1966f2e5ef8
zipper,mirnetv2,zipper/good/002,0,0.4715562164783478,a581fce1e3c236826600d7aa3437cdf92f99a3480c2b52a8cb11c1966f2e5ef8
zipper,mirnetv2,zipper/good/003,0,0.613644003868103,a581fce1e3c236826600d7aa3437cdf92f99a3480c2b52a8cb11c1966f2e5ef8
zipper,mirnetv2,zipper/good/004,0,0.6524131298065186,a581fce1e3c236826600d7aa3437cdf92f99a3480c2b52a8cb11c1966f2e5ef8
zipper,mirnetv2,zipper/good/005,0,0.7993325591087341,a581fce1e3c236826600d7aa3437cdf92f99a3480c2b52a8cb11c1966f2e5ef8
zipper,mirnetv2,zipper/good/006,0,0.8580670356750488,a581fce1e3c236826600d7aa3437cdf92f99a3480c2b52a8cb11c1966f2e5ef8
zipper,mirnetv2,zipper/good/007,0,0.7380106449127197,a581fce1e3c236826600d7aa3437cdf92f99a3480c2b52a8cb11c1966f2e5ef8
zipper,mirnetv2,zipper/good/008,0,0.43058693408966064,a581fce1e3c236826600d7aa3437cdf92f99a3480c2b52a8cb11c1966f2e5ef8
zipper,mirnetv2,zipper/good/009,0,0.5440831780433655,a581fce1e3c236826600d7aa3437cdf92f99a3480c2b52a8cb11c1966f2e5ef8
zipper,mirnetv2,zipper/good/010,0,0.5000967979431152,a581fce1e3c236826600d7aa3437cdf92f99a3480c2b52a8cb11c1966f2e5ef8
zipper,mirnetv2,zipper/good/011,0,0.44381117820739746,a581fce1e3c236826600d7aa3437cdf92f99a3480c2b52a8cb11c1966f2e5ef8
zipper,mirnetv2,zipper/good/012,0,0.9325699210166931,a581fce1e3c236826600d7aa3437cdf92f99a3480c2b52a8cb11c1966f2e5ef8
zipper,mirnetv2,zipper/good/013,0,0.6897360682487488,a581fce1e3c236826600d7aa3437cdf92f99a3480c2b52a8cb11c1966f2e5ef8
zipper,mirnetv2,zipper/good/014,0,0.5083158016204834,a581fce1e3c236826600d7aa3437cdf92f99a3480c2b52a8cb11c1966f2e5ef8
zipper,mirnetv2,zipper/good/015,0,0.6625274419784546,a581fce1e3c236826600d7aa3437cdf92f99a3480c2b52a8cb11c1966f2e5ef8
zipper,mirnetv2,zipper/good/016,0,0.8698914051055908,a581fce1e3c236826600d7aa3437cdf92f99a3480c2b52a8cb11c1966f2e5ef8
zipper,mirnetv2,zipper/good/017,0,0.7592341899871826,a581fce1e3c236826600d7aa3437cdf92f99a3480c2b52a8cb11c1966f2e5ef8
zipper,mirnetv2,zipper/good/018,0,0.7522075772285461,a581fce1e3c236826600d7aa3437cdf92f99a3480c2b52a8cb11c1966f2e5ef8
zipper,mirnetv2,zipper/good/019,0,0.5225344300270081,a581fce1e3c236826600d7aa3437cdf92f99a3480c2b52a8cb11c1966f2e5ef8
zipper,mirnetv2,zipper/good/020,0,0.618766725063324,a581fce1e3c236826600d7aa3437cdf92f99a3480c2b52a8cb11c1966f2e5ef8
zipper,mirnetv2,zipper/good/021,0,0.5650622248649597,a581fce1e3c236826600d7aa3437cdf92f99a3480c2b52a8cb11c1966f2e5ef8
zipper,mirnetv2,zipper/good/022,0,0.6690020561218262,a581fce1e3c236826600d7aa3437cdf92f99a3480c2b52a8cb11c1966f2e5ef8
zipper,mirnetv2,zipper/good/023,0,0.48124122619628906,a581fce1e3c236826600d7aa3437cdf92f99a3480c2b52a8cb11c1966f2e5ef8
zipper,mirnetv2,zipper/good/024,0,0.8372909426689148,a581fce1e3c236826600d7aa3437cdf92f99a3480c2b52a8cb11c1966f2e5ef8
zipper,mirnetv2,zipper/good/025,0,0.5480961799621582,a581fce1e3c236826600d7aa3437cdf92f99a3480c2b52a8cb11c1966f2e5ef8
zipper,mirnetv2,zipper/good/026,0,0.6619359850883484,a581fce1e3c236826600d7aa3437cdf92f99a3480c2b52a8cb11c1966f2e5ef8
zipper,mirnetv2,zipper/good/027,0,0.7686348557472229,a581fce1e3c236826600d7aa3437cdf92f99a3480c2b52a8cb11c1966f2e5ef8
zipper,mirnetv2,zipper/good/028,0,0.474098801612854,a581fce1e3c236826600d7aa3437cdf92f99a3480c2b52a8cb11c1966f2e5ef8
zipper,mirnetv2,zipper/good/029,0,0.6610194444656372,a581fce1e3c236826600d7aa3437cdf92f99a3480c2b52a8cb11c1966f2e5ef8
zipper,mirnetv2,zipper/good/030,0,0.8127009272575378,a581fce1e3c236826600d7aa3437cdf92f99a3480c2b52a8cb11c1966f2e5ef8
zipper,mirnetv2,zipper/good/031,0,0.894044041633606,a581fce1e3c236826600d7aa3437cdf92f99a3480c2b52a8cb11c1966f2e5ef8
zipper,mirnetv2,zipper/rough/000,1,0.9276034235954285,a581fce1e3c236826600d7aa3437cdf92f99a3480c2b52a8cb11c1966f2e5ef8
zipper,mirnetv2,zipper/rough/001,1,0.46415746212005615,a581fce1e3c236826600d7aa3437cdf92f99a3480c2b52a8cb11c1966f2e5ef8
zipper,mirnetv2,zipper/rough/002,1,0.45945608615875244,a581fce1e3c236826600d7aa3437cdf92f99a3480c2b52a8cb11c1966f2e5ef8
zipper,mirnetv2,zipper/rough/003,1,0.8104596734046936,a581fce1e3c236826600d7aa3437cdf92f99a3480c2b52a8cb11c1966f2e5ef8
zipper,mirnetv2,zipper/rough/004,1,0.9614131450653076,a581fce1e3c236826600d7aa3437cdf92f99a3480c2b52a8cb11c1966f2e5ef8
zipper,mirnetv2,zipper/rough/005,1,0.6778949499130249,a581fce1e3c236826600d7aa3437cdf92f99a3480c2b52a8cb11c1966f2e5ef8
zipper,mirnetv2,zipper/rough/006,1,0.611335277557373,a581fce1e3c236826600d7aa3437cdf92f99a3480c2b52a8cb11c1966f2e5ef8
zipper,mirnetv2,zipper/rough/007,1,0.7388006448745728,a581fce1e3c236826600d7aa3437cdf92f99a3480c2b52a8cb11c1966f2e5ef8
zipper,mirnetv2,zipper/rough/008,1,0.6125825643539429,a581fce1e3c236826600d7aa3437cdf92f99a3480c2b52a8cb11c1966f2e5ef8
zipper,mirnetv2,zipper/rough/009,1,0.6788877248764038,a581fce1e3c236826600d7aa3437cdf92f99a3480c2b52a8cb11c1966f2e5ef8
zipper,mirnetv2,zipper/rough/010,1,0.8897761702537537,a581fce1e3c236826600d7aa3437cdf92f99a3480c2b52a8cb11c1966f2e5ef8
zipper,mirnetv2,zipper/rough/011,1,0.5016518831253052,a581fce1e3c236826600d7aa3437cdf92f99a3480c2b52a8cb11c1966f2e5ef8
zipper,mirnetv2,zipper/rough/012,1,0.642255425453186,a581fce1e3c236826600d7aa3437cdf92f99a3480c2b52a8cb11c1966f2e5ef8
zipper,mirnetv2,zipper/rough/013,1,0.9267844557762146,a581fce1e3c236826600d7aa3437cdf92f99a3480c2b52a8cb11c1966f2e5ef8
zipper,mirnetv2,zipper/rough/014,1,0.8267961144447327,a581fce1e3c236826600d7aa3437cdf92f99a3480c2b52a8cb11c1966f2e5ef8
zipper,mirnetv2,zipper/rough/015,1,0.7466949224472046,a581fce1e3c236826600d7aa3437cdf92f99a3480c2b52a8cb11c1966f2e5ef8
zipper,mirnetv2,zipper/rough/016,1,0.6040154695510864,a581fce1e3c236826600d7aa3437cdf92f99a3480c2b52a8cb11c1966f2e5ef8
zipper,mirnetv2,zipper/split_teeth/000,1,0.9490731954574585,a581fce1e3c236826600d7aa3437cdf92f99a3480c2b52a8cb11c1966f2e5ef8
zipper,mirnetv2,zipper/split_teeth/001,1,0.9347913265228271,a581fce1e3c236826600d7aa3437cdf92f99a3480c2b52a8cb11c1966f2e5ef8
zipper,mirnetv2,zipper/split_teeth/002,1,0.7404450178146362,a581fce1e3c236826600d7aa3437cdf92f99a3480c2b52a8cb11c1966f2e5ef8
zipper,mirnetv2,zipper/split_teeth/003,1,0.8350675106048584,a581fce1e3c236826600d7aa3437cdf92f99a3480c2b52a8cb11c1966f2e5ef8
zipper,mirnetv2,zipper/split_teeth/004,1,0.4958552122116089,a581fce1e3c236826600d7aa3437cdf92f99a3480c2b52a8cb11c1966f2e5ef8
zipper,mirnetv2,zipper/split_teeth/005,1,0.6758248209953308,a581fce1e3c236826600d7aa3437cdf92f99a3480c2b52a8cb11c1966f2e5ef8
zipper,mirnetv2,zipper/split_teeth/006,1,0.8436989188194275,a581fce1e3c236826600d7aa3437cdf92f99a3480c2b52a8cb11c1966f2e5ef8
zipper,mirnetv2,zipper/split_teeth/007,1,0.4700869023799896,a581fce1e3c236826600d7aa3437cdf92f99a3480c2b52a8cb11c1966f2e5ef8
zipper,mirnetv2,zipper/split_teeth/008,1,0.798789381980896,a581fce1e3c236826600d7aa3437cdf92f99a3480c2b52a8cb11c1966f2e5ef8
zipper,mirnetv2,zipper/split_teeth/009,1,0.9284902811050415,a581fce1e3c236826600d7aa3437cdf92f99a3480c2b52a8cb11c1966f2e5ef8
zipper,mirnetv2,zipper/split_teeth/010,1,0.8815118670463562,a581fce1e3c236826600d7aa3437cdf92f99a3480c2b52a8cb11c1966f2e5ef8
zipper,mirnetv2,zipper/split_teeth/011,1,0.6201629638671875,a581fce1e3c236826600d7aa3437cdf92f99a3480c2b52a8cb11c1966f2e5ef8
zipper,mirnetv2,zipper/split_teeth/012,1,0.6832603812217712,a581fce1e3c236826600d7aa3437cdf92f99a3480c2b52a8cb11c1966f2e5ef8
zipper,mirnetv2,zipper/split_teeth/013,1,0.45660659670829773,a581fce1e3c236826600d7aa3437cdf92f99a3480c2b52a8cb11c1966f2e5ef8
zipper,mirnetv2,zipper/split_teeth/014,1,0.639332115650177,a581fce1e3c236826600d7aa3437cdf92f99a3480c2b52a8cb11c1966f2e5ef8
zipper,mirnetv2,zipper/split_teeth/015,1,0.4636099636554718,a581fce1e3c236826600d7aa3437cdf92f99a3480c2b52a8cb11c1966f2e5ef8
zipper,mirnetv2,zipper/split_teeth/016,1,0.8217966556549072,a581fce1e3c236826600d7aa3437cdf92f99a3480c2b52a8cb11c1966f2e5ef8
zipper,mirnetv2,zipper/split_teeth/017,1,0.48168087005615234,a581fce1e3c236826600d7aa3437cdf92f99a3480c2b52a8cb11c1966f2e5ef8
zipper,mirnetv2,zipper/squeezed_teeth/000,1,0.9256479740142822,a581fce1e3c236826600d7aa3437cdf92f99a3480c2b52a8cb11c1966f2e5ef8
zipper,mirnetv2,zipper/squeezed_teeth/001,1,0.7848830819129944,a581fce1e3c236826600d7aa3437cdf92f99a3480c2b52a8cb11c1966f2e5ef8
zipper,mirnetv2,zipper/squeezed_teeth/002,1,0.4157027006149292,a581fce1e3c236826600d7aa3437cdf92f99a3480c2b52a8cb11c1966f2e5ef8
zipper,mirnetv2,zipper/squeezed_teeth/003,1,0.7848606705665588,a581fce1e3c236826600d7aa3437cdf92f99a3480c2b52a8cb11c1966f2e5ef8
zipper,mirnetv2,zipper/squeezed_teeth/004,1,0.5481046438217163,a581fce1e3c236826600d7aa3437cdf92f99a3480c2b52a8cb11c1966f2e5ef8
zipper,mirnetv2,zipper/squeezed_teeth/005,1,0.5120034217834473,a581fce1e3c236826600d7aa3437cdf92f99a3480c2b52a8cb11c1966f2e5ef8
zipper,mirnetv2,zipper/squeezed_teeth/006,1,0.5946899056434631,a581fce1e3c236826600d7aa3437cdf92f99a3480c2b52a8cb11c1966f2e5ef8
zipper,mirnetv2,zipper/squeezed_teeth/007,1,0.8317450881004333,a581fce1e3c236826600d7aa3437cdf92f99a3480c2b52a8cb11c1966f2e5ef8
zipper,mirnetv2,zipper/squeezed_teeth/008,1,0.6495715379714966,a581fce1e3c236826600d7aa3437cdf92f99a3480c2b52a8cb11c1966f2e5ef8
zipper,mirnetv2,zipper/squeezed_teeth/009,1,0.6748591661453247,a581fce1e3c236826600d7aa3437cdf92f99a3480c2b52a8cb11c1966f2e5ef8
zipper,mirnetv2,zipper/squeezed_teeth/010,1,0.6007609963417053,a581fce1e3c236826600d7aa3437cdf92f99a3480c2b52a8cb11c1966f2e5ef8
zipper,mirnetv2,zipper/squeezed_teeth/011,1,0.8606811165809631,a581fce1e3c236826600d7aa3437cdf92f99a3480c2b52a8cb11c1966f2e5ef8
zipper,mirnetv2,zipper/squeezed_teeth/012,1,0.6094567179679871,a581fce1e3c236826600d7aa3437cdf92f99a3480c2b52a8cb11c1966f2e5ef8
zipper,mirnetv2,zipper/squeezed_teeth/013,1,0.8317657113075256,a581fce1e3c236826600d7aa3437cdf92f99a3480c2b52a8cb11c1966f2e5ef8
zipper,mirnetv2,zipper/squeezed_teeth/014,1,0.7117415070533752,a581fce1e3c236826600d7aa3437cdf92f99a3480c2b52a8cb11c1966f2e5ef8
zipper,mirnetv2,zipper/squeezed_teeth/015,1,0.4643864035606384,a581fce1e3c236826600d7aa3437cdf92f99a3480c2b52a8cb11c1966f2e5ef8
zipper,icra,zipper/broken_teeth/000,1,0.36556345224380493,a581fce1e3c236826600d7aa3437cdf92f99a3480c2b52a8cb11c1966f2e5ef8
zipper,icra,zipper/broken_teeth/001,1,0.5721112489700317,a581fce1e3c236826600d7aa3437cdf92f99a3480c2b52a8cb11c1966f2e5ef8
zipper,icra,zipper/broken_teeth/002,1,0.6117114424705505,a581fce1e3c236826600d7aa3437cdf92f99a3480c2b52a8cb11c1966f2e5ef8
zipper,icra,zipper/broken_teeth/003,1,0.45335546135902405,a581fce1e3c236826600d7aa3437cdf92f99a3480c2b52a8cb11c1966f2e5ef8
zipper,icra,zipper/broken_teeth/004,1,0.31757962703704834,a581fce1e3c236826600d7aa3437cdf92f99a3480c2b52a8cb11c1966f2e5ef8
zipper,icra,zipper/broken_teeth/005,1,0.5091961026191711,a581fce1e3c236826600d7aa3437cdf92f99a3480c2b52a8cb11c1966f2e5ef8
zipper,icra,zipper/broken_teeth/006,1,0.8927404880523682,a581fce1e3c236826600d7aa3437cdf92f99a3480c2b52a8cb11c1966f2e5ef8
zipper,icra,zipper/broken_teeth/007,1,0.3940199315547943,a581fce1e3c236826600d7aa3437cdf92f99a3480c2b52a8cb11c1966f2e5ef8
zipper,icra,zipper/broken_teeth/008,1,0.8391987085342407,a581fce1e3c236826600d7aa3437cdf92f99a3480c2b52a8cb11c1966f2e5ef8
zipper,icra,zipper/broken_teeth/009,1,0.5354071855545044,a581fce1e3c236826600d7aa3437cdf92f99a3480c2b52a8cb11c1966f2e5ef8
zipper,icra,zipper/broken_teeth/010,1,0.5493215322494507,a581fce1e3c236826600d7aa3437cdf92f99a3480c2b52a8cb11c1966f2e5ef8
zipper,icra,zipper/broken_teeth/011,1,0.668184757232666,a581fce1e3c236826600d7aa3437cdf92f99a3480c2b52a8cb11c1966f2e5ef8
zipper,icra,zipper/broken_teeth/012,1,0.729448139667511,a581fce1e3c236826600d7aa3437cdf92f99a3480c2b52a8cb11c1966f2e5ef8
zipper,icra,zipper/broken_teeth/013,1,0.6748165488243103,a581fce1e3c236826600d7aa3437cdf92f99a3480c2b52a8cb11c1966f2e5ef8
zipper,icra,zipper/broken_teeth/014,1,0.7511633634567261,a581fce1e3c236826600d7aa3437cdf92f99a3480c2b52a8cb11c1966f2e5ef8
zipper,icra,zipper/broken_teeth/015,1,0.6072020530700684,a581fce1e3c236826600d7aa3437cdf92f99a3480c2b52a8cb11c1966f2e5ef8
zipper,icra,zipper/broken_teeth/016,1,0.48133549094200134,a581fce1e3c236826600d7aa3437cdf92f99a3480c2b52a8cb11c1966f2e5ef8
zipper,icra,zipper/broken_teeth/017,1,0.3304225504398346,a581fce1e3c236826600d7aa3437cdf92f99a3480c2b52a8cb11c1966f2e5ef8
zipper,icra,zipper/broken_teeth/018,1,0.836616039276123,a581fce1e3c236826600d7aa3437cdf92f99a3480c2b52a8cb11c1966f2e5ef8
zipper,icra,zipper/combined/000,1,0.8012686967849731,a581fce1e3c236826600d7aa3437cdf92f99a3480c2b52a8cb11c1966f2e5ef8
zipper,icra,zipper/combined/001,1,0.3975399136543274,a581fce1e3c236826600d7aa3437cdf92f99a3480c2b52a8cb11c1966f2e5ef8
zipper,icra,zipper/combined/002,1,0.7186563611030579,a581fce1e3c236826600d7aa3437cdf92f99a3480c2b52a8cb11c1966f2e5ef8
zipper,icra,zipper/combined/003,1,0.5440037846565247,a581fce1e3c236826600d7aa3437cdf92f99a3480c2b52a8cb11c1966f2e5ef8
zipper,icra,zipper/combined/004,1,0.32428085803985596,a581fce1e3c236826600d7aa3437cdf92f99a3480c2b52a8cb11c1966f2e5ef8
zipper,icra,zipper/combined/005,1,0.6715529561042786,a581fce1e3c236826600d7aa3437cdf92f99a3480c2b52a8cb11c1966f2e5ef8
zipper,icra,zipper/combined/006,1,0.6300715804100037,a581fce1e3c236826600d7aa3437cdf92f99a3480c2b52a8cb11c1966f2e5ef8
zipper,icra,zipper/combined/007,1,0.4278484284877777,a581fce1e3c236826600d7aa3437cdf92f99a3480c2b52a8cb11c1966f2e5ef8
zipper,icra,zipper/combined/008,1,0.3012910485267639,a581fce1e3c236826600d7aa3437cdf92f99a3480c2b52a8cb11c1966f2e5ef8
zipper,icra,zipper/combined/009,1,0.3939136266708374,a581fce1e3c236826600d7aa3437cdf92f99a3480c2b52a8cb11c1966f2e5ef8
zipper,icra,zipper/combined/010,1,0.3792707026004791,a581fce1e3c236826600d7aa3437cdf92f99a3480c2b52a8cb11c1966f2e5ef8
zipper,icra,zipper/combined/011,1,0.41077595949172974,a581fce1e3c236826600d7aa3437cdf92f99a3480c2b52a8cb11c1966f2e5ef8
zipper,icra,zipper/combined/012,1,0.35151997208595276,a581fce1e3c236826600d7aa3437cdf92f99a3480c2b52a8cb11c1966f2e5ef8
zipper,icra,zipper/combined/013,1,0.33616381883621216,a581fce1e3c236826600d7aa3437cdf92f99a3480c2b52a8cb11c1966f2e5ef8
zipper,icra,zipper/combined/014,1,0.863198459148407,a581fce1e3c236826600d7aa3437cdf92f99a3480c2b52a8cb11c1966f2e5ef8
zipper,icra,zipper/combined/015,1,0.8727213740348816,a581fce1e3c236826600d7aa3437cdf92f99a3480c2b52a8cb11c1966f2e5ef8
zipper,icra,zipper/fabric_border/000,1,0.7119492888450623,a581fce1e3c236826600d7aa3437cdf92f99a3480c2b52a8cb11c1966f2e5ef8
zipper,icra,zipper/fabric_border/001,1,0.5031532645225525,a581fce1e3c236826600d7aa3437cdf92f99a3480c2b52a8cb11c1966f2e5ef8
zipper,icra,zipper/fabric_border/002,1,0.39822298288345337,a581fce1e3c236826600d7aa3437cdf92f99a3480c2b52a8cb11c1966f2e5ef8
zipper,icra,zipper/fabric_border/003,1,0.30480289459228516,a581fce1e3c236826600d7aa3437cdf92f99a3480c2b52a8cb11c1966f2e5ef8
zipper,icra,zipper/fabric_border/004,1,0.37222662568092346,a581fce1e3c236826600d7aa3437cdf92f99a3480c2b52a8cb11c1966f2e5ef8
zipper,icra,zipper/fabric_border/005,1,0.9407902359962463,a581fce1e3c236826600d7aa3437cdf92f99a3480c2b52a8cb11c1966f2e5ef8
zipper,icra,zipper/fabric_border/006,1,0.3377053439617157,a581fce1e3c236826600d7aa3437cdf92f99a3480c2b52a8cb11c1966f2e5ef8
zipper,icra,zipper/fabric_border/007,1,0.4335710406303406,a581fce1e3c236826600d7aa3437cdf92f99a3480c2b52a8cb11c1966f2e5ef8
zipper,icra,zipper/fabric_border/008,1,0.3420276641845703,a581fce1e3c236826600d7aa3437cdf92f99a3480c2b52a8cb11c1966f2e5ef8
zipper,icra,zipper/fabric_border/009,1,0.4928455650806427,a581fce1e3c236826600d7aa3437cdf92f99a3480c2b52a8cb11c1966f2e5ef8
zipper,icra,zipper/fabric_border/010,1,0.5108950138092041,a581fce1e3c236826600d7aa3437cdf92f99a3480c2b52a8cb11c1966f2e5ef8
zipper,icra,zipper/fabric_border/011,1,0.3055975139141083,a581fce1e3c236826600d7aa3437cdf92f99a3480c2b52a8cb11c1966f2e5ef8
zipper,icra,zipper/fabric_border/012,1,0.4204999506473541,a581fce1e3c236826600d7aa3437cdf92f99a3480c2b52a8cb11c1966f2e5ef8
zipper,icra,zipper/fabric_border/013,1,0.8152972459793091,a581fce1e3c236826600d7aa3437cdf92f99a3480c2b52a8cb11c1966f2e5ef8
zipper,icra,zipper/fabric_border/014,1,0.36126020550727844,a581fce1e3c236826600d7aa3437cdf92f99a3480c2b52a8cb11c1966f2e5ef8
zipper,icra,zipper/fabric_border/015,1,0.7890116572380066,a581fce1e3c236826600d7aa3437cdf92f99a3480c2b52a8cb11c1966f2e5ef8
zipper,icra,zipper/fabric_border/016,1,0.5546371936798096,a581fce1e3c236826600d7aa3437cdf92f99a3480c2b52a8cb11c1966f2e5ef8
zipper,icra,zipper/fabric_interior/000,1,0.46111997961997986,a581fce1e3c236826600d7aa3437cdf92f99a3480c2b52a8cb11c1966f2e5ef8
zipper,icra,zipper/fabric_interior/001,1,0.3615184426307678,a581fce1e3c236826600d7aa3437cdf92f99a3480c2b52a8cb11c1966f2e5ef8
zipper,icra,zipper/fabric_interior/002,1,0.5300783514976501,a581fce1e3c236826600d7aa3437cdf92f99a3480c2b52a8cb11c1966f2e5ef8
zipper,icra,zipper/fabric_interior/003,1,0.4584376811981201,a581fce1e3c236826600d7aa3437cdf92f99a3480c2b52a8cb11c1966f2e5ef8
zipper,icra,zipper/fabric_interior/004,1,0.4471262991428375,a581fce1e3c236826600d7aa3437cdf92f99a3480c2b52a8cb11c1966f2e5ef8
zipper,icra,zipper/fabric_interior/005,1,0.3296758532524109,a581fce1e3c236826600d7aa3437cdf92f99a3480c2b52a8cb11c1966f2e5ef8
zipper,icra,zipper/fabric_interior/006,1,0.32799920439720154,a581fce1e3c236826600d7aa3437cdf92f99a3480c2b52a8cb11c1966f2e5ef8
zipper,icra,zipper/fabric_interior/007,1,0.36358997225761414,a581fce1e3c236826600d7aa3437cdf92f99a3480c2b52a8cb11c1966f2e5ef8
zipper,icra,zipper/fabric_interior/008,1,0.39264926314353943,a581fce1e3c236826600d7aa3437cdf92f99a3480c2b52a8cb11c1966f2e5ef8
zipper,icra,zipper/fabric_interior/009,1,0.4097249507904053,a581fce1e3c236826600d7aa3437cdf92f99a3480c2b52a8cb11c1966f2e5ef8
zipper,icra,zipper/fabric_interior/010,1,0.918111264705658,a581fce1e3c236826600d7aa3437cdf92f99a3480c2b52a8cb11c1966f2e5ef8
zipper,icra,zipper/fabric_interior/011,1,0.327183336019516,a581fce1e3c236826600d7aa3437cdf92f99a3480c2b52a8cb11c1966f2e5ef8
zipper,icra,zipper/fabric_interior/012,1,0.3550861179828644,a581fce1e3c236826600d7aa3437cdf92f99a3480c2b52a8cb11c1966f2e5ef8
zipper,icra,zipper/fabric_interior/013,1,0.3734124004840851,a581fce1e3c236826600d7aa3437cdf92f99a3480c2b52a8cb11c1966f2e5ef8
zipper,icra,zipper/fabric_interior/014,1,0.5244754552841187,a581fce1e3c236826600d7aa3437cdf92f99a3480c2b52a8cb11c1966f2e5ef8
zipper,icra,zipper/fabric_interior/015,1,0.6103573441505432,a581fce1e3c236826600d7aa3437cdf92f99a3480c2b52a8cb11c1966f2e5ef8
zipper,icra,zipper/good/000,0,0.6393463611602783,a581fce1e3c236826600d7aa3437cdf92f99a3480c2b52a8cb11c1966f2e5ef8
zipper,icra,zipper/good/001,0,0.6603214144706726,a581fce1e3c236826600d7aa3437cdf92f99a3480c2b52a8cb11c1966f2e5ef8
zipper,icra,zipper/good/002,0,0.3892991542816162,a581fce1e3c236826600d7aa3437cdf92f99a3480c2b52a8cb11c1966f2e5ef8
zipper,icra,zipper/good/003,0,0.5194321870803833,a581fce1e3c236826600d7aa3437cdf92f99a3480c2b52a8cb11c1966f2e5ef8
zipper,icra,zipper/good/004,0,0.44799599051475525,a581fce1e3c236826600d7aa3437cdf92f99a3480c2b52a8cb11c1966f2e5ef8
zipper,icra,zipper/good/005,0,0.7074899673461914,a581fce1e3c236826600d7aa3437cdf92f99a3480c2b52a8cb11c1966f2e5ef8
zipper,icra,zipper/good/006,0,0.7670894265174866,a581fce1e3c236826600d7aa3437cdf92f99a3480c2b52a8cb11c1966f2e5ef8
zipper,icra,zipper/good/007,0,0.632360577583313,a581fce1e3c236826600d7aa3437cdf92f99a3480c2b52a8cb11c1966f2e5ef8
zipper,icra,zipper/good/008,0,0.2948250472545624,a581fce1e3c236826600d7aa3437cdf92f99a3480c2b52a8cb11c1966f2e5ef8
zipper,icra,zipper/good/009,0,0.3644455671310425,a581fce1e3c236826600d7aa3437cdf92f99a3480c2b52a8cb11c1966f2e5ef8
zipper,icra,zipper/good/010,0,0.36101293563842773,a581fce1e3c236826600d7aa3437cdf92f99a3480c2b52a8cb11c1966f2e5ef8
zipper,icra,zipper/good/011,0,0.30445656180381775,a581fce1e3c236826600d7aa3437cdf92f99a3480c2b52a8cb11c1966f2e5ef8
zipper,icra,zipper/good/012,0,0.9190378785133362,a581fce1e3c236826600d7aa3437cdf92f99a3480c2b52a8cb11c1966f2e5ef8
zipper,icra,zipper/good/013,0,0.4754469394683838,a581fce1e3c236826600d7aa3437cdf92f99a3480c2b52a8cb11c1966f2e5ef8
zipper,icra,zipper/good/014,0,0.32536113262176514,a581fce1e3c236826600d7aa3437cdf92f99a3480c2b52a8cb11c1966f2e5ef8
zipper,icra,zipper/good/015,0,0.4887714385986328,a581fce1e3c236826600d7aa3437cdf92f99a3480c2b52a8cb11c1966f2e5ef8
zipper,icra,zipper/good/016,0,0.7925546169281006,a581fce1e3c236826600d7aa3437cdf92f99a3480c2b52a8cb11c1966f2e5ef8
zipper,icra,zipper/good/017,0,0.625836968421936,a581fce1e3c236826600d7aa3437cdf92f99a3480c2b52a8cb11c1966f2e5ef8
zipper,icra,zipper/good/018,0,0.6006419062614441,a581fce1e3c236826600d7aa3437cdf92f99a3480c2b52a8cb11c1966f2e5ef8
zipper,icra,zipper/good/019,0,0.44000673294067383,a581fce1e3c236826600d7aa3437cdf92f99a3480c2b52a8cb11c1966f2e5ef8
zipper,icra,zipper/good/020,0,0.4035917818546295,a581fce1e3c236826600d7aa3437cdf92f99a3480c2b52a8cb11c1966f2e5ef8
zipper,icra,zipper/good/021,0,0.4114624559879303,a581fce1e3c236826600d7aa3437cdf92f99a3480c2b52a8cb11c1966f2e5ef8
zipper,icra,zipper/good/022,0,0.5291503071784973,a581fce1e3c236826600d7aa3437cdf92f99a3480c2b52a8cb11c1966f2e5ef8
zipper,icra,zipper/good/023,0,0.33968180418014526,a581fce1e3c236826600d7aa3437cdf92f99a3480c2b52a8cb11c1966f2e5ef8
zipper,icra,zipper/good/024,0,0.6699522733688354,a581fce1e3c236826600d7aa3437cdf92f99a3480c2b52a8cb11c1966f2e5ef8
zipper,icra,zipper/good/025,0,0.40145495533943176,a581fce1e3c236826600d7aa3437cdf92f99a3480c2b52a8cb11c1966f2e5ef8
zipper,icra,zipper/good/026,0,0.5371671915054321,a581fce1e3c236826600d7aa3437cdf92f99a3480c2b52a8cb11c1966f2e5ef8
zipper,icra,zipper/good/027,0,0.6894599795341492,a581fce1e3c236826600d7aa3437cdf92f99a3480c2b52a8cb11c1966f2e5ef8
zipper,icra,zipper/good/028,0,0.36967799067497253,a581fce1e3c236826600d7aa3437cdf92f99a3480c2b52a8cb11c1966f2e5ef8
zipper,icra,zipper/good/029,0,0.45232126116752625,a581fce1e3c236826600d7aa3437cdf92f99a3480c2b52a8cb11c1966f2e5ef8
zipper,icra,zipper/good/030,0,0.6933412551879883,a581fce1e3c236826600d7aa3437cdf92f99a3480c2b52a8cb11c1966f2e5ef8
zipper,icra,zipper/good/031,0,0.7892005443572998,a581fce1e3c236826600d7aa3437cdf92f99a3480c2b52a8cb11c1966f2e5ef8
zipper,icra,zipper/rough/000,1,0.7555168271064758,a581fce1e3c236826600d7aa3437cdf92f99a3480c2b52a8cb11c1966f2e5ef8
zipper,icra,zipper/rough/001,1,0.3004724979400635,a581fce1e3c236826600d7aa3437cdf92f99a3480c2b52a8cb11c1966f2e5ef8
zipper,icra,zipper/rough/002,1,0.35326945781707764,a581fce1e3c236826600d7aa3437cdf92f99a3480c2b52a8cb11c1966f2e5ef8
zipper,icra,zipper/rough/003,1,0.6903681755065918,a581fce1e3c236826600d7aa3437cdf92f99a3480c2b52a8cb11c1966f2e5ef8
zipper,icra,zipper/rough/004,1,0.937782347202301,a581fce1e3c236826600d7aa3437cdf92f99a3480c2b52a8cb11c1966f2e5ef8
zipper,icra,zipper/rough/005,1,0.5321316123008728,a581fce1e3c236826600d7aa3437cdf92f99a3480c2b52a8cb11c1966f2e5ef8
zipper,icra,zipper/rough/006,1,0.4965246915817261,a581fce1e3c236826600d7aa3437cdf92f99a3480c2b52a8cb11c1966f2e5ef8
zipper,icra,zipper/rough/007,1,0.6316910982131958,a581fce1e3c236826600d7aa3437cdf92f99a3480c2b52a8cb11c1966f2e5ef8
zipper,icra,zipper/rough/008,1,0.5042559504508972,a581fce1e3c236826600d7aa3437cdf92f99a3480c2b52a8cb11c1966f2e5ef8
zipper,icra,zipper/rough/009,1,0.5634868144989014,a581fce1e3c236826600d7aa3437cdf92f99a3480c2b52a8cb11c1966f2e5ef8
zipper,icra,zipper/rough/010,1,0.8053374886512756,a581fce1e3c236826600d7aa3437cdf92f99a3480c2b52a8cb11c1966f2e5ef8
zipper,icra,zipper/rough/011,1,0.39815789461135864,a581fce1e3c236826600d7aa3437cdf92f99a3480c2b52a8cb11c1966f2e5ef8
zipper,icra,zipper/rough/012,1,0.5107492208480835,a581fce1e3c236826600d7aa3437cdf92f99a3480c2b52a8cb11c1966f2e5ef8
zipper,icra,zipper/rough/013,1,0.8966118097305298,a581fce1e3c236826600d7aa3437cdf92f99a3480c2b52a8cb11c1966f2e5ef8
zipper,icra,zipper/rough/014,1,0.6792514324188232,a581fce1e3c236826600d7aa3437cdf92f99a3480c2b52a8cb11c1966f2e5ef8
zipper,icra,zipper/rough/015,1,0.579961359500885,a581fce1e3c236826600d7aa3437cdf92f99a3480c2b52a8cb11c1966f2e5ef8
zipper,icra,zipper/rough/016,1,0.4202967584133148,a581fce1e3c236826600d7aa3437cdf92f99a3480c2b52a8cb11c1966f2e5ef8
zipper,icra,zipper/split_teeth/000,1,0.7740196585655212,a581fce1e3c236826600d7aa3437cdf92f99a3480c2b52a8cb11c1966f2e5ef8
zipper,icra,zipper/split_teeth/001,1,0.8746436834335327,a581fce1e3c236826600d7aa3437cdf92f99a3480c2b52a8cb11c1966f2e5ef8
zipper,icra,zipper/split_teeth/002,1,0.5847695469856262,a581fce1e3c236826600d7aa3437cdf92f99a3480c2b52a8cb11c1966f2e5ef8
zipper,icra,zipper/split_teeth/003,1,0.7151137590408325,a581fce1e3c236826600d7aa3437cdf92f99a3480c2b52a8cb11c1966f2e5ef8
zipper,icra,zipper/split_teeth/004,1,0.35716092586517334,a581fce1e3c236826600d7aa3437cdf92f99a3480c2b52a8cb11c1966f2e5ef8
zipper,icra,zipper/split_teeth/005,1,0.46284425258636475,a581fce1e3c236826600d7aa3437cdf92f99a3480c2b52a8cb11c1966f2e5ef8
zipper,icra,zipper/split_teeth/006,1,0.7151775360107422,a581fce1e3c236826600d7aa3437cdf92f99a3480c2b52a8cb11c1966f2e5ef8
zipper,icra,zipper/split_teeth/007,1,0.3833708167076111,a581fce1e3c236826600d7aa3437cdf92f99a3480c2b52a8cb11c1966f2e5ef8
zipper,icra,zipper/split_teeth/008,1,0.7057434320449829,a581fce1e3c236826600d7aa3437cdf92f99a3480c2b52a8cb11c1966f2e5ef8
zipper,icra,zipper/split_teeth/009,1,0.868838906288147,a581fce1e3c236826600d7aa3437cdf92f99a3480c2b52a8cb11c1966f2e5ef8
zipper,icra,zipper/split_teeth/010,1,0.767955482006073,a581fce1e3c236826600d7aa3437cdf92f99a3480c2b52a8cb11c1966f2e5ef8
zipper,icra,zipper/split_teeth/011,1,0.46463608741760254,a581fce1e3c236826600d7aa3437cdf92f99a3480c2b52a8cb11c1966f2e5ef8
zipper,icra,zipper/split_teeth/012,1,0.5261611342430115,a581fce1e3c236826600d7aa3437cdf92f99a3480c2b52a8cb11c1966f2e5ef8
zipper,icra,zipper/split_teeth/013,1,0.294270396232605,a581fce1e3c236826600d7aa3437cdf92f99a3480c2b52a8cb11c1966f2e5ef8
zipper,icra,zipper/split_teeth/014,1,0.4727797210216522,a581fce1e3c236826600d7aa3437cdf92f99a3480c2b52a8cb11c1966f2e5ef8
zipper,icra,zipper/split_teeth/015,1,0.3722001612186432,a581fce1e3c236826600d7aa3437cdf92f99a3480c2b52a8cb11c1966f2e5ef8
zipper,icra,zipper/split_teeth/016,1,0.6882747411727905,a581fce1e3c236826600d7aa3437cdf92f99a3480c2b52a8cb11c1966f2e5ef8
zipper,icra,zipper/split_teeth/017,1,0.3110344111919403,a581fce1e3c236826600d7aa3437cdf92f99a3480c2b52a8cb11c1966f2e5ef8
zipper,icra,zipper/squeezed_teeth/000,1,0.8478491902351379,a581fce1e3c236826600d7aa3437cdf92f99a3480c2b52a8cb11c1966f2e5ef8
zipper,icra,zipper/squeezed_teeth/001,1,0.6735956072807312,a581fce1e3c236826600d7aa3437cdf92f99a3480c2b52a8cb11c1966f2e5ef8
zipper,icra,zipper/squeezed_teeth/002,1,0.3454509675502777,a581fce1e3c236826600d7aa3437cdf92f99a3480c2b52a8cb11c1966f2e5ef8
zipper,icra,zipper/squeezed_teeth/003,1,0.630215585231781,a581fce1e3c236826600d7aa3437cdf92f99a3480c2b52a8cb11c1966f2e5ef8
zipper,icra,zipper/squeezed_teeth/004,1,0.3593349754810333,a581fce1e3c236826600d7aa3437cdf92f99a3480c2b52a8cb11c1966f2e5ef8
zipper,icra,zipper/squeezed_teeth/005,1,0.41040217876434326,a581fce1e3c236826600d7aa3437cdf92f99a3480c2b52a8cb11c1966f2e5ef8
zipper,icra,zipper/squeezed_teeth/006,1,0.4780605137348175,a581fce1e3c236826600d7aa3437cdf92f99a3480c2b52a8cb11c1966f2e5ef8
zipper,icra,zipper/squeezed_teeth/007,1,0.649811863899231,a581fce1e3c236826600d7aa3437cdf92f99a3480c2b52a8cb11c1966f2e5ef8
zipper,icra,zipper/squeezed_teeth/008,1,0.5018244981765747,a581fce1e3c236826600d7aa3437cdf92f99a3480c2b52a8cb11c1966f2e5ef8
zipper,icra,zipper/squeezed_teeth/009,1,0.5756347179412842,a581fce1e3c236826600d7aa3437cdf92f99a3480c2b52a8cb11c1966f2e5ef8
zipper,icra,zipper/squeezed_teeth/010,1,0.4330984354019165,a581fce1e3c236826600d7aa3437cdf92f99a3480c2b52a8cb11c1966f2e5ef8
zipper,icra,zipper/squeezed_teeth/011,1,0.7940298318862915,a581fce1e3c236826600d7aa3437cdf92f99a3480c2b52a8cb11c1966f2e5ef8
zipper,icra,zipper/squeezed_teeth/012,1,0.5011148452758789,a581fce1e3c236826600d7aa3437cdf92f99a3480c2b52a8cb11c1966f2e5ef8
zipper,icra,zipper/squeezed_teeth/013,1,0.6306146383285522,a581fce1e3c236826600d7aa3437cdf92f99a3480c2b52a8cb11c1966f2e5ef8
zipper,icra,zipper/squeezed_teeth/014,1,0.6356772184371948,a581fce1e3c236826600d7aa3437cdf92f99a3480c2b52a8cb11c1966f2e5ef8
zipper,icra,zipper/squeezed_teeth/015,1,0.3775383234024048,a581fce1e3c236826600d7aa3437cdf92f99a3480c2b52a8cb11c1966f2e5ef8
